{
  "active" : true,
  "appType" : false,
  "ars_properties" : {
    "dataVersion" : 5,
    "graph" : {
      "lastZoomRequest" : 0,
      "scale" : 1.4591586166290729,
      "translate" : [ 321.1321170326637, 57.797464123317184 ]
    },
    "groupSettings" : {
      "appGroupOpenHash" : {
        "actions" : true,
        "filters" : true,
        "flowControl" : true
      },
      "ctGroupOpenHash" : {
        "actions" : true,
        "mobile" : true
      },
      "ctServiceOpen" : false,
      "serviceGroupOpenHash" : { }
    },
    "paletteWidth" : 170,
    "propertyWidth" : 280
  },
  "ars_relationships" : [ ],
  "assembly" : {
    "Initiate" : {
      "additionalBehaviors" : [ {
        "behaviors" : [ {
          "description" : null,
          "name" : "NotifyTeam",
          "parameters" : [ {
            "name" : "collaboration",
            "type" : "reference",
            "value" : "collaboration"
          }, {
            "name" : "users",
            "type" : "expression",
            "value" : "[Context.username()]"
          } ],
          "type" : "activity",
          "uuid" : null
        } ],
        "condition" : "true",
        "description" : null,
        "name" : null,
        "uuid" : "32ceb3b6-11fb-492f-98f1-8f3588877af2"
      } ],
      "cancellationCondition" : [ ],
      "completionCondition" : [ ],
      "configuration" : {
        "condition" : "event.name == \"NotifyTeam\"",
        "entityRole" : "report",
        "inboundResource" : "types",
        "inboundResourceId" : "system.situations",
        "op" : "INSERT"
      },
      "continuationCondition" : [ ],
      "instanceParameters" : [ "report" ],
      "pattern" : "InitiateCollaboration",
      "uuid" : "65fa2c97-6181-44d3-8610-4957e27ce158"
    },
    "NotifyTeam" : {
      "additionalBehaviors" : [ ],
      "cancellationCondition" : [ ],
      "completionCondition" : [ ],
      "configuration" : {
        "body" : "A new pothole with description '${report.description}' has been created.",
        "clientName" : "UpdatePothole",
        "firstResponseBehaviors" : [ ],
        "responseBehaviors" : [ {
          "behaviors" : [ {
            "description" : null,
            "name" : "UpdateStatus",
            "parameters" : [ {
              "name" : "collaboration",
              "type" : "reference",
              "value" : "collaboration"
            }, {
              "name" : "instance",
              "type" : "expression",
              "value" : "{\"potholeID\":report.potholeID,\"status\":event.values.newStatus}"
            } ],
            "type" : "activity",
            "uuid" : null
          } ],
          "condition" : "true",
          "description" : null,
          "name" : "response",
          "uuid" : "20f1ba73-b9df-4382-ae48-3b687ec2cb9d"
        } ],
        "title" : "New Pothole Report"
      },
      "continuationCondition" : [ ],
      "instanceParameters" : [ "report" ],
      "pattern" : "Notification",
      "uuid" : "0eb7ec6c-d0e5-4f84-9699-9a27f5e11d15"
    },
    "UpdateStatus" : {
      "additionalBehaviors" : [ ],
      "cancellationCondition" : [ ],
      "completionCondition" : [ ],
      "configuration" : {
        "type" : "Pothole",
        "upsert" : true
      },
      "continuationCondition" : [ ],
      "instanceParameters" : [ "report" ],
      "pattern" : "Collaboration.SaveToType",
      "uuid" : "dc8fbcf8-b3eb-4655-9f29-24a790c24589"
    }
  },
  "collaboratorRoles" : [ ],
  "compilerOCC" : 17,
  "currentState" : {
    "code" : "success"
  },
  "description" : "",
  "disableBadging" : false,
  "entityRoles" : [ {
    "name" : "report",
    "type" : "Pothole"
  } ],
  "isComponent" : false,
  "keyTypes" : [ "system.collaborations" ],
  "name" : "NotifyTeam",
  "resourceBinding" : {
    "optionalResources" : [ ],
    "requiredResources" : [ {
      "resource" : "procedures",
      "resourceId" : "collaborations.NotifyTeam.UpdateStatus.start"
    }, {
      "resource" : "procedures",
      "resourceId" : "collaborations.NotifyTeam.NotifyTeam.start"
    }, {
      "resource" : "rules",
      "resourceId" : "collaborations.NotifyTeam.NotifyTeam_NotificationResponse"
    }, {
      "resource" : "rules",
      "resourceId" : "collaborations.NotifyTeam.Initiate_DetectCondition"
    }, {
      "resource" : "rules",
      "resourceId" : "collaborations.NotifyTeam.Initiate_NewCollaboration"
    }, {
      "resource" : "rules",
      "resourceId" : "collaborations.NotifyTeam.Initiate_CloseCollaboration"
    } ]
  }
}