{
  "active" : true,
  "ars_relationships" : [ ],
  "description" : null,
  "eventTypes" : {
    "SpeedEvent" : {
      "direction" : "OUTBOUND",
      "isReliable" : false
    },
    "TemperatureEvent" : {
      "direction" : "OUTBOUND",
      "isReliable" : false
    }
  },
  "globalType" : null,
  "interface" : [ ],
  "internalEventHandlers" : [ "/collaborationtypes/com.vantiq.engines.EngineMonitorSensors.IngestSensor0", "/collaborationtypes/com.vantiq.engines.EngineMonitorSensors.IngestSensor1" ],
  "name" : "com.vantiq.engines.EngineMonitorSensors",
  "partitionedType" : null,
  "replicationFactor" : 1,
  "scheduledProcedures" : { }
}