{
  "bodyChildren" : {
    "rootArray" : [ "5c0f0c6e-bcfc-4b08-8db9-01afbe5a8fda", "b7eff1e3-156a-4cb2-89e6-7d83829790de", "bfabdac1-0b55-4bac-824b-05cad38cb0c0", "7c0b3d0d-a9e3-4ffe-9221-0c14b7789f4b", "4981c049-ea2c-4699-85cc-5795619c68e1", "a8b1216c-8881-4b72-8dd0-296f7ff72b4e" ],
    "widgets" : [ {
      "borderColor" : "Default",
      "borderRadius" : 4,
      "borderThickness" : 1,
      "chartType" : "pie",
      "column" : -1,
      "dataStreamGroupedByFiltersString" : "",
      "dataStreamProperty" : "alertMsg",
      "dataStreamUUID" : "8d69c4a0-7d78-11ed-b416-ce99d91ceb09",
      "dataType" : null,
      "explodePercentage" : 0,
      "h" : 423,
      "heightPolicy" : "explicit",
      "horzGravity" : "center",
      "name" : "PieChart1",
      "operation" : "insert",
      "row" : -1,
      "showLegend" : true,
      "title" : "Alert Status",
      "type" : "PieChart",
      "uuid" : "4981c049-ea2c-4699-85cc-5795619c68e1",
      "v" : 17,
      "vertGravity" : "center",
      "w" : 423,
      "widthPolicy" : "explicit",
      "x" : 459,
      "y" : 218.78125,
      "zingChartConfig" : null
    }, {
      "borderColor" : "Default",
      "borderRadius" : 4,
      "borderThickness" : 0,
      "column" : -1,
      "fontFamily" : "inherit",
      "fontSize" : 20,
      "fontStyle" : "normal",
      "fontWeight" : "normal",
      "foregroundColor" : "#444444",
      "heightPolicy" : "naturalSize",
      "horzGravity" : "center",
      "name" : "StaticText2",
      "row" : -1,
      "text" : "Engine Simulation",
      "type" : "StaticText",
      "uuid" : "5c0f0c6e-bcfc-4b08-8db9-01afbe5a8fda",
      "v" : 17,
      "vertGravity" : "center",
      "widthPolicy" : "naturalSize",
      "x" : 443,
      "y" : 6.71875
    }, {
      "borderColor" : "Default",
      "borderRadius" : 4,
      "borderThickness" : 1,
      "column" : -1,
      "dataStreamGroupedByFiltersString" : "",
      "dataStreamProperty" : "temperature",
      "dataStreamUUID" : "8d69c4a0-7d78-11ed-b416-ce99d91ceb09",
      "dataType" : null,
      "h" : 130,
      "heightPolicy" : "explicit",
      "highZones" : "210:220",
      "horzGravity" : "center",
      "lowZones" : "180:200",
      "maximum" : 220,
      "mediumZones" : "200:210",
      "minimum" : 180,
      "name" : "Gauge2",
      "naturalKey" : null,
      "naturalKeyValue" : null,
      "operation" : "insert",
      "row" : -1,
      "title" : "Temperature",
      "type" : "Gauge",
      "uuid" : "7c0b3d0d-a9e3-4ffe-9221-0c14b7789f4b",
      "v" : 17,
      "vertGravity" : "center",
      "w" : 130,
      "widthPolicy" : "explicit",
      "x" : 750,
      "y" : 34.40625
    }, {
      "axisAutoRange" : false,
      "borderColor" : "Default",
      "borderRadius" : 4,
      "borderThickness" : 1,
      "column" : -1,
      "dataStreamGroupedByFiltersString" : "",
      "dataStreamUUID" : "8d69c4a1-7d78-11ed-b416-ce99d91ceb09",
      "dataType" : null,
      "displayThreshold" : "No",
      "h" : 300,
      "hasGridLines" : false,
      "heightPolicy" : "explicit",
      "horzGravity" : "center",
      "name" : "ColumnChart1",
      "naturalKey" : null,
      "operation" : "insert",
      "row" : -1,
      "showIn3D" : false,
      "showTrue3D" : true,
      "thresholdValue" : 0,
      "title" : "Speed",
      "type" : "ColumnChart",
      "uuid" : "a8b1216c-8881-4b72-8dd0-296f7ff72b4e",
      "v" : 17,
      "vertGravity" : "center",
      "w" : 400,
      "widthPolicy" : "explicit",
      "x" : 46,
      "xAxisProperty" : null,
      "xAxisTimetamp" : true,
      "y" : 340.65625,
      "yAxisProperties" : [ {
        "dataType" : "Integer",
        "label" : "speed",
        "selected" : false,
        "type" : "speed"
      } ],
      "zingChartConfig" : null
    }, {
      "axisAutoRange" : false,
      "borderColor" : "Default",
      "borderRadius" : 4,
      "borderThickness" : 1,
      "column" : -1,
      "dataStreamGroupedByFiltersString" : "",
      "dataStreamUUID" : "8d69c4a0-7d78-11ed-b416-ce99d91ceb09",
      "dataType" : null,
      "displayThreshold" : "No",
      "h" : 300,
      "hasGridLines" : false,
      "hasPoints" : false,
      "heightPolicy" : "explicit",
      "horzGravity" : "center",
      "isArea" : false,
      "name" : "LineChart1",
      "naturalKey" : null,
      "operation" : "insert",
      "row" : -1,
      "showIn3D" : false,
      "showTrue3D" : true,
      "thresholdValue" : 0,
      "title" : "Temperature",
      "type" : "LineChart",
      "uuid" : "b7eff1e3-156a-4cb2-89e6-7d83829790de",
      "v" : 17,
      "vertGravity" : "center",
      "w" : 400,
      "widthPolicy" : "explicit",
      "x" : 46,
      "xAxisProperty" : null,
      "xAxisTimetamp" : true,
      "y" : 40.09375,
      "yAxisProperties" : [ {
        "dataType" : "Integer",
        "label" : "temperature",
        "selected" : false,
        "type" : "temperature"
      } ],
      "zingChartConfig" : null
    }, {
      "borderColor" : "Default",
      "borderRadius" : 4,
      "borderThickness" : 1,
      "column" : -1,
      "dataStreamGroupedByFiltersString" : "",
      "dataStreamProperty" : "speed",
      "dataStreamUUID" : "8d69c4a1-7d78-11ed-b416-ce99d91ceb09",
      "dataType" : null,
      "h" : 130,
      "heightPolicy" : "explicit",
      "highZones" : "55:65",
      "horzGravity" : "center",
      "lowZones" : "0:45",
      "maximum" : 65,
      "mediumZones" : "45:55",
      "minimum" : 0,
      "name" : "Gauge1",
      "naturalKey" : null,
      "naturalKeyValue" : null,
      "operation" : "insert",
      "row" : -1,
      "title" : "Speed",
      "type" : "Gauge",
      "uuid" : "bfabdac1-0b55-4bac-824b-05cad38cb0c0",
      "v" : 17,
      "vertGravity" : "center",
      "w" : 130,
      "widthPolicy" : "explicit",
      "x" : 460,
      "y" : 39.40625
    } ]
  },
  "data" : {
    "properties" : { }
  },
  "footerChildren" : [ ],
  "hasFooter" : false,
  "layoutType" : "browser"
}