{
  "ars_properties": {
    "graph": {
      "scale": 6.368242360929747,
      "translate": [
        381,
        362.5
      ],
      "lastZoomRequest": 3,
      "positions": {
        "Input": {
          "x": 0,
          "y": 0
        }
      }
    },
    "groups": {
      "aicomponents.resources": true,
      "aicomponents.primitives": true
    },
    "v": 1
  },
  "assembly": {
    "Input": {
      "component": "io.vantiq.ai.components.InitialInput",
      "configuration": {},
      "enableAuditing": false,
      "children": []
    }
  },
  "isComponent": false,
  "isPrivate": false,
  "name": "runtimeConfig",
  "returnType": null,
  "serviceName": "com.vantiq.genai.TutorialService",
  "disableTracing": false
}