{
  "active" : true,
  "appType" : true,
  "ars_properties" : {
    "dataVersion" : 5,
    "graph" : {
      "coordinates" : {
        "Ingest" : {
          "x" : 0,
          "y" : -5
        },
        "IngestTemperature" : {
          "x" : 0,
          "y" : 0
        },
        "Publish" : {
          "x" : 0,
          "y" : 95
        },
        "PublishTemperature" : {
          "x" : 0,
          "y" : 100
        }
      },
      "lastZoomRequest" : 0,
      "scale" : 1.105677177136564,
      "translate" : [ 340.26490212523134, 91.05232404799987 ]
    },
    "groupSettings" : {
      "appGroupOpenHash" : {
        "actions" : true,
        "filters" : true,
        "flowControl" : true
      },
      "ctGroupOpenHash" : {
        "actions" : true,
        "mobile" : true
      },
      "ctServiceOpen" : false,
      "serviceGroupOpenHash" : { }
    },
    "isHidden" : false,
    "paletteWidth" : 170,
    "propertyWidth" : 280
  },
  "ars_relationships" : [ ],
  "assembly" : {
    "IngestTemperature" : {
      "configuration" : {
        "childStreams" : [ "PublishTemperature" ],
        "condition" : "",
        "eventTypeName" : null,
        "inboundResource" : "sources",
        "inboundResourceId" : "com.vantiq.engines.TemperatureSensor",
        "op" : null,
        "outboundResource" : null,
        "outboundResourceConfig" : null,
        "outboundResourceId" : null,
        "parentStreams" : [ ],
        "schema" : null,
        "upsert" : false
      },
      "context" : "Ingest",
      "downstreamReferences" : { },
      "pattern" : "EventStream",
      "patternVersion" : 2,
      "uuid" : "fa93ad94-6592-429c-8068-54fcf97188b6"
    },
    "PublishTemperature" : {
      "configuration" : {
        "childStreams" : null,
        "eventTypeName" : "TemperatureEvent",
        "parentStreams" : [ "IngestTemperature" ],
        "processedByClause" : null,
        "service" : "com.vantiq.engines.IngestExternalSensorEventsService"
      },
      "context" : "Publish",
      "downstreamReferences" : { },
      "pattern" : "PublishToService",
      "patternVersion" : 1,
      "uuid" : "9af4bd2c-d027-4395-b945-58180d2212f4"
    }
  },
  "collaboratorRoles" : [ ],
  "contextualizedAssembly" : {
    "Ingest" : {
      "children" : [ "Transform" ],
      "description" : "The events arriving from the external source",
      "name" : "Ingest",
      "type" : "Ingest",
      "uuid" : "81735996-ef7e-47ca-aee2-3c4cd16c797d"
    },
    "Publish" : {
      "children" : [ ],
      "description" : "Publish the transformed event back to the external source for additional processing",
      "name" : "Publish",
      "type" : "React",
      "uuid" : "ad6f4da9-1b21-4634-bd44-2d3ee017e6f7"
    }
  },
  "disableBadging" : false,
  "entityRoles" : [ ],
  "isComponent" : false,
  "isEventHandler" : true,
  "keyTypes" : [ "system.collaborations" ],
  "name" : "com.vantiq.engines.IngestExternalSensorEventsService.IngestExternalEvents1"
}