{
  "active" : true,
  "appType" : false,
  "assembly" : {
    "Initiate" : {
      "additionalBehaviors" : [ {
        "behaviors" : [ {
          "description" : null,
          "name" : "NotifyReporter",
          "parameters" : [ {
            "name" : "collaboration",
            "type" : "reference",
            "value" : "collaboration"
          }, {
            "name" : "users",
            "type" : "expression",
            "value" : "report.reporter"
          } ],
          "type" : "activity"
        } ],
        "condition" : "true",
        "description" : null,
        "name" : null
      } ],
      "cancellationCondition" : [ ],
      "completionCondition" : [ ],
      "configuration" : {
        "entityRole" : "report",
        "initialTrigger" : "WHEN INSERT OCCURS ON ArsSituation AS situation WHERE situation.name == \"NotifyReporter\""
      },
      "continuationCondition" : [ ],
      "description" : null,
      "instanceParameters" : [ "report" ],
      "pattern" : "InitiateCollaboration"
    },
    "NotifyReporter" : {
      "additionalBehaviors" : [ ],
      "cancellationCondition" : [ ],
      "completionCondition" : [ ],
      "configuration" : {
        "body" : "Your pothole report has been updated with the following status: '${report.status}'.",
        "clientName" : "AcknowledgeUpdate",
        "firstResponseBehaviors" : [ ],
        "pushSourceName" : null,
        "responseBehaviors" : [ ],
        "title" : "Pothole Update"
      },
      "continuationCondition" : [ ],
      "description" : null,
      "instanceParameters" : [ "report" ],
      "pattern" : "Notification"
    }
  },
  "collaboratorRoles" : [ ],
  "currentState" : {
    "code" : "success"
  },
  "description" : "",
  "entityRoles" : [ {
    "name" : "report",
    "type" : "Pothole"
  } ],
  "keyTypes" : [ "system.collaborations" ],
  "name" : "NotifyReporter"
}