{
  "active" : true,
  "ars_relationships" : [ ],
  "boundEventTypePaths" : {
    "SpeedEvent" : "/topics/com.vantiq.engines.EngineMonitor/SpeedEvent/handler/inbound",
    "TempEvent" : "/topics/com.vantiq.engines.EngineMonitor/TempEvent/handler/inbound"
  },
  "compilerOCC" : 11,
  "description" : "Determine if there is an engine malfunction.",
  "eventTypes" : {
    "EngineMalfunction" : {
      "description" : "alerts produced when an engine is malfunctioning",
      "direction" : "OUTBOUND",
      "eventSchema" : "com.vantiq.engines.EngineMonitor_EngineMalfunction",
      "implementingEventPath" : "/topics//com.vantiq.engines.EngineMonitor/EngineMalfunction/outbound",
      "isReliable" : false
    },
    "OutboundSpeed" : {
      "direction" : "OUTBOUND",
      "eventSchema" : "com.vantiq.engines.EngineMonitor_SpeedEvent",
      "implementingEventPath" : "/topics//outbound/engine/speed",
      "isReliable" : false
    },
    "OutboundTemp" : {
      "direction" : "OUTBOUND",
      "eventSchema" : "com.vantiq.engines.EngineMonitor_TempEvent",
      "implementingEventPath" : "/topics//outbound/engine/temp",
      "isReliable" : false
    },
    "SpeedEvent" : {
      "description" : "events produced by the engine speed sensors",
      "direction" : "INBOUND",
      "eventSchema" : "com.vantiq.engines.EngineMonitor_SpeedEvent",
      "implementingResource" : "/collaborationtypes/com.vantiq.engines.EngineMonitor_SpeedEvent_EventHandler"
    },
    "TempEvent" : {
      "description" : "events produced by the engine temperature sensors",
      "direction" : "INBOUND",
      "eventSchema" : "com.vantiq.engines.EngineMonitor_TempEvent",
      "implementingResource" : "/collaborationtypes/com.vantiq.engines.EngineMonitor_TempEvent_EventHandler"
    }
  },
  "globalType" : null,
  "hasExplicitInterface" : true,
  "name" : "com.vantiq.engines.EngineMonitor",
  "partitionedType" : null,
  "resourceBinding" : {
    "optionalResources" : [ ],
    "requiredResources" : [ {
      "relationships" : [ "implemented_by" ],
      "resource" : "topics",
      "resourceId" : "/outbound/engine/speed"
    }, {
      "resource" : "types",
      "resourceId" : "com.vantiq.engines.EngineMonitor_SpeedEvent"
    }, {
      "relationships" : [ "implemented_by" ],
      "resource" : "topics",
      "resourceId" : "/outbound/engine/temp"
    }, {
      "resource" : "types",
      "resourceId" : "com.vantiq.engines.EngineMonitor_TempEvent"
    }, {
      "relationships" : [ "implemented_by" ],
      "resource" : "topics",
      "resourceId" : "/com.vantiq.engines.EngineMonitor/EngineMalfunction/outbound"
    }, {
      "resource" : "types",
      "resourceId" : "com.vantiq.engines.EngineMonitor_EngineMalfunction"
    }, {
      "relationships" : [ "implemented_by" ],
      "resource" : "collaborationtypes",
      "resourceId" : "com.vantiq.engines.EngineMonitor_SpeedEvent_EventHandler"
    }, {
      "resource" : "topics",
      "resourceId" : "/com.vantiq.engines.EngineMonitor/SpeedEvent/handler/inbound"
    }, {
      "relationships" : [ "implemented_by" ],
      "resource" : "collaborationtypes",
      "resourceId" : "com.vantiq.engines.EngineMonitor_TempEvent_EventHandler"
    }, {
      "resource" : "topics",
      "resourceId" : "/com.vantiq.engines.EngineMonitor/TempEvent/handler/inbound"
    } ]
  },
  "scheduledProcedures" : { }
}