{
  "active" : true,
  "appType" : true,
  "ars_properties" : {
    "dataVersion" : 5,
    "graph" : {
      "lastZoomRequest" : 0,
      "scale" : 0.5601766810624808,
      "translate" : [ 204.0350187043178, 94.60436077608892 ]
    },
    "groupSettings" : {
      "appGroupOpenHash" : {
        "component" : true
      },
      "ctGroupOpenHash" : {
        "actions" : true,
        "mobile" : true
      },
      "ctServiceOpen" : false,
      "serviceGroupOpenHash" : { }
    },
    "paletteWidth" : 170,
    "propertyWidth" : 280
  },
  "ars_relationships" : [ ],
  "assembly" : {
    "DetectMalfunction" : {
      "configuration" : {
        "MalfunctionDetected" : [ "EngineMalfunction" ],
        "TransformedEvent" : [ "OutboundSpeed" ],
        "maxSpeed" : null,
        "maxTemperature" : null,
        "parentStreams" : [ ],
        "sensorProp" : "speed",
        "transformation" : null
      },
      "downstreamReferences" : { },
      "downstreamUUIDS" : {
        "MalfunctionDetected" : "acc73a25-55f9-45b7-ab27-833f249a0bad",
        "TransformedEvent" : "6c4e9a0b-ecfd-4558-9e47-478fcbb9ab2e"
      },
      "isComponent" : true,
      "pattern" : "DetectMalfunction",
      "rootTask" : "DetectMalfunction_Transformation",
      "uuid" : "d5cc7208-3d25-457f-ba0a-0b885c1f7761"
    },
    "DetectMalfunction_SplitBySystemId" : {
      "componentReference" : "DetectMalfunction",
      "configuration" : {
        "childStreams" : [ "DetectMalfunction_UpdateState" ],
        "enableBadging" : true,
        "groupBy" : "event.systemId",
        "parentStreams" : [ "DetectMalfunction_Transformation" ]
      },
      "downstreamReferences" : { },
      "name" : "DetectMalfunction_SplitBySystemId",
      "pattern" : "SplitByGroup",
      "patternVersion" : 1
    },
    "DetectMalfunction_Transformation" : {
      "componentReference" : "DetectMalfunction",
      "configuration" : {
        "childStreams" : [ "OutboundSpeed", "DetectMalfunction_SplitBySystemId" ],
        "enableBadging" : true,
        "parentStreams" : [ "EventStream" ],
        "transformInPlace" : false,
        "transformation" : {
          "speed" : {
            "expression" : "event.speed",
            "type" : "expression"
          },
          "systemId" : {
            "expression" : "event.systemId",
            "type" : "expression"
          },
          "temperature" : {
            "expression" : "event.temperature",
            "type" : "expression"
          }
        },
        "upsert" : false
      },
      "downstreamReference" : "TransformedEvent",
      "downstreamReferences" : { },
      "isRoot" : true,
      "name" : "DetectMalfunction_Transformation",
      "pattern" : "Transformation",
      "patternVersion" : 1
    },
    "DetectMalfunction_UpdateState" : {
      "componentReference" : "DetectMalfunction",
      "configuration" : {
        "childStreams" : [ "DetectMalfunction_generateAlertMessage" ],
        "enableBadging" : true,
        "imports" : null,
        "outboundBehavior" : "Emit original event",
        "outboundProperty" : null,
        "parentStreams" : [ "DetectMalfunction_SplitBySystemId" ],
        "procedure" : {
          "vailScript" : "// If there wasn't a previous value for this id, create a new entry with the systemId\nif (!state) {\n    state = {systemId : event.systemId}\n}\n\n// If this event included a sensor reading, update the stored sensor reading\nif (event[\"speed\"]) {\n    state[\"speed\"] = event[\"speed\"]\n}"
        },
        "schema" : null
      },
      "downstreamReferences" : { },
      "name" : "DetectMalfunction_UpdateState",
      "pattern" : "AccumulateState",
      "patternVersion" : 1
    },
    "DetectMalfunction_generateAlertMessage" : {
      "componentReference" : "DetectMalfunction",
      "configuration" : {
        "childStreams" : [ "DetectMalfunction_isMalfunctionDetected" ],
        "enableBadging" : true,
        "parameters" : {
          "maxSpeed" : "45",
          "maxTemp" : "210",
          "sensorEvent" : "event",
          "systemId" : "event.systemId"
        },
        "parentStreams" : [ "DetectMalfunction_UpdateState" ],
        "procedure" : "com.vantiq.engines.EngineMonitor.generateAlertMessage",
        "returnBehavior" : "Use Return Value as Outbound event"
      },
      "downstreamReferences" : { },
      "name" : "DetectMalfunction_generateAlertMessage",
      "pattern" : "Procedure",
      "patternVersion" : 1
    },
    "DetectMalfunction_isMalfunctionDetected" : {
      "componentReference" : "DetectMalfunction",
      "configuration" : {
        "childStreams" : [ "EngineMalfunction" ],
        "condition" : "event.alertMsg != null",
        "enableBadging" : true,
        "parentStreams" : [ "DetectMalfunction_generateAlertMessage" ],
        "upsert" : false
      },
      "downstreamReference" : "MalfunctionDetected",
      "downstreamReferences" : { },
      "name" : "DetectMalfunction_isMalfunctionDetected",
      "pattern" : "Filter",
      "patternVersion" : 1
    },
    "EngineMalfunction" : {
      "configuration" : {
        "parentStreams" : [ "DetectMalfunction_isMalfunctionDetected" ],
        "topic" : "/com.vantiq.engines.EngineMonitor/EngineMalfunction/outbound"
      },
      "downstreamReferences" : { },
      "pattern" : "PublishToTopic",
      "patternVersion" : 1,
      "uuid" : "168a8b1a-1ac5-4c54-8184-344e6536066c"
    },
    "EventStream" : {
      "configuration" : {
        "childStreams" : [ "DetectMalfunction" ],
        "inboundResource" : "topics",
        "inboundResourceId" : "/com.vantiq.engines.EngineMonitor/SpeedEvent/handler/inbound",
        "parentStreams" : [ ]
      },
      "downstreamReferences" : { },
      "pattern" : "EventStream",
      "patternVersion" : 1,
      "uuid" : "bf7d9c5e-fcec-4f35-b84d-6111152828e2"
    },
    "OutboundSpeed" : {
      "configuration" : {
        "parentStreams" : [ "DetectMalfunction_Transformation" ],
        "topic" : "/outbound/engine/speed"
      },
      "downstreamReferences" : { },
      "pattern" : "PublishToTopic",
      "patternVersion" : 1,
      "uuid" : "d8b23334-cf3e-4301-952c-71872f850c7d"
    }
  },
  "boundService" : "com.vantiq.engines.EngineMonitor",
  "collaboratorRoles" : [ ],
  "disableBadging" : false,
  "entityRoles" : [ ],
  "isComponent" : false,
  "isEventHandler" : true,
  "keyTypes" : [ "system.collaborations" ],
  "name" : "com.vantiq.engines.EngineMonitor_SpeedEvent_EventHandler"
}