{
  "ars_relationships" : [ ],
  "contents" : {
    "groups" : [ ],
    "links" : [ {
      "from" : "9b682b50-3376-42e7-88c4-34d7092aada1",
      "to" : "24d58c0e-c082-4dfc-8e13-30efa8f85d5c"
    }, {
      "from" : "24d58c0e-c082-4dfc-8e13-30efa8f85d5c",
      "to" : "9e1b65fa-8394-4780-9f83-702061b68040"
    }, {
      "from" : "9e1b65fa-8394-4780-9f83-702061b68040",
      "to" : "820bfb23-67ea-4c20-8316-12d72f8fd244"
    }, {
      "from" : "820bfb23-67ea-4c20-8316-12d72f8fd244",
      "to" : "7c8ac941-cb02-418f-924e-4ac12c29d4f4"
    }, {
      "from" : "7c8ac941-cb02-418f-924e-4ac12c29d4f4",
      "to" : "6837a639-dcbe-437c-b914-44aa741ce9b1"
    }, {
      "from" : "7ba30d9f-e4d6-4f9c-a84e-a56466de70f2",
      "to" : "d3dcd670-5362-44aa-82cd-29475af4dc91"
    } ],
    "objects" : [ {
      "checked" : false,
      "h" : 100,
      "label" : "PotholeReporter",
      "type" : 26,
      "uuid" : "9b682b50-3376-42e7-88c4-34d7092aada1",
      "w" : 121.4951171875,
      "x" : -10005.575995190766,
      "y" : -9946.587491542541
    }, {
      "checked" : false,
      "h" : 100,
      "label" : "Report Received",
      "type" : 24,
      "uuid" : "24d58c0e-c082-4dfc-8e13-30efa8f85d5c",
      "w" : 100,
      "x" : -9869.930726009434,
      "y" : -9946.587491542541
    }, {
      "checked" : false,
      "h" : 100,
      "label" : "Store Report",
      "type" : 25,
      "uuid" : "9e1b65fa-8394-4780-9f83-702061b68040",
      "w" : 100,
      "x" : -9754.118497691228,
      "y" : -9946.587491542541
    }, {
      "checked" : false,
      "h" : 100,
      "label" : "Fix Order Issued",
      "type" : 24,
      "uuid" : "820bfb23-67ea-4c20-8316-12d72f8fd244",
      "w" : 100,
      "x" : -9754.118497691228,
      "y" : -9790.44876115683
    }, {
      "checked" : false,
      "h" : 100,
      "label" : "Notify Team",
      "type" : 25,
      "uuid" : "7c8ac941-cb02-418f-924e-4ac12c29d4f4",
      "w" : 100,
      "x" : -9869.930726009434,
      "y" : -9790.44876115683
    }, {
      "checked" : false,
      "h" : 100,
      "label" : "Update Status",
      "type" : 25,
      "uuid" : "6837a639-dcbe-437c-b914-44aa741ce9b1",
      "w" : 100,
      "x" : -9994.828436597016,
      "y" : -9790.44876115683
    }, {
      "checked" : false,
      "h" : 100,
      "label" : "Status Updated",
      "type" : 24,
      "uuid" : "7ba30d9f-e4d6-4f9c-a84e-a56466de70f2",
      "w" : 100,
      "x" : -9570.388814438074,
      "y" : -9946.587491542541
    }, {
      "checked" : false,
      "h" : 100,
      "label" : "Notify Reporter",
      "type" : 25,
      "uuid" : "d3dcd670-5362-44aa-82cd-29475af4dc91",
      "w" : 100,
      "x" : -9570.388814438074,
      "y" : -9790.44876115683
    } ],
    "prefs" : {
      "customTheme" : {
        "label" : "Custom",
        "name" : "custom",
        "noteColors" : [ "#d0d3da", "#d0d3da", "#d0d3da", "#d0d3da", "#d0d3da" ]
      },
      "scaleAndTranslationState" : {
        "lastZoomRequest" : 0,
        "scale" : 0.8133791981321268,
        "translate" : [ 8261.35570284487, 8306.347709708713 ]
      },
      "showGroups" : false,
      "theme" : {
        "label" : "Standard",
        "name" : "standard",
        "noteColors" : [ "#FDAB43", "#F1509A", "#56BFC0", "#F583A9", "#FF4B62" ]
      },
      "themeName" : "standard"
    },
    "timestamp" : "2023-01-26T17:15:08.877Z"
  },
  "description" : "No description given",
  "name" : "Pothole"
}