{
  "ars_relationships" : [ ],
  "links" : [ {
    "source" : "services/example.oip.InferService",
    "target" : "document/example.oip.InferService.js"
  }, {
    "source" : "procedure/example.oip.InferService.isServerReady",
    "target" : "services/example.oip.InferService"
  }, {
    "source" : "services/example.oip.InferService",
    "target" : "procedure/example.oip.InferService.isServerReady"
  }, {
    "source" : "procedure/example.oip.InferService.isServerReady",
    "target" : "source/example.oip.TritonServer"
  }, {
    "source" : "services/example.oip.InferService",
    "target" : "procedure/example.oip.InferService.dotProduct"
  }, {
    "source" : "procedure/example.oip.InferService.dotProduct",
    "target" : "services/example.oip.InferService"
  }, {
    "source" : "procedure/example.oip.InferService.dotProduct",
    "target" : "source/example.oip.TritonServer"
  }, {
    "source" : "services/example.oip.InferService",
    "target" : "procedure/example.oip.InferService.reverseImage"
  }, {
    "source" : "procedure/example.oip.InferService.reverseImage",
    "target" : "services/example.oip.InferService"
  }, {
    "source" : "procedure/example.oip.InferService.reverseImage",
    "target" : "source/example.oip.TritonServer"
  }, {
    "source" : "services/example.oip.InferService",
    "target" : "procedure/example.oip.InferService.classifyImage"
  }, {
    "source" : "procedure/example.oip.InferService.classifyImage",
    "target" : "services/example.oip.InferService"
  }, {
    "source" : "procedure/example.oip.InferService.classifyImage",
    "target" : "source/example.oip.TritonServer"
  } ],
  "name" : "OpenInference",
  "options" : {
    "description" : "This project contains the service, source and supporting resources created during the [Open Inference Tutorial](/docs/system/tutorials/openinference/index.html). It demonstrates how to use a Remote source to connect to AI models hosted on an inference server that supports the [Open Inference Protocol](/docs/system/openinference/index.html).\n\nBefore invoking any `InferService` procedure, you must adjust the `TritonServer` source URI, replacing the URI `host_IP` with the IP address of the machine running the Triton Inference Server.\n\nThe resource document `model_repository.zip` contains the tutorial model definitions. It should be extracted into your *tutorial directory*. Note that the Vision Transformer (ViT) ONNX model is not included in the zip file. You still need to download this model as instructed in the tutorial.",
    "dockCollapsed" : {
      "bottom" : true,
      "left" : false,
      "right" : false,
      "top" : false,
      "viewtabs" : false
    },
    "dockDimensions" : {
      "bottom" : 200,
      "debug" : [ 0, 0, 0 ],
      "left" : 351,
      "right" : 220,
      "top" : 0,
      "viewtabs" : 0
    },
    "filterBitArray" : "ffffffffffffffffffffffffffffffff",
    "isModeloProject" : true,
    "layoutStyle" : "flex",
    "openFolders" : [ "document", "example.oip", "example.oip/services", "example.oip/source" ],
    "partitionsSettings" : { },
    "rootViewFlavor" : 5,
    "showGrid" : true,
    "structure" : {
      "fraction" : 1,
      "groups" : [ {
        "fraction" : 0.5933862047477844,
        "type" : "L[2]"
      }, {
        "fraction" : 0.40661379525221564,
        "type" : "L[1]"
      } ],
      "type" : "RH"
    },
    "type" : "dev",
    "v" : 6,
    "viewUUID" : "MAINVIEW"
  },
  "partitions" : [ ],
  "resources" : [ {
    "name" : "cat.jpg",
    "resourceReference" : "/documents/cat.jpg",
    "timestamp" : "2025-08-14T03:42:49.736Z",
    "type" : 19
  }, {
    "label" : "example.oip.InferService",
    "name" : "example.oip.InferService",
    "resourceReference" : "/services/example.oip.InferService",
    "timestamp" : "2025-08-14T03:42:49.760Z",
    "type" : 63
  }, {
    "label" : "example.oip.InferService.classifyImage",
    "name" : "example.oip.InferService.classifyImage",
    "packageName" : "example.oip",
    "procedureName" : "classifyImage",
    "resourceReference" : "/procedures/example.oip.InferService.classifyImage",
    "serviceName" : "InferService",
    "timestamp" : "2025-08-14T03:42:49.914Z",
    "type" : 3
  }, {
    "label" : "example.oip.InferService.dotProduct",
    "name" : "example.oip.InferService.dotProduct",
    "packageName" : "example.oip",
    "procedureName" : "dotProduct",
    "resourceReference" : "/procedures/example.oip.InferService.dotProduct",
    "serviceName" : "InferService",
    "timestamp" : "2025-08-14T03:42:49.914Z",
    "type" : 3
  }, {
    "label" : "example.oip.InferService.isServerReady",
    "name" : "example.oip.InferService.isServerReady",
    "packageName" : "example.oip",
    "procedureName" : "isServerReady",
    "resourceReference" : "/procedures/example.oip.InferService.isServerReady",
    "serviceName" : "InferService",
    "timestamp" : "2025-08-14T03:42:49.914Z",
    "type" : 3
  }, {
    "label" : "example.oip.InferService.js",
    "name" : "example.oip.InferService.js",
    "resourceReference" : "/documents/example.oip.InferService.js",
    "timestamp" : "2025-08-14T03:42:49.868Z",
    "type" : 19
  }, {
    "label" : "example.oip.InferService.reverseImage",
    "name" : "example.oip.InferService.reverseImage",
    "packageName" : "example.oip",
    "procedureName" : "reverseImage",
    "resourceReference" : "/procedures/example.oip.InferService.reverseImage",
    "serviceName" : "InferService",
    "timestamp" : "2025-08-14T03:42:49.916Z",
    "type" : 3
  }, {
    "label" : "example.oip.TritonServer",
    "name" : "example.oip.TritonServer",
    "resourceReference" : "/sources/example.oip.TritonServer",
    "timestamp" : "2025-08-14T03:42:49.599Z",
    "type" : 4
  }, {
    "name" : "model_repository.zip",
    "resourceReference" : "/documents/model_repository.zip",
    "timestamp" : "2025-08-14T03:42:49.736Z",
    "type" : 19
  } ],
  "tools" : [ {
    "isPinned" : false,
    "name" : "Errors",
    "type" : 13
  }, {
    "dockLocation" : "top",
    "isPinned" : false,
    "name" : "Inactive Panes",
    "type" : 99
  }, {
    "isPinned" : false,
    "name" : "Project Contents",
    "type" : 2
  }, {
    "isPinned" : false,
    "name" : "Project Description",
    "pane" : {
      "address" : "RH[1]/L[0]",
      "isActive" : true,
      "isActiveTool" : true
    },
    "state" : 8,
    "type" : 82
  }, {
    "isPinned" : false,
    "name" : "example.oip.InferService",
    "pane" : {
      "address" : "RH[0]/L[0]",
      "isActive" : true
    },
    "resourceKey" : "services/example.oip.InferService",
    "state" : 8,
    "type" : 109
  }, {
    "isPinned" : false,
    "name" : "example.oip.TritonServer",
    "pane" : {
      "address" : "RH[0]/L[1]"
    },
    "resourceKey" : "source/example.oip.TritonServer",
    "state" : 8,
    "type" : 5
  } ],
  "type" : "dev",
  "views" : [ {
    "name" : "Project Contents",
    "projectToolKeys" : [ "errorviewer/Errors", "tiledock/Inactive Panes", "list/Project Contents", "projectdescription/Project Description", "services/example.oip.InferService", "subsourceeditor/example.oip.TritonServer" ]
  } ]
}