{
  "ars_relationships" : [ ],
  "links" : [ {
    "source" : "services/patient.monitoring.HeartRate",
    "target" : "document/patient.monitoring.HeartRate.js"
  }, {
    "source" : "services/patient.monitoring.HeartRate",
    "target" : "procedure/patient.monitoring.HeartRate.generateHeartRate"
  }, {
    "source" : "procedure/patient.monitoring.HeartRate.generateHeartRate",
    "target" : "services/patient.monitoring.HeartRate"
  }, {
    "source" : "client/PatientResponse",
    "target" : "topic//vantiq/systemmodel/PatientResponse/submitTopic"
  }, {
    "source" : "services/patient.monitoring.HeartRate",
    "target" : "type/patient.monitoring.HeartRate.PartitionedState"
  }, {
    "source" : "client/FirstResponderResponse",
    "target" : "topic//vantiq/systemmodel/FirstResponderResponse/submitTopic"
  }, {
    "source" : "services/patient.monitoring.HeartRate",
    "target" : "app/patient.monitoring.HeartRate.MonitorReading"
  }, {
    "source" : "app/patient.monitoring.HeartRate.MonitorReading",
    "target" : "services/patient.monitoring.HeartRate"
  }, {
    "source" : "services/patient.monitoring.HeartRate",
    "target" : "type/patient.monitoring.HeartRate.MonitorReading"
  }, {
    "source" : "procedure/patient.monitoring.HeartRate.ActiveCollabsOnStore",
    "target" : "services/patient.monitoring.HeartRate"
  }, {
    "source" : "services/patient.monitoring.HeartRate",
    "target" : "procedure/patient.monitoring.HeartRate.ActiveCollabsOnStore"
  }, {
    "source" : "procedure/patient.monitoring.HeartRate.ActiveCollabsWriteAll",
    "target" : "procedure/patient.monitoring.HeartRate.ActiveCollabsOnStore"
  }, {
    "source" : "procedure/patient.monitoring.HeartRate.ActiveCollabsWriteAll",
    "target" : "services/patient.monitoring.HeartRate"
  }, {
    "source" : "services/patient.monitoring.HeartRate",
    "target" : "procedure/patient.monitoring.HeartRate.ActiveCollabsWriteAll"
  }, {
    "source" : "services/patient.monitoring.HeartRate",
    "target" : "procedure/patient.monitoring.HeartRate.ActiveCollabsGetAll"
  }, {
    "source" : "services/patient.monitoring.HeartRate",
    "target" : "procedure/patient.monitoring.HeartRate.ActiveCollabsOnLoad"
  }, {
    "source" : "services/patient.monitoring.HeartRate",
    "target" : "procedure/patient.monitoring.HeartRate.ActiveCollabsGetById"
  }, {
    "source" : "services/patient.monitoring.HeartRate",
    "target" : "procedure/patient.monitoring.HeartRate.ActiveCollabsOnClose"
  }, {
    "source" : "services/patient.monitoring.HeartRate",
    "target" : "procedure/patient.monitoring.HeartRate.ActiveCollabsReset"
  }, {
    "source" : "services/patient.monitoring.HeartRate",
    "target" : "procedure/patient.monitoring.HeartRate.ActiveCollabsUpdateStatus"
  }, {
    "source" : "services/patient.monitoring.HeartRate",
    "target" : "procedure/patient.monitoring.HeartRate.CollabIdsByEntityStoreId"
  }, {
    "source" : "services/patient.monitoring.HeartRate",
    "target" : "procedure/patient.monitoring.HeartRate.ActiveCollabsCloseAll"
  }, {
    "source" : "procedure/patient.monitoring.HeartRate.ActiveCollabsCloseAll",
    "target" : "procedure/patient.monitoring.HeartRate.ActiveCollabsWriteAll"
  }, {
    "source" : "procedure/patient.monitoring.HeartRate.ActiveCollabsCloseAll",
    "target" : "procedure/patient.monitoring.HeartRate.ActiveCollabsOnClose"
  }, {
    "source" : "procedure/patient.monitoring.HeartRate.ActiveCollabsCloseAll",
    "target" : "services/patient.monitoring.HeartRate"
  }, {
    "source" : "procedure/patient.monitoring.HeartRate.ActiveCollabsGetById",
    "target" : "services/patient.monitoring.HeartRate"
  }, {
    "source" : "procedure/patient.monitoring.HeartRate.ActiveCollabsGetById",
    "target" : "procedure/patient.monitoring.HeartRate.ActiveCollabsOnLoad"
  }, {
    "source" : "app/patient.monitoring.HeartRate.MonitorReading",
    "target" : "procedure/patient.monitoring.HeartRate.ActiveCollabsGetById"
  }, {
    "source" : "app/patient.monitoring.HeartRate.MonitorReading",
    "target" : "procedure/patient.monitoring.HeartRate.ActiveCollabsUpdateStatus"
  }, {
    "source" : "procedure/patient.monitoring.HeartRate.ActiveCollabsGetAll",
    "target" : "services/patient.monitoring.HeartRate"
  }, {
    "source" : "procedure/patient.monitoring.HeartRate.ActiveCollabsOnLoad",
    "target" : "services/patient.monitoring.HeartRate"
  }, {
    "source" : "procedure/patient.monitoring.HeartRate.ActiveCollabsUpdateStatus",
    "target" : "procedure/patient.monitoring.HeartRate.ActiveCollabsOnClose"
  }, {
    "source" : "procedure/patient.monitoring.HeartRate.ActiveCollabsUpdateStatus",
    "target" : "services/patient.monitoring.HeartRate"
  }, {
    "source" : "procedure/patient.monitoring.HeartRate.ActiveCollabsReset",
    "target" : "services/patient.monitoring.HeartRate"
  }, {
    "source" : "procedure/patient.monitoring.HeartRate.CollabIdsByEntityStoreId",
    "target" : "services/patient.monitoring.HeartRate"
  }, {
    "source" : "procedure/patient.monitoring.HeartRate.ActiveCollabsOnClose",
    "target" : "services/patient.monitoring.HeartRate"
  }, {
    "source" : "services/patient.monitoring.HeartRate",
    "target" : "procedure/patient.monitoring.HeartRate.LoopWhileStateReset_MonitorReading"
  }, {
    "source" : "services/patient.monitoring.HeartRate",
    "target" : "procedure/patient.monitoring.HeartRate.ActiveCollabsUpdateFindResponders_MonitorReading"
  }, {
    "source" : "services/patient.monitoring.HeartRate",
    "target" : "procedure/patient.monitoring.HeartRate.ActiveCollabsUpdateNotifyFirstResponder_MonitorReading"
  }, {
    "source" : "services/patient.monitoring.HeartRate",
    "target" : "procedure/patient.monitoring.HeartRate.ActiveCollabsUpdateAssignCollaborator_MonitorReading"
  }, {
    "source" : "services/patient.monitoring.HeartRate",
    "target" : "procedure/patient.monitoring.HeartRate.ActiveCollabsUpdateNotifyPatient_MonitorReading"
  }, {
    "source" : "services/patient.monitoring.HeartRate",
    "target" : "procedure/patient.monitoring.HeartRate.LoopWhileStateUpdate_MonitorReading"
  }, {
    "source" : "services/patient.monitoring.HeartRate",
    "target" : "procedure/patient.monitoring.HeartRate.ActiveCollabsUpdateTrackResponder_MonitorReading"
  }, {
    "source" : "services/patient.monitoring.HeartRate",
    "target" : "procedure/patient.monitoring.HeartRate.ActiveCollabsUpdateAssignPatient_MonitorReading"
  }, {
    "source" : "services/patient.monitoring.HeartRate",
    "target" : "procedure/patient.monitoring.HeartRate.LoopWhileStateGet_MonitorReading"
  }, {
    "source" : "procedure/patient.monitoring.HeartRate.ActiveCollabsUpdateFindResponders_MonitorReading",
    "target" : "services/patient.monitoring.HeartRate"
  }, {
    "source" : "procedure/patient.monitoring.HeartRate.ActiveCollabsUpdateFindResponders_MonitorReading",
    "target" : "procedure/patient.monitoring.HeartRate.ActiveCollabsGetById"
  }, {
    "source" : "procedure/patient.monitoring.HeartRate.LoopWhileStateReset_MonitorReading",
    "target" : "services/patient.monitoring.HeartRate"
  }, {
    "source" : "procedure/patient.monitoring.HeartRate.ActiveCollabsUpdateNotifyPatient_MonitorReading",
    "target" : "services/patient.monitoring.HeartRate"
  }, {
    "source" : "procedure/patient.monitoring.HeartRate.ActiveCollabsUpdateNotifyPatient_MonitorReading",
    "target" : "procedure/patient.monitoring.HeartRate.ActiveCollabsGetById"
  }, {
    "source" : "procedure/patient.monitoring.HeartRate.LoopWhileStateUpdate_MonitorReading",
    "target" : "services/patient.monitoring.HeartRate"
  }, {
    "source" : "procedure/patient.monitoring.HeartRate.ActiveCollabsUpdateAssignPatient_MonitorReading",
    "target" : "services/patient.monitoring.HeartRate"
  }, {
    "source" : "procedure/patient.monitoring.HeartRate.ActiveCollabsUpdateAssignPatient_MonitorReading",
    "target" : "procedure/patient.monitoring.HeartRate.ActiveCollabsGetById"
  }, {
    "source" : "procedure/patient.monitoring.HeartRate.LoopWhileStateGet_MonitorReading",
    "target" : "services/patient.monitoring.HeartRate"
  }, {
    "source" : "procedure/patient.monitoring.HeartRate.ActiveCollabsUpdateAssignCollaborator_MonitorReading",
    "target" : "services/patient.monitoring.HeartRate"
  }, {
    "source" : "procedure/patient.monitoring.HeartRate.ActiveCollabsUpdateAssignCollaborator_MonitorReading",
    "target" : "procedure/patient.monitoring.HeartRate.ActiveCollabsGetById"
  }, {
    "source" : "app/patient.monitoring.HeartRate.MonitorReading",
    "target" : "procedure/patient.monitoring.HeartRate.ActiveCollabsUpdateNotifyPatient_MonitorReading"
  }, {
    "source" : "app/patient.monitoring.HeartRate.MonitorReading",
    "target" : "procedure/patient.monitoring.HeartRate.ActiveCollabsUpdateAssignPatient_MonitorReading"
  }, {
    "source" : "app/patient.monitoring.HeartRate.MonitorReading",
    "target" : "procedure/patient.monitoring.HeartRate.ActiveCollabsUpdateFindResponders_MonitorReading"
  }, {
    "source" : "app/patient.monitoring.HeartRate.MonitorReading",
    "target" : "procedure/patient.monitoring.HeartRate.ActiveCollabsUpdateNotifyFirstResponder_MonitorReading"
  }, {
    "source" : "app/patient.monitoring.HeartRate.MonitorReading",
    "target" : "procedure/patient.monitoring.HeartRate.ActiveCollabsUpdateAssignCollaborator_MonitorReading"
  }, {
    "source" : "app/patient.monitoring.HeartRate.MonitorReading",
    "target" : "procedure/patient.monitoring.HeartRate.LoopWhileStateUpdate_MonitorReading"
  }, {
    "source" : "app/patient.monitoring.HeartRate.MonitorReading",
    "target" : "procedure/patient.monitoring.HeartRate.ActiveCollabsUpdateTrackResponder_MonitorReading"
  }, {
    "source" : "app/patient.monitoring.HeartRate.MonitorReading",
    "target" : "procedure/patient.monitoring.HeartRate.LoopWhileStateGet_MonitorReading"
  }, {
    "source" : "procedure/patient.monitoring.HeartRate.ActiveCollabsUpdateTrackResponder_MonitorReading",
    "target" : "procedure/patient.monitoring.HeartRate.ActiveCollabsGetById"
  }, {
    "source" : "procedure/patient.monitoring.HeartRate.ActiveCollabsUpdateTrackResponder_MonitorReading",
    "target" : "services/patient.monitoring.HeartRate"
  }, {
    "source" : "procedure/patient.monitoring.HeartRate.ActiveCollabsUpdateNotifyFirstResponder_MonitorReading",
    "target" : "services/patient.monitoring.HeartRate"
  }, {
    "source" : "procedure/patient.monitoring.HeartRate.ActiveCollabsUpdateNotifyFirstResponder_MonitorReading",
    "target" : "procedure/patient.monitoring.HeartRate.ActiveCollabsGetById"
  } ],
  "name" : "PatientMonitor",
  "options" : {
    "description" : "Advanced Collaborations\n\nThis project contains the patient.monitoringHeartRate Service which defines the MonitorReading Event Handler. This Event Handler detects when a patient has an unusual and dangerous heart rate. First, the patient is asked whether they are okay or require assistance. If the patient replies that they require assistance or does not reply within 90 seconds, then an array of nearby first responders is computed. The closest responder is notified. If the responder does not reply within 1 minute, the notification is retracted and the next nearest first responder is notified. When a first responder replies, they are tracked until they reach the patient's location and the collaboration completes. If none of the first responders reply to the notification, the collaboration fails.\n\nTo run this locally, first navigate to Show -> Find Records and search for all instances of the FirstResponder Type. Update each instances username property with your username. You can find your username by clicking the \"user\" icon (next to the Namespace name) in the banner at the top of the browser. \n\nNext, update the patient.monitoring.HeartRate.generateHeartRate Procedure with the coordinates for your current location. You can find your exact latitude and longitude here: https://www.latlong.net/.",
    "dockCollapsed" : {
      "bottom" : true,
      "left" : false,
      "right" : false,
      "top" : false,
      "viewtabs" : false
    },
    "dockDimensions" : {
      "bottom" : 200,
      "debug" : [ 0, 0, 0 ],
      "left" : 210,
      "right" : 220,
      "top" : 0,
      "viewtabs" : 0
    },
    "dockSort" : 1,
    "filterBitArray" : "ffffffffffffffffffffffffffffffff",
    "isModeloProject" : true,
    "layoutStyle" : "tile",
    "openFolders" : [ "client", "services/patient.monitoring.HeartRate" ],
    "rootViewFlavor" : 5,
    "showGrid" : true,
    "tileColumns" : 2,
    "tileRows" : 1,
    "type" : "dev",
    "v" : 5,
    "viewUUID" : "MAINVIEW"
  },
  "partitions" : [ ],
  "resources" : [ {
    "label" : "/patient.monitoring.HeartRate/MonitorReading/handler/inbound",
    "name" : "/patient.monitoring.HeartRate/MonitorReading/handler/inbound",
    "resourceReference" : "/topics//patient.monitoring.HeartRate/MonitorReading/handler/inbound",
    "type" : 10
  }, {
    "label" : "/vantiq/systemmodel/FirstResponderResponse/submitTopic",
    "name" : "/vantiq/systemmodel/FirstResponderResponse/submitTopic",
    "resourceReference" : "/topics//vantiq/systemmodel/FirstResponderResponse/submitTopic",
    "type" : 10
  }, {
    "label" : "/vantiq/systemmodel/PatientResponse/submitTopic",
    "name" : "/vantiq/systemmodel/PatientResponse/submitTopic",
    "resourceReference" : "/topics//vantiq/systemmodel/PatientResponse/submitTopic",
    "type" : 10
  }, {
    "label" : "FirstResponder",
    "name" : "FirstResponder",
    "resourceReference" : "/types/FirstResponder",
    "timestamp" : "2023-12-06T18:05:47.688Z",
    "type" : 1
  }, {
    "label" : "FirstResponderResponse",
    "name" : "FirstResponderResponse",
    "resourceReference" : "/system.clients/FirstResponderResponse",
    "timestamp" : "2023-12-06T18:05:48.810Z",
    "type" : 15
  }, {
    "label" : "PatientResponse",
    "name" : "PatientResponse",
    "resourceReference" : "/system.clients/PatientResponse",
    "timestamp" : "2023-12-06T18:05:48.810Z",
    "type" : 15
  }, {
    "label" : "patient.monitoring.HeartRate",
    "name" : "patient.monitoring.HeartRate",
    "resourceReference" : "/system.services/patient.monitoring.HeartRate",
    "timestamp" : "2023-12-06T18:08:11.188Z",
    "type" : 63
  }, {
    "name" : "patient.monitoring.HeartRate.ActiveCollabsCloseAll",
    "packageName" : "patient.monitoring",
    "procedureName" : "ActiveCollabsCloseAll",
    "resourceReference" : "/procedures/patient.monitoring.HeartRate.ActiveCollabsCloseAll",
    "serviceName" : "HeartRate",
    "timestamp" : "2023-12-06T18:05:51.493Z",
    "type" : 3
  }, {
    "name" : "patient.monitoring.HeartRate.ActiveCollabsGetAll",
    "packageName" : "patient.monitoring",
    "procedureName" : "ActiveCollabsGetAll",
    "resourceReference" : "/procedures/patient.monitoring.HeartRate.ActiveCollabsGetAll",
    "serviceName" : "HeartRate",
    "timestamp" : "2023-12-06T18:05:50.658Z",
    "type" : 3
  }, {
    "name" : "patient.monitoring.HeartRate.ActiveCollabsGetById",
    "packageName" : "patient.monitoring",
    "procedureName" : "ActiveCollabsGetById",
    "resourceReference" : "/procedures/patient.monitoring.HeartRate.ActiveCollabsGetById",
    "serviceName" : "HeartRate",
    "timestamp" : "2023-12-06T18:05:50.703Z",
    "type" : 3
  }, {
    "name" : "patient.monitoring.HeartRate.ActiveCollabsOnClose",
    "packageName" : "patient.monitoring",
    "procedureName" : "ActiveCollabsOnClose",
    "resourceReference" : "/procedures/patient.monitoring.HeartRate.ActiveCollabsOnClose",
    "serviceName" : "HeartRate",
    "timestamp" : "2023-12-06T18:05:50.686Z",
    "type" : 3
  }, {
    "name" : "patient.monitoring.HeartRate.ActiveCollabsOnLoad",
    "packageName" : "patient.monitoring",
    "procedureName" : "ActiveCollabsOnLoad",
    "resourceReference" : "/procedures/patient.monitoring.HeartRate.ActiveCollabsOnLoad",
    "serviceName" : "HeartRate",
    "timestamp" : "2023-12-06T18:05:50.686Z",
    "type" : 3
  }, {
    "name" : "patient.monitoring.HeartRate.ActiveCollabsOnStore",
    "packageName" : "patient.monitoring",
    "procedureName" : "ActiveCollabsOnStore",
    "resourceReference" : "/procedures/patient.monitoring.HeartRate.ActiveCollabsOnStore",
    "serviceName" : "HeartRate",
    "timestamp" : "2023-12-06T18:05:50.660Z",
    "type" : 3
  }, {
    "name" : "patient.monitoring.HeartRate.ActiveCollabsReset",
    "packageName" : "patient.monitoring",
    "procedureName" : "ActiveCollabsReset",
    "resourceReference" : "/procedures/patient.monitoring.HeartRate.ActiveCollabsReset",
    "serviceName" : "HeartRate",
    "timestamp" : "2023-12-06T18:05:51.230Z",
    "type" : 3
  }, {
    "name" : "patient.monitoring.HeartRate.ActiveCollabsUpdateAssignCollaborator_MonitorReading",
    "packageName" : "patient.monitoring",
    "procedureName" : "ActiveCollabsUpdateAssignCollaborator_MonitorReading",
    "resourceReference" : "/procedures/patient.monitoring.HeartRate.ActiveCollabsUpdateAssignCollaborator_MonitorReading",
    "serviceName" : "HeartRate",
    "timestamp" : "2023-12-06T18:08:04.894Z",
    "type" : 3
  }, {
    "name" : "patient.monitoring.HeartRate.ActiveCollabsUpdateAssignPatient_MonitorReading",
    "packageName" : "patient.monitoring",
    "procedureName" : "ActiveCollabsUpdateAssignPatient_MonitorReading",
    "resourceReference" : "/procedures/patient.monitoring.HeartRate.ActiveCollabsUpdateAssignPatient_MonitorReading",
    "serviceName" : "HeartRate",
    "timestamp" : "2023-12-06T18:08:03.071Z",
    "type" : 3
  }, {
    "name" : "patient.monitoring.HeartRate.ActiveCollabsUpdateFindResponders_MonitorReading",
    "packageName" : "patient.monitoring",
    "procedureName" : "ActiveCollabsUpdateFindResponders_MonitorReading",
    "resourceReference" : "/procedures/patient.monitoring.HeartRate.ActiveCollabsUpdateFindResponders_MonitorReading",
    "serviceName" : "HeartRate",
    "timestamp" : "2023-12-06T18:08:03.401Z",
    "type" : 3
  }, {
    "name" : "patient.monitoring.HeartRate.ActiveCollabsUpdateNotifyFirstResponder_MonitorReading",
    "packageName" : "patient.monitoring",
    "procedureName" : "ActiveCollabsUpdateNotifyFirstResponder_MonitorReading",
    "resourceReference" : "/procedures/patient.monitoring.HeartRate.ActiveCollabsUpdateNotifyFirstResponder_MonitorReading",
    "serviceName" : "HeartRate",
    "timestamp" : "2023-12-06T18:08:04.793Z",
    "type" : 3
  }, {
    "name" : "patient.monitoring.HeartRate.ActiveCollabsUpdateNotifyPatient_MonitorReading",
    "packageName" : "patient.monitoring",
    "procedureName" : "ActiveCollabsUpdateNotifyPatient_MonitorReading",
    "resourceReference" : "/procedures/patient.monitoring.HeartRate.ActiveCollabsUpdateNotifyPatient_MonitorReading",
    "serviceName" : "HeartRate",
    "timestamp" : "2023-12-06T18:08:03.446Z",
    "type" : 3
  }, {
    "name" : "patient.monitoring.HeartRate.ActiveCollabsUpdateStatus",
    "packageName" : "patient.monitoring",
    "procedureName" : "ActiveCollabsUpdateStatus",
    "resourceReference" : "/procedures/patient.monitoring.HeartRate.ActiveCollabsUpdateStatus",
    "serviceName" : "HeartRate",
    "timestamp" : "2023-12-06T18:05:51.437Z",
    "type" : 3
  }, {
    "name" : "patient.monitoring.HeartRate.ActiveCollabsUpdateTrackResponder_MonitorReading",
    "packageName" : "patient.monitoring",
    "procedureName" : "ActiveCollabsUpdateTrackResponder_MonitorReading",
    "resourceReference" : "/procedures/patient.monitoring.HeartRate.ActiveCollabsUpdateTrackResponder_MonitorReading",
    "serviceName" : "HeartRate",
    "timestamp" : "2023-12-06T18:08:06.234Z",
    "type" : 3
  }, {
    "name" : "patient.monitoring.HeartRate.ActiveCollabsWriteAll",
    "packageName" : "patient.monitoring",
    "procedureName" : "ActiveCollabsWriteAll",
    "resourceReference" : "/procedures/patient.monitoring.HeartRate.ActiveCollabsWriteAll",
    "serviceName" : "HeartRate",
    "timestamp" : "2023-12-06T18:05:51.587Z",
    "type" : 3
  }, {
    "name" : "patient.monitoring.HeartRate.CollabIdsByEntityStoreId",
    "packageName" : "patient.monitoring",
    "procedureName" : "CollabIdsByEntityStoreId",
    "resourceReference" : "/procedures/patient.monitoring.HeartRate.CollabIdsByEntityStoreId",
    "serviceName" : "HeartRate",
    "timestamp" : "2023-12-06T18:05:52.669Z",
    "type" : 3
  }, {
    "name" : "patient.monitoring.HeartRate.LoopWhileStateGet_MonitorReading",
    "packageName" : "patient.monitoring",
    "procedureName" : "LoopWhileStateGet_MonitorReading",
    "resourceReference" : "/procedures/patient.monitoring.HeartRate.LoopWhileStateGet_MonitorReading",
    "serviceName" : "HeartRate",
    "timestamp" : "2023-12-06T18:08:03.291Z",
    "type" : 3
  }, {
    "name" : "patient.monitoring.HeartRate.LoopWhileStateReset_MonitorReading",
    "packageName" : "patient.monitoring",
    "procedureName" : "LoopWhileStateReset_MonitorReading",
    "resourceReference" : "/procedures/patient.monitoring.HeartRate.LoopWhileStateReset_MonitorReading",
    "serviceName" : "HeartRate",
    "timestamp" : "2023-12-06T18:08:10.804Z",
    "type" : 3
  }, {
    "name" : "patient.monitoring.HeartRate.LoopWhileStateUpdate_MonitorReading",
    "packageName" : "patient.monitoring",
    "procedureName" : "LoopWhileStateUpdate_MonitorReading",
    "resourceReference" : "/procedures/patient.monitoring.HeartRate.LoopWhileStateUpdate_MonitorReading",
    "serviceName" : "HeartRate",
    "timestamp" : "2023-12-06T18:08:07.052Z",
    "type" : 3
  }, {
    "label" : "patient.monitoring.HeartRate.MonitorReading",
    "name" : "patient.monitoring.HeartRate.MonitorReading",
    "resourceReference" : "/types/patient.monitoring.HeartRate.MonitorReading",
    "timestamp" : "2023-12-06T18:05:47.626Z",
    "type" : 1
  }, {
    "label" : "patient.monitoring.HeartRate.MonitorReading",
    "name" : "patient.monitoring.HeartRate.MonitorReading",
    "resourceReference" : "/collaborationtypes/patient.monitoring.HeartRate.MonitorReading",
    "timestamp" : "2023-12-06T18:07:21.345Z",
    "type" : 12
  }, {
    "label" : "patient.monitoring.HeartRate.PartitionedState",
    "name" : "patient.monitoring.HeartRate.PartitionedState",
    "resourceReference" : "/types/patient.monitoring.HeartRate.PartitionedState",
    "timestamp" : "2023-12-06T18:05:54.757Z",
    "type" : 1
  }, {
    "label" : "patient.monitoring.HeartRate.generateHeartRate",
    "name" : "patient.monitoring.HeartRate.generateHeartRate",
    "packageName" : "patient.monitoring",
    "procedureName" : "generateHeartRate",
    "resourceReference" : "/procedures/patient.monitoring.HeartRate.generateHeartRate",
    "serviceName" : "HeartRate",
    "timestamp" : "2023-12-06T18:05:49.229Z",
    "type" : 3
  }, {
    "label" : "patient.monitoring.HeartRate.js",
    "name" : "patient.monitoring.HeartRate.js",
    "resourceReference" : "/documents/patient.monitoring.HeartRate.js",
    "timestamp" : "2023-12-06T18:06:11.167Z",
    "type" : 19
  } ],
  "tools" : [ {
    "isPinned" : false,
    "name" : "Errors",
    "type" : 13
  }, {
    "dockLocation" : "top",
    "isPinned" : false,
    "name" : "Inactive Panes",
    "type" : 99
  }, {
    "isPinned" : false,
    "name" : "Project Contents",
    "type" : 2
  }, {
    "isPinned" : false,
    "name" : "Project Description",
    "pane" : {
      "c" : 1,
      "r" : 0
    },
    "state" : 2,
    "type" : 82
  }, {
    "isPinned" : false,
    "name" : "patient.monitoring.HeartRate",
    "pane" : {
      "c" : 0,
      "r" : 0
    },
    "resourceKey" : "services/patient.monitoring.HeartRate",
    "state" : 2,
    "type" : 109
  } ],
  "type" : "dev",
  "views" : [ {
    "name" : "Project Contents",
    "projectToolKeys" : [ "errorviewer/Errors", "tiledock/Inactive Panes", "list/Project Contents", "projectdescription/Project Description", "services/patient.monitoring.HeartRate" ]
  } ]
}