{
  "bodyChildren" : {
    "rootArray" : [ "ccfac01f-9722-4bb9-8e91-544696b74f74", "364c5884-da95-4789-8d61-78da842fb76d", "da54603d-a206-4a3d-8db1-354a8a7b9b9e", "35519da2-f011-42b7-9ecb-de1d32e74ee0" ],
    "widgets" : [ {
      "borderColor" : "Default",
      "borderRadius" : 4,
      "borderThickness" : 0,
      "column" : -1,
      "dataStreamGroupedByFiltersString" : "",
      "dataStreamProperty" : "location",
      "dataStreamUUID" : "6d86d7b7-6819-44d5-98e0-df0d13a97db1",
      "dataType" : null,
      "filterObjectString" : "{\"floor\":\"two\"}",
      "heatmapConfig" : null,
      "heatmapOpacity" : 0.4,
      "heatmapRadius" : 40,
      "heightPolicy" : "naturalSize",
      "horzGravity" : "center",
      "imageHeightInLocationUnits" : 25,
      "imageWidthInLocationUnits" : 30,
      "labelProperty" : "name",
      "name" : "FloorplanViewer8",
      "naturalKey" : null,
      "operation" : "insert",
      "row" : -1,
      "type" : "FloorplanViewer",
      "url" : "../cmn/img/floorplan.png",
      "uuid" : "35519da2-f011-42b7-9ecb-de1d32e74ee0",
      "v" : 17,
      "vertGravity" : "center",
      "widthPolicy" : "naturalSize",
      "x" : 484,
      "y" : 53.15625
    }, {
      "borderColor" : "Default",
      "borderRadius" : 4,
      "borderThickness" : 0,
      "column" : -1,
      "heightPolicy" : "naturalSize",
      "horzGravity" : "center",
      "label" : "Second Floor",
      "labelSize" : 20,
      "name" : "Label7",
      "row" : -1,
      "type" : "Label",
      "uuid" : "364c5884-da95-4789-8d61-78da842fb76d",
      "v" : 17,
      "vertGravity" : "center",
      "widthPolicy" : "sizeToCell",
      "x" : 560,
      "y" : 8.28125
    }, {
      "borderColor" : "Default",
      "borderRadius" : 4,
      "borderThickness" : 0,
      "column" : -1,
      "heightPolicy" : "naturalSize",
      "horzGravity" : "center",
      "label" : "First Floor",
      "labelSize" : 20,
      "name" : "Label6",
      "row" : -1,
      "type" : "Label",
      "uuid" : "ccfac01f-9722-4bb9-8e91-544696b74f74",
      "v" : 17,
      "vertGravity" : "center",
      "widthPolicy" : "sizeToCell",
      "x" : 161,
      "y" : 7.28125
    }, {
      "borderColor" : "Default",
      "borderRadius" : 4,
      "borderThickness" : 0,
      "column" : -1,
      "dataStreamGroupedByFiltersString" : "",
      "dataStreamProperty" : "location",
      "dataStreamUUID" : "6d86d7b7-6819-44d5-98e0-df0d13a97db1",
      "dataType" : null,
      "filterObjectString" : "{\"floor\":\"one\"}",
      "generateHeatmap" : false,
      "heatmapConfig" : null,
      "heatmapOpacity" : 0.4,
      "heatmapRadius" : 40,
      "heightPolicy" : "naturalSize",
      "horzGravity" : "center",
      "imageHeightInLocationUnits" : 25,
      "imageWidthInLocationUnits" : 30,
      "labelProperty" : "name",
      "name" : "FloorplanViewer7",
      "naturalKey" : null,
      "operation" : "insert",
      "row" : -1,
      "showMarkers" : false,
      "type" : "FloorplanViewer",
      "url" : "../cmn/img/floorplan.png",
      "uuid" : "da54603d-a206-4a3d-8db1-354a8a7b9b9e",
      "v" : 17,
      "vertGravity" : "center",
      "widthPolicy" : "naturalSize",
      "x" : 52,
      "y" : 51.15625
    } ]
  },
  "data" : {
    "properties" : { }
  },
  "footerChildren" : [ ],
  "hasFooter" : false,
  "layoutType" : "browser"
}