{
  "active" : true,
  "ars_relationships" : [ ],
  "description" : "Determine if there is an engine malfunction.",
  "eventTypes" : {
    "EngineMalfunction" : {
      "description" : "alerts produced when an engine is malfunctioning",
      "direction" : "OUTBOUND",
      "eventSchema" : "com.vantiq.engines.EngineMonitor_EngineMalfunction",
      "isReliable" : false
    },
    "OutboundSpeed" : {
      "direction" : "OUTBOUND",
      "eventSchema" : "com.vantiq.engines.EngineMonitor_SpeedEvent",
      "isReliable" : false
    },
    "OutboundTemp" : {
      "direction" : "OUTBOUND",
      "eventSchema" : "com.vantiq.engines.EngineMonitor_TempEvent",
      "isReliable" : false
    },
    "SpeedEvent" : {
      "description" : "events produced by the engine speed sensors",
      "direction" : "INBOUND",
      "eventSchema" : "com.vantiq.engines.EngineMonitor_SpeedEvent",
      "implementingResource" : "/collaborationtypes/com.vantiq.engines.EngineMonitor_SpeedEvent_EventHandler"
    },
    "TempEvent" : {
      "description" : "events produced by the engine temperature sensors",
      "direction" : "INBOUND",
      "eventSchema" : "com.vantiq.engines.EngineMonitor_TempEvent",
      "implementingResource" : "/collaborationtypes/com.vantiq.engines.EngineMonitor_TempEvent_EventHandler"
    }
  },
  "globalType" : null,
  "interface" : [ {
    "name" : "generateAlertMessage",
    "parameters" : [ {
      "description" : null,
      "multi" : false,
      "name" : "sensorEvent",
      "required" : false,
      "type" : "Object"
    }, {
      "multi" : false,
      "name" : "maxSpeed",
      "required" : false,
      "type" : "Integer"
    }, {
      "multi" : false,
      "name" : "maxTemp",
      "required" : false,
      "type" : "Integer"
    } ],
    "returnType" : {
      "multi" : false,
      "resolvedType" : "com.vantiq.engines.EngineMonitor_EngineMalfunction",
      "type" : "com.vantiq.engines.EngineMonitor_EngineMalfunction"
    }
  } ],
  "name" : "com.vantiq.engines.EngineMonitor",
  "partitionedType" : null,
  "scheduledProcedures" : { }
}