{
  "active" : true,
  "ars_relationships" : [ ],
  "description" : null,
  "eventTypes" : {
    "EngineSpeed" : {
      "direction" : "OUTBOUND",
      "eventSchema" : "com.vantiq.engines.SpeedEvent",
      "isReliable" : false
    },
    "EngineStatus" : {
      "direction" : "OUTBOUND",
      "isReliable" : false
    },
    "SpeedEvent" : {
      "direction" : "INBOUND",
      "implementingResource" : "/collaborationtypes/com.vantiq.engines.EngineMonitor.SensorReading0/SensorReading"
    },
    "TemperatureEvent" : {
      "direction" : "INBOUND",
      "implementingResource" : "/collaborationtypes/com.vantiq.engines.EngineMonitor.SensorReading1/SensorReading"
    }
  },
  "globalType" : "com.vantiq.engines.EngineMonitor.GlobalState",
  "interface" : [ ],
  "internalEventHandlers" : [ ],
  "name" : "com.vantiq.engines.EngineMonitor",
  "partitionedType" : null,
  "replicationFactor" : 1,
  "scheduledProcedures" : { }
}