{
  "bodyChildren" : {
    "rootArray" : [ "ccf982be-3c4a-4152-9b20-011d048d7154", "9c849f39-674b-4d11-8f3c-07d810dc9028", "bebf40ad-a6c7-4459-a8ff-79aa3aa40c4b", "d7bed0ae-63b8-4718-882d-d2ef5a2463c5", "89b6dc69-0ccb-48e9-a08a-8077c7159a49", "90d21190-de47-4889-8e19-979d083959ef" ],
    "widgets" : [ {
      "borderColor" : "Default",
      "borderRadius" : 4,
      "borderThickness" : 1,
      "chartType" : "pie",
      "dataStreamGroupedByFiltersString" : "",
      "dataStreamProperty" : "alertMsg",
      "dataStreamUUID" : "f59d8e3c-8eb0-4800-89a8-e1a720e2a5e9",
      "dataType" : null,
      "explodePercentage" : 0,
      "h" : 459,
      "heightPolicy" : "explicit",
      "horzGravity" : "center",
      "name" : "PieChart6",
      "operation" : "insert",
      "showLegend" : true,
      "title" : "Alert Status",
      "type" : "PieChart",
      "uuid" : "89b6dc69-0ccb-48e9-a08a-8077c7159a49",
      "v" : 17,
      "vertGravity" : "center",
      "w" : 459,
      "widthPolicy" : "explicit",
      "x" : 495,
      "y" : 202
    }, {
      "axisAutoRange" : false,
      "borderColor" : "Default",
      "borderRadius" : 4,
      "borderThickness" : 1,
      "dataStreamGroupedByFiltersString" : "",
      "dataStreamUUID" : "5de62336-afe6-4345-b674-06c14a9e3874",
      "dataType" : null,
      "displayThreshold" : "No",
      "h" : 300,
      "hasGridLines" : false,
      "heightPolicy" : "explicit",
      "horzGravity" : "center",
      "name" : "ColumnChart6",
      "naturalKey" : null,
      "operation" : "insert",
      "showIn3D" : false,
      "showTrue3D" : true,
      "thresholdValue" : 0,
      "title" : "Speed",
      "type" : "ColumnChart",
      "uuid" : "90d21190-de47-4889-8e19-979d083959ef",
      "v" : 17,
      "vertGravity" : "center",
      "w" : 400,
      "widthPolicy" : "explicit",
      "x" : 13,
      "xAxisProperty" : null,
      "xAxisTimetamp" : true,
      "y" : 373,
      "yAxisProperties" : [ {
        "dataType" : "Integer",
        "label" : "speed",
        "selected" : false,
        "type" : "speed"
      } ]
    }, {
      "axisAutoRange" : false,
      "borderColor" : "Default",
      "borderRadius" : 4,
      "borderThickness" : 1,
      "dataStreamGroupedByFiltersString" : "",
      "dataStreamUUID" : "5de62336-afe6-4345-b674-06c14a9e3874",
      "dataType" : null,
      "displayThreshold" : "No",
      "h" : 300,
      "hasGridLines" : false,
      "hasPoints" : false,
      "heightPolicy" : "explicit",
      "horzGravity" : "center",
      "isArea" : false,
      "name" : "LineChart6",
      "naturalKey" : null,
      "operation" : "insert",
      "showIn3D" : false,
      "showTrue3D" : true,
      "thresholdValue" : 0,
      "title" : "Temperature",
      "type" : "LineChart",
      "uuid" : "9c849f39-674b-4d11-8f3c-07d810dc9028",
      "v" : 17,
      "vertGravity" : "center",
      "w" : 400,
      "widthPolicy" : "explicit",
      "x" : 10,
      "xAxisProperty" : null,
      "xAxisTimetamp" : true,
      "y" : 64,
      "yAxisProperties" : [ {
        "dataType" : "Integer",
        "label" : "temperature",
        "selected" : false,
        "type" : "temperature"
      } ]
    }, {
      "borderColor" : "Default",
      "borderRadius" : 4,
      "borderThickness" : 1,
      "dataStreamGroupedByFiltersString" : "",
      "dataStreamProperty" : "speed",
      "dataStreamUUID" : "5de62336-afe6-4345-b674-06c14a9e3874",
      "dataType" : null,
      "h" : 130,
      "heightPolicy" : "explicit",
      "highZones" : "55:65",
      "horzGravity" : "center",
      "lowZones" : "0:45",
      "maximum" : 65,
      "mediumZones" : "45:55",
      "minimum" : 0,
      "name" : "Speed",
      "naturalKey" : null,
      "naturalKeyValue" : null,
      "operation" : "insert",
      "title" : "Speed",
      "type" : "Gauge",
      "uuid" : "bebf40ad-a6c7-4459-a8ff-79aa3aa40c4b",
      "v" : 17,
      "vertGravity" : "center",
      "w" : 130,
      "widthPolicy" : "explicit",
      "x" : 431,
      "y" : 66
    }, {
      "borderColor" : "Default",
      "borderRadius" : 4,
      "borderThickness" : 0,
      "heightPolicy" : "naturalSize",
      "horzGravity" : "center",
      "label" : "Engine Simulation",
      "labelColor" : "#444444",
      "name" : "Label7",
      "rotationInDegrees" : null,
      "type" : "Label",
      "uuid" : "ccf982be-3c4a-4152-9b20-011d048d7154",
      "v" : 17,
      "vertGravity" : "center",
      "widthPolicy" : "sizeToCell",
      "x" : 392,
      "y" : 18
    }, {
      "borderColor" : "Default",
      "borderRadius" : 4,
      "borderThickness" : 1,
      "dataStreamGroupedByFiltersString" : "",
      "dataStreamProperty" : "temperature",
      "dataStreamUUID" : "5de62336-afe6-4345-b674-06c14a9e3874",
      "dataType" : null,
      "h" : 130,
      "heightPolicy" : "explicit",
      "highZones" : "210:220",
      "horzGravity" : "center",
      "lowZones" : "180:200",
      "maximum" : 220,
      "mediumZones" : "200:210",
      "minimum" : 180,
      "name" : "Gauge12",
      "naturalKey" : null,
      "naturalKeyValue" : null,
      "operation" : "insert",
      "title" : "Temperature",
      "type" : "Gauge",
      "uuid" : "d7bed0ae-63b8-4718-882d-d2ef5a2463c5",
      "v" : 17,
      "vertGravity" : "center",
      "w" : 130,
      "widthPolicy" : "explicit",
      "x" : 578,
      "y" : 66
    } ]
  },
  "data" : {
    "properties" : { }
  },
  "footerChildren" : [ ],
  "hasFooter" : false,
  "layoutType" : "browser",
  "responseTopic" : "/my/response/topic"
}