{
  "active" : true,
  "appType" : true,
  "ars_properties" : {
    "dataVersion" : 5,
    "graph" : {
      "lastZoomRequest" : 0,
      "scale" : 0.7311356727715753,
      "translate" : [ 151.37935624837726, 252.19126195849725 ]
    },
    "groupSettings" : {
      "appGroupOpenHash" : {
        "ServiceProcedures" : true,
        "serviceevents" : true
      },
      "ctGroupOpenHash" : {
        "actions" : true,
        "mobile" : true
      },
      "ctServiceOpen" : false,
      "serviceGroupOpenHash" : { }
    },
    "paletteWidth" : 170,
    "propertyWidth" : 280
  },
  "ars_relationships" : [ ],
  "assembly" : {
    "EngineMalfunction" : {
    "pattern": "PublishToService",
            "configuration": {
               "service": "com.vantiq.engines.EngineMonitor",
               "eventTypeName": "EngineMalfunction"
            }
    },
    "EventStream" : {
      "configuration" : {
        "childStreams" : [ "generateAlertMessage", "OutboundTemp" ],
        "inboundResource" : "services",
        "inboundResourceId" : "com.vantiq.engines.EngineMonitor",
        "eventTypeName": "TempEvent",
        "parentStreams" : [ ]
      },
      "pattern" : "EventStream",
      "patternVersion" : 1,
      "uuid" : "30793167-bcf1-4d14-89c5-644c28873fbf"
    },
    "OutboundTemp" : {
      "pattern": "PublishToService",
            "configuration": {
               "service": "com.vantiq.engines.EngineMonitor",
               "eventTypeName": "OutboundTemp"
            }
    },
    "generateAlertMessage" : {
      "configuration" : {
        "childStreams" : [ "isMalfunctionDetected" ],
        "parentStreams" : [ "EventStream" ],
        "procedure" : "com.vantiq.engines.EngineMonitor.generateAlertMessage"
      },
      "pattern" : "Procedure",
      "patternVersion" : 1,
      "uuid" : "bfb9911d-fa23-48e0-91ce-36d6f7b373d4"
    },
    "isMalfunctionDetected" : {
      "configuration" : {
        "childStreams" : [ "EngineMalfunction" ],
        "condition" : "event.alertMsg != null",
        "parentStreams" : [ "generateAlertMessage" ],
        "upsert" : false
      },
      "pattern" : "Filter",
      "patternVersion" : 1,
      "uuid" : "5868eebc-f620-4981-9d46-d548f0b2248f"
    }
  },
  "boundService" : "com.vantiq.engines.EngineMonitor",
  "collaboratorRoles" : [ ],
  "disableBadging" : false,
  "entityRoles" : [ ],
  "isComponent" : false,
  "isEventHandler" : true,
  "keyTypes" : [ "system.collaborations" ],
  "name" : "com.vantiq.engines.EngineMonitor_TempEvent_EventHandler"
}