{
  "links" : [ {
    "source" : "procedure/UpdatePatient",
    "target" : "type/Patient"
  }, {
    "source" : "type/Patient",
    "target" : "collaborationtype/RateCollaboration"
  }, {
    "source" : "client/FirstResponderResponse",
    "target" : "topic//my/response/topic"
  }, {
    "source" : "client/PatientResponse",
    "target" : "topic//my/response/topic"
  }, {
    "source" : "procedure/CollaborationUtils.triggerEscalation",
    "target" : "type/ArsEscalationDeadline"
  }, {
    "source" : "collaborationtype/RateCollaboration",
    "target" : "procedure/CollaborationUtils.triggerEscalation"
  } ],
  "name" : "Patient",
  "options" : {
    "description" : "",
    "dockCollapsed" : {
      "bottom" : false,
      "left" : false,
      "right" : false,
      "top" : false
    },
    "dockDimensions" : {
      "bottom" : 200,
      "debug" : [ 0, 0, 0 ],
      "left" : 210,
      "right" : 220,
      "top" : 0
    },
    "filterBitArray" : "000000ffffffffffffffffff00ffffff",
    "isModeloProject" : true,
    "layoutStyle" : "custom",
    "listFlavor" : "tree",
    "openResourceFolders" : { },
    "showGrid" : true,
    "type" : "dev",
    "v" : 3
  },
  "resources" : [ {
    "label" : "/my/response/topic",
    "name" : "/my/response/topic",
    "node" : {
      "x" : 499.7,
      "y" : 219
    },
    "resourceReference" : "/topics//my/response/topic",
    "type" : 10
  }, {
    "label" : "ArsEscalationDeadline",
    "name" : "ArsEscalationDeadline",
    "node" : {
      "x" : 166.3,
      "y" : 312.2
    },
    "resourceReference" : "/types/ArsEscalationDeadline",
    "timestamp" : "2020-03-18T00:32:49.181Z",
    "type" : 1
  }, {
    "inventory" : {
      "clientHash" : [ ],
      "clients" : [ ],
      "collaborationHash" : [ ],
      "collaborations" : [ ],
      "eventstreamHash" : [ ],
      "eventstreams" : [ ],
      "procedureHash" : [ ],
      "procedures" : [ ],
      "sourceHash" : [ ],
      "sources" : [ ],
      "systemmodelHash" : [ ],
      "systemmodels" : [ ],
      "topicHash" : [ ],
      "topics" : [ ],
      "typeHash" : [ "both" ],
      "types" : [ "ArsEscalationDeadline" ]
    },
    "label" : "CollaborationUtils.triggerEscalation",
    "name" : "CollaborationUtils.triggerEscalation",
    "node" : {
      "x" : 167.9,
      "y" : 241.7
    },
    "resourceReference" : "/procedures/CollaborationUtils.triggerEscalation",
    "timestamp" : "2020-04-04T17:17:19.648Z",
    "type" : 3
  }, {
    "inventory" : {
      "clientHash" : [ ],
      "clients" : [ ],
      "collaborationHash" : [ ],
      "collaborations" : [ ],
      "eventstreamHash" : [ ],
      "eventstreams" : [ ],
      "procedureHash" : [ ],
      "procedures" : [ ],
      "sourceHash" : [ ],
      "sources" : [ ],
      "systemmodelHash" : [ ],
      "systemmodels" : [ ],
      "topicHash" : [ "out" ],
      "topics" : [ "/my/response/topic" ],
      "typeHash" : [ ],
      "types" : [ ]
    },
    "label" : "FirstResponderResponse",
    "name" : "FirstResponderResponse",
    "node" : {
      "x" : 450.6,
      "y" : 100.9
    },
    "resourceReference" : "/system.clients/FirstResponderResponse",
    "timestamp" : "2020-04-14T05:05:28.644Z",
    "type" : 15
  }, {
    "label" : "Patient",
    "name" : "Patient",
    "node" : {
      "x" : 167.2,
      "y" : 84.8
    },
    "resourceReference" : "/types/Patient",
    "timestamp" : "2020-04-14T05:05:28.231Z",
    "type" : 1
  }, {
    "inventory" : {
      "clientHash" : [ ],
      "clients" : [ ],
      "collaborationHash" : [ ],
      "collaborations" : [ ],
      "eventstreamHash" : [ ],
      "eventstreams" : [ ],
      "procedureHash" : [ ],
      "procedures" : [ ],
      "sourceHash" : [ ],
      "sources" : [ ],
      "systemmodelHash" : [ ],
      "systemmodels" : [ ],
      "topicHash" : [ "out" ],
      "topics" : [ "/my/response/topic" ],
      "typeHash" : [ ],
      "types" : [ ]
    },
    "label" : "PatientResponse",
    "name" : "PatientResponse",
    "node" : {
      "x" : 594.3,
      "y" : 140
    },
    "resourceReference" : "/system.clients/PatientResponse",
    "timestamp" : "2020-04-14T05:05:28.644Z",
    "type" : 15
  }, {
    "inventory" : {
      "clientHash" : [ ],
      "clients" : [ ],
      "collaborationHash" : [ ],
      "collaborations" : [ ],
      "eventstreamHash" : [ ],
      "eventstreams" : [ ],
      "procedureHash" : [ "out", "out" ],
      "procedures" : [ "CollaborationUtils.closeCollaboration", "CollaborationUtils.triggerEscalation" ],
      "sourceHash" : [ ],
      "sources" : [ ],
      "systemmodelHash" : [ ],
      "systemmodels" : [ ],
      "topicHash" : [ ],
      "topics" : [ ],
      "typeHash" : [ "in" ],
      "types" : [ "Patient" ]
    },
    "label" : "RateCollaboration",
    "name" : "RateCollaboration",
    "node" : {
      "x" : 166.2,
      "y" : 160.3
    },
    "resourceReference" : "/collaborationtypes/RateCollaboration",
    "timestamp" : "2020-04-14T05:05:29.921Z",
    "type" : 11
  }, {
    "inventory" : {
      "clientHash" : [ ],
      "clients" : [ ],
      "collaborationHash" : [ ],
      "collaborations" : [ ],
      "eventstreamHash" : [ ],
      "eventstreams" : [ ],
      "procedureHash" : [ "out" ],
      "procedures" : [ "Context.username" ],
      "sourceHash" : [ ],
      "sources" : [ ],
      "systemmodelHash" : [ ],
      "systemmodels" : [ ],
      "topicHash" : [ ],
      "topics" : [ ],
      "typeHash" : [ "out" ],
      "types" : [ "Patient" ]
    },
    "label" : "UpdatePatient",
    "name" : "UpdatePatient",
    "node" : {
      "x" : 167.4,
      "y" : -9.8
    },
    "resourceReference" : "/procedures/UpdatePatient",
    "timestamp" : "2020-04-14T05:05:28.152Z",
    "type" : 3
  }, {
    "inventory" : {
      "clientHash" : [ ],
      "clients" : [ ],
      "collaborationHash" : [ ],
      "collaborations" : [ ],
      "eventstreamHash" : [ ],
      "eventstreams" : [ ],
      "procedureHash" : [ ],
      "procedures" : [ ],
      "sourceHash" : [ ],
      "sources" : [ ],
      "systemmodelHash" : [ ],
      "systemmodels" : [ ],
      "topicHash" : [ ],
      "topics" : [ ],
      "typeHash" : [ ],
      "types" : [ ]
    },
    "label" : "VantiqPushNotification",
    "name" : "VantiqPushNotification",
    "node" : {
      "x" : 525.5,
      "y" : 40.1
    },
    "resourceReference" : "/sources/VantiqPushNotification",
    "timestamp" : "2020-04-14T05:05:28.926Z",
    "type" : 4
  } ],
  "tools" : [ {
    "isPinned" : false,
    "name" : "Project Resource Graph",
    "pane" : {
      "h" : 310,
      "w" : 600,
      "x" : 20,
      "y" : 20
    },
    "toolOptions" : {
      "scaleAndTranslationState" : {
        "lastZoomRequest" : 0,
        "scale" : 0.6346354430099026,
        "translate" : [ 152.45675658672945, 39.7403021840256 ]
      }
    },
    "type" : 1
  }, {
    "isPinned" : false,
    "name" : "UpdatePatient",
    "pane" : {
      "h" : 310,
      "w" : 600,
      "x" : 640,
      "y" : 20
    },
    "resourceKey" : "procedure/UpdatePatient",
    "type" : 24
  }, {
    "isPinned" : false,
    "name" : "RateCollaboration",
    "pane" : {
      "h" : 370,
      "w" : 1110,
      "x" : 20,
      "y" : 340
    },
    "resourceKey" : "collaborationtype/RateCollaboration",
    "toolOptions" : {
      "propertyPaneWidth" : 250,
      "scaleAndTranslationState" : {
        "lastZoomRequest" : 0,
        "scale" : 0.5656572314229498,
        "translate" : [ 449.5662317923288, 58.84490059450498 ]
      }
    },
    "type" : 14
  }, {
    "isPinned" : false,
    "name" : "FirstResponderResponse",
    "pane" : {
      "h" : 700,
      "w" : 1350,
      "x" : 20,
      "y" : 720
    },
    "resourceKey" : "client/FirstResponderResponse",
    "type" : 63
  }, {
    "isPinned" : false,
    "name" : "Patient",
    "pane" : {
      "h" : 400,
      "w" : 600,
      "x" : 1390,
      "y" : 720
    },
    "resourceKey" : "type/Patient",
    "type" : 6
  }, {
    "isPinned" : false,
    "name" : "PatientResponse",
    "pane" : {
      "h" : 700,
      "w" : 1130,
      "x" : 20,
      "y" : 1440
    },
    "resourceKey" : "client/PatientResponse",
    "type" : 63
  }, {
    "isPinned" : false,
    "name" : "VantiqPushNotification",
    "pane" : {
      "h" : 400,
      "w" : 600,
      "x" : 20,
      "y" : 2160
    },
    "resourceKey" : "source/VantiqPushNotification",
    "type" : 5
  }, {
    "dockLocation" : "top",
    "isPinned" : false,
    "name" : "Inactive Panes",
    "pane" : {
      "h" : 10,
      "w" : 10,
      "x" : -6000,
      "y" : -6000
    },
    "type" : 99
  }, {
    "isPinned" : false,
    "name" : "Project Contents",
    "pane" : {
      "h" : 602,
      "w" : 210,
      "x" : 0,
      "y" : 0
    },
    "type" : 2
  }, {
    "isPinned" : false,
    "name" : "Errors",
    "pane" : {
      "h" : 200,
      "w" : 1920,
      "x" : 0,
      "y" : 0
    },
    "type" : 13
  } ],
  "type" : "dev",
  "views" : [ {
    "name" : "Main",
    "projectToolKeys" : [ "graph/Project Resource Graph", "cmeditorprocedure/UpdatePatient", "collaborationgraph/RateCollaboration", "client/FirstResponderResponse", "subtypeeditor/Patient", "client/PatientResponse", "subsourceeditor/VantiqPushNotification", "tiledock/Inactive Panes", "list/Project Contents", "errorviewer/Errors" ]
  } ]
}