{
  "active" : true,
  "appType" : true,
  "ars_properties" : {
    "dataVersion" : 5,
    "graph" : {
      "coordinates" : {
        "EvacuationNotify" : {
          "x" : -97.5,
          "y" : 240
        },
        "EvacuationRequired" : {
          "x" : -97.5,
          "y" : 160
        },
        "WarnNotify" : {
          "x" : 97.5,
          "y" : 240
        },
        "WarnResidents" : {
          "x" : 97.5,
          "y" : 160
        },
        "WeatherReadings" : {
          "x" : 0,
          "y" : 0
        },
        "com_vantiq_weatherEmergencies_isDangerousWeather" : {
          "x" : 0,
          "y" : 80
        }
      },
      "lastZoomRequest" : 0,
      "scale" : 0.5385412363596611,
      "translate" : [ 196.37718609553065, 105.32594418327643 ]
    },
    "groupSettings" : {
      "appGroupOpenHash" : {
        "actions" : true
      },
      "ctGroupOpenHash" : {
        "actions" : true,
        "mobile" : true
      },
      "ctServiceOpen" : false,
      "serviceGroupOpenHash" : { }
    }
  },
  "ars_relationships" : [ ],
  "assembly" : {
    "EvacuationNotify" : {
      "configuration" : {
        "childStreams" : null,
        "eventTypeName" : "EvacuateNotification",
        "parentStreams" : [ "com_vantiq_weatherEmergencies_isDangerousWeather_EvacuationMessage" ],
        "service" : "com.vantiq.weatherEmergencies.DetectWeatherEmergency"
      },
      "downstreamReferences" : { },
      "pattern" : "PublishToService",
      "patternVersion" : 1,
      "uuid" : "5e4be531-8310-44bb-81d1-5190949dc7ae"
    },
    "WarnNotify" : {
      "configuration" : {
        "childStreams" : null,
        "eventTypeName" : "WarnNotification",
        "parentStreams" : [ "com_vantiq_weatherEmergencies_isDangerousWeather_WarnMessage" ],
        "service" : "com.vantiq.weatherEmergencies.DetectWeatherEmergency"
      },
      "downstreamReferences" : { },
      "pattern" : "PublishToService",
      "patternVersion" : 1,
      "uuid" : "3be774a6-e181-4d8a-8aa9-a5a193e74119"
    },
    "WeatherReadings" : {
      "configuration" : {
        "childStreams" : [ "com_vantiq_weatherEmergencies_isDangerousWeather" ],
        "eventTypeName" : "WeatherEvents",
        "inboundResource" : "services",
        "inboundResourceId" : "com.vantiq.weatherEmergencies.DetectWeatherEmergency",
        "parentStreams" : [ ]
      },
      "downstreamReferences" : { },
      "pattern" : "EventStream",
      "patternVersion" : 1,
      "uuid" : "c5003d19-1374-48a9-8eca-40abdb54042c"
    },
    "com_vantiq_weatherEmergencies_isDangerousWeather" : {
      "configuration" : {
        "EvacuationRequired" : [ "EvacuationNotify" ],
        "WarnResidents" : [ "WarnNotify" ],
        "parentStreams" : [ ]
      },
      "downstreamReferences" : { },
      "downstreamUUIDS" : {
        "EvacuationRequired" : "ced3ec25-bb02-47ac-b9d5-b1674081a946",
        "WarnResidents" : "ab592163-7e6c-47cf-b393-8b0bf330237e"
      },
      "isComponent" : true,
      "pattern" : "com.vantiq.weatherEmergencies.isDangerousWeather",
      "rootTasks" : [ "com_vantiq_weatherEmergencies_isDangerousWeather_getTemperatureAndWind" ],
      "uuid" : "a01c47f3-6df4-4a74-b807-e3d5fbb1c02b"
    },
    "com_vantiq_weatherEmergencies_isDangerousWeather_EvacuationMessage" : {
      "componentReference" : "com_vantiq_weatherEmergencies_isDangerousWeather",
      "configuration" : {
        "childStreams" : [ "EvacuationNotify" ],
        "enableBadging" : true,
        "parentStreams" : [ "com_vantiq_weatherEmergencies_isDangerousWeather_FireConditionsDetected" ],
        "transformation" : {
          "message" : {
            "expression" : "now().toString() + \": Fire conditions detected. The temperature is  \"+ toDecimal(event.temperature, 1).toString() + \" and wind speed is \" + event.windSpeed + \" Please evacuate to avoid further danger.\"",
            "type" : "expression"
          }
        },
        "upsert" : false
      },
      "downstreamReferences" : {
        "event" : "EvacuationRequired"
      },
      "name" : "com_vantiq_weatherEmergencies_isDangerousWeather_EvacuationMessage",
      "pattern" : "Transformation",
      "patternVersion" : 1
    },
    "com_vantiq_weatherEmergencies_isDangerousWeather_FireConditionsDetected" : {
      "componentReference" : "com_vantiq_weatherEmergencies_isDangerousWeather",
      "configuration" : {
        "childStreams" : [ "com_vantiq_weatherEmergencies_isDangerousWeather_EvacuationMessage" ],
        "condition" : "event.temperature > 100 && event.windSpeed > 20",
        "enableBadging" : true,
        "parentStreams" : [ "com_vantiq_weatherEmergencies_isDangerousWeather_getTemperatureAndWind" ],
        "upsert" : false
      },
      "name" : "com_vantiq_weatherEmergencies_isDangerousWeather_FireConditionsDetected",
      "pattern" : "Filter",
      "patternVersion" : 1
    },
    "com_vantiq_weatherEmergencies_isDangerousWeather_WarnMessage" : {
      "componentReference" : "com_vantiq_weatherEmergencies_isDangerousWeather",
      "configuration" : {
        "childStreams" : [ "WarnNotify" ],
        "enableBadging" : true,
        "parentStreams" : [ "com_vantiq_weatherEmergencies_isDangerousWeather_isDangerousCondition" ],
        "transformation" : {
          "message" : {
            "expression" : "now().toString() + \": Be careful! Dangerous temperatures have been recorded. It is currently \" + toDecimal(event.temperature, 1).toString() + \" degrees.\"",
            "type" : "expression"
          }
        },
        "upsert" : false
      },
      "downstreamReferences" : {
        "event" : "WarnResidents"
      },
      "name" : "com_vantiq_weatherEmergencies_isDangerousWeather_WarnMessage",
      "pattern" : "Transformation",
      "patternVersion" : 1
    },
    "com_vantiq_weatherEmergencies_isDangerousWeather_getTemperatureAndWind" : {
      "componentReference" : "com_vantiq_weatherEmergencies_isDangerousWeather",
      "configuration" : {
        "childStreams" : [ "com_vantiq_weatherEmergencies_isDangerousWeather_isDangerousCondition", "com_vantiq_weatherEmergencies_isDangerousWeather_FireConditionsDetected" ],
        "enableBadging" : true,
        "parentStreams" : [ "WeatherReadings" ],
        "transformation" : {
          "temperature" : {
            "expression" : "toReal(event.temp)",
            "type" : "expression"
          },
          "windSpeed" : {
            "expression" : "toReal(event.wind)",
            "type" : "expression"
          }
        },
        "upsert" : false
      },
      "isRoot" : true,
      "name" : "com_vantiq_weatherEmergencies_isDangerousWeather_getTemperatureAndWind",
      "pattern" : "Transformation",
      "patternVersion" : 1
    },
    "com_vantiq_weatherEmergencies_isDangerousWeather_isDangerousCondition" : {
      "componentReference" : "com_vantiq_weatherEmergencies_isDangerousWeather",
      "configuration" : {
        "childStreams" : [ "com_vantiq_weatherEmergencies_isDangerousWeather_WarnMessage" ],
        "condition" : "event.temperature < -10 || event.temperature >  90",
        "enableBadging" : true,
        "parentStreams" : [ "com_vantiq_weatherEmergencies_isDangerousWeather_getTemperatureAndWind" ],
        "upsert" : false
      },
      "name" : "com_vantiq_weatherEmergencies_isDangerousWeather_isDangerousCondition",
      "pattern" : "Filter",
      "patternVersion" : 1
    }
  },
  "collaboratorRoles" : [ ],
  "contextualizedAssembly" : { },
  "disableBadging" : false,
  "entityRoles" : [ ],
  "isComponent" : false,
  "isEventHandler" : true,
  "keyTypes" : [ "system.collaborations" ],
  "name" : "com.vantiq.weatherEmergencies.DetectWeatherEmergency_WeatherEvents_EventHandler"
}