{
  "active" : true,
  "appType" : false,
  "ars_properties" : {
    "dataVersion" : 5,
    "graph" : {
      "lastZoomRequest" : 3,
      "scale" : 0.9886896551724138,
      "translate" : [ 211.54937931034482, 42.07337931034483 ]
    },
    "groupSettings" : {
      "appGroupOpenHash" : {
        "actions" : true,
        "filters" : true,
        "flowControl" : true
      },
      "ctGroupOpenHash" : {
        "actions" : true,
        "mobile" : true
      },
      "ctServiceOpen" : false,
      "serviceGroupOpenHash" : { }
    },
    "paletteWidth" : 170,
    "propertyWidth" : 280
  },
  "ars_relationships" : [ ],
  "assembly" : {
    "Initiate" : {
      "additionalBehaviors" : [ {
        "behaviors" : [ {
          "description" : null,
          "name" : "PublishToTopic",
          "parameters" : [ {
            "name" : "collaboration",
            "type" : "reference",
            "value" : "collaboration"
          }, {
            "name" : "topic",
            "type" : "String",
            "value" : "/temperature/warning"
          }, {
            "name" : "event",
            "type" : "expression",
            "value" : "collaboration.results.Initiate.event"
          } ],
          "type" : "activity",
          "uuid" : null
        } ],
        "condition" : "true",
        "description" : null,
        "name" : null,
        "uuid" : "80d50532-c57c-485a-8075-7d92ba50b726"
      } ],
      "cancellationCondition" : [ ],
      "completionCondition" : [ ],
      "configuration" : {
        "condition" : "event.name == \"com.vantiq.weatherEmergencies.WarnNotification\"",
        "inboundResource" : "types",
        "inboundResourceId" : "system.situations",
        "op" : "INSERT"
      },
      "continuationCondition" : [ ],
      "instanceParameters" : [ ],
      "pattern" : "InitiateCollaboration",
      "uuid" : "0fb6bd00-8f3a-41b5-8160-b893337f4985"
    },
    "PublishToTopic" : {
      "additionalBehaviors" : [ ],
      "cancellationCondition" : [ ],
      "completionCondition" : [ ],
      "configuration" : { },
      "continuationCondition" : [ ],
      "instanceParameters" : [ ],
      "pattern" : "Collaboration.PublishToTopic",
      "uuid" : "37350de7-bc0d-4b2a-b07b-2949eb22f584"
    }
  },
  "collaboratorRoles" : [ ],
  "compilerOCC" : 1,
  "currentState" : {
    "code" : "success"
  },
  "disableBadging" : false,
  "entityRoles" : [ ],
  "isComponent" : false,
  "keyTypes" : [ "system.collaborations" ],
  "name" : "com.vantiq.weatherEmergencies.WarnNotification",
  "resourceBinding" : {
    "optionalResources" : [ ],
    "requiredResources" : [ {
      "resource" : "procedures",
      "resourceId" : "com.vantiq.weatherEmergencies.WarnNotification.PublishToTopic.start"
    }, {
      "resource" : "rules",
      "resourceId" : "com.vantiq.weatherEmergencies.WarnNotification.Initiate_DetectCondition"
    }, {
      "resource" : "rules",
      "resourceId" : "com.vantiq.weatherEmergencies.WarnNotification.Initiate_CloseCollaboration"
    }, {
      "resource" : "rules",
      "resourceId" : "com.vantiq.weatherEmergencies.WarnNotification.Initiate_NewCollaboration"
    } ]
  }
}