{
  "links" : [ {
    "source" : "client/DeploymentClient",
    "target" : "topic//my/response/topic"
  }, {
    "source" : "type/com.vantiq.ims.Store",
    "target" : "client/DeploymentClient"
  }, {
    "source" : "type/com.vantiq.ims.Store",
    "target" : "rule/com.vantiq.ims.checkInventory"
  }, {
    "source" : "topic//com.vantiq.ims/NewOrder",
    "target" : "app/distributeProductApp"
  }, {
    "source" : "app/distributeProductApp",
    "target" : "procedure/com.vantiq.ims.shipToStore"
  } ],
  "name" : "DeploymentTutorial",
  "options" : {
    "description" : "This project is used by the Deployment Tutorial to demo the capability of Deployment Tool.\n\nThis sample application simulates inventory checking on a store and asks the factory for more products when inventory is low. The factory will also notify the store when more products are shipped.",
    "dockCollapsed" : {
      "bottom" : false,
      "left" : false,
      "right" : false,
      "top" : false,
      "viewtabs" : false
    },
    "dockDimensions" : {
      "bottom" : 200,
      "debug" : [ 0, 0, 0 ],
      "left" : 210,
      "right" : 220,
      "top" : 0,
      "viewtabs" : 0
    },
    "dockSort" : 1,
    "filterBitArray" : "ffffffffffffffffffffffffffffffff",
    "isModeloProject" : true,
    "layoutStyle" : "tile",
    "rootViewFlavor" : 1,
    "showGrid" : true,
    "tileColumns" : 2,
    "tileRows" : 2,
    "type" : "dev",
    "v" : 4,
    "viewUUID" : "MAINVIEW"
  },
  "resources" : [ {
    "name" : "/com.vantiq.ims/NewOrder",
    "node" : {
      "x" : 390,
      "y" : 61
    },
    "resourceReference" : "/topics//com.vantiq.ims/NewOrder",
    "type" : 10
  }, {
    "label" : "/my/response/topic",
    "name" : "/my/response/topic",
    "node" : {
      "x" : 114.4,
      "y" : 356.5
    },
    "resourceReference" : "/topics//my/response/topic",
    "type" : 10
  }, {
    "inventory" : {
      "clientHash" : [ ],
      "clients" : [ ],
      "collaborationHash" : [ ],
      "collaborations" : [ ],
      "eventstreamHash" : [ ],
      "eventstreams" : [ ],
      "procedureHash" : [ ],
      "procedures" : [ ],
      "sourceHash" : [ ],
      "sources" : [ ],
      "systemmodelHash" : [ ],
      "systemmodels" : [ ],
      "topicHash" : [ "out" ],
      "topics" : [ "/my/response/topic" ],
      "typeHash" : [ "in" ],
      "types" : [ "com.vantiq.ims.Store" ]
    },
    "label" : "DeploymentClient",
    "name" : "DeploymentClient",
    "node" : {
      "x" : 109,
      "y" : 296.6
    },
    "resourceReference" : "/system.clients/DeploymentClient",
    "timestamp" : "2021-03-29T22:39:30.108Z",
    "type" : 15
  }, {
    "name" : "com.vantiq.ims.Store",
    "node" : {
      "x" : 135.7,
      "y" : 204.7
    },
    "resourceReference" : "/types/com.vantiq.ims.Store",
    "timestamp" : "2021-03-29T22:39:29.976Z",
    "type" : 1
  }, {
    "inventory" : {
      "clientHash" : [ ],
      "clients" : [ ],
      "collaborationHash" : [ ],
      "collaborations" : [ ],
      "eventstreamHash" : [ ],
      "eventstreams" : [ ],
      "procedureHash" : [ ],
      "procedures" : [ ],
      "sourceHash" : [ ],
      "sources" : [ ],
      "systemmodelHash" : [ ],
      "systemmodels" : [ ],
      "topicHash" : [ "out" ],
      "topics" : [ "/NewOrder" ],
      "typeHash" : [ "in" ],
      "types" : [ "com.vantiq.ims.Store" ]
    },
    "name" : "com.vantiq.ims.checkInventory",
    "node" : {
      "x" : 203.5,
      "y" : 117.2
    },
    "resourceReference" : "/rules/com.vantiq.ims.checkInventory",
    "timestamp" : "2021-03-29T22:39:30.679Z",
    "type" : 2
  }, {
    "inventory" : {
      "clientHash" : [ ],
      "clients" : [ ],
      "collaborationHash" : [ ],
      "collaborations" : [ ],
      "eventstreamHash" : [ ],
      "eventstreams" : [ ],
      "procedureHash" : [ ],
      "procedures" : [ ],
      "sourceHash" : [ ],
      "sources" : [ ],
      "systemmodelHash" : [ ],
      "systemmodels" : [ ],
      "topicHash" : [ ],
      "topics" : [ ],
      "typeHash" : [ "both" ],
      "types" : [ "Store" ]
    },
    "label" : "com.vantiq.ims.pickupProducts",
    "name" : "com.vantiq.ims.pickupProducts",
    "node" : {
      "x" : 423,
      "y" : 340.4
    },
    "packageName" : "com.vantiq.ims",
    "procedureName" : "pickupProducts",
    "resourceReference" : "/procedures/com.vantiq.ims.pickupProducts",
    "timestamp" : "2021-03-29T22:39:30.674Z",
    "type" : 3
  }, {
    "inventory" : {
      "clientHash" : [ ],
      "clients" : [ ],
      "collaborationHash" : [ ],
      "collaborations" : [ ],
      "eventstreamHash" : [ ],
      "eventstreams" : [ ],
      "procedureHash" : [ "out" ],
      "procedures" : [ "pickupProducts" ],
      "sourceHash" : [ ],
      "sources" : [ ],
      "systemmodelHash" : [ ],
      "systemmodels" : [ ],
      "topicHash" : [ ],
      "topics" : [ ],
      "typeHash" : [ ],
      "types" : [ ]
    },
    "label" : "com.vantiq.ims.shipToStore",
    "name" : "com.vantiq.ims.shipToStore",
    "node" : {
      "x" : 407.1,
      "y" : 254.2
    },
    "packageName" : "com.vantiq.ims",
    "procedureName" : "shipToStore",
    "resourceReference" : "/procedures/com.vantiq.ims.shipToStore",
    "timestamp" : "2021-03-29T22:39:30.682Z",
    "type" : 3
  }, {
    "inventory" : {
      "clientHash" : [ ],
      "clients" : [ ],
      "collaborationHash" : [ ],
      "collaborations" : [ ],
      "eventstreamHash" : [ ],
      "eventstreams" : [ ],
      "procedureHash" : [ "out" ],
      "procedures" : [ "com.vantiq.ims.shipToStore" ],
      "sourceHash" : [ ],
      "sources" : [ ],
      "systemmodelHash" : [ ],
      "systemmodels" : [ ],
      "topicHash" : [ "in" ],
      "topics" : [ "/com.vantiq.ims/NewOrder" ],
      "typeHash" : [ ],
      "types" : [ ]
    },
    "name" : "distributeProductApp",
    "node" : {
      "x" : 505.3,
      "y" : 140
    },
    "resourceReference" : "/collaborationtypes/distributeProductApp",
    "timestamp" : "2021-03-29T22:39:31.492Z",
    "type" : 12
  } ],
  "tools" : [ {
    "isPinned" : false,
    "name" : "Errors",
    "type" : 13
  }, {
    "dockLocation" : "top",
    "isPinned" : false,
    "name" : "Inactive Panes",
    "type" : 99
  }, {
    "isPinned" : false,
    "name" : "Project Contents",
    "type" : 2
  }, {
    "isPinned" : false,
    "name" : "Project Description",
    "pane" : {
      "c" : 1,
      "r" : 0
    },
    "state" : 2,
    "type" : 82
  }, {
    "isPinned" : false,
    "name" : "Project Resource Graph",
    "pane" : {
      "c" : 0,
      "r" : 0
    },
    "state" : 2,
    "toolOptions" : {
      "scaleAndTranslationState" : {
        "lastZoomRequest" : 0,
        "scale" : 0.820175075127377,
        "translate" : [ 54.02847616192423, 14.912933910290633 ]
      }
    },
    "type" : 1
  } ],
  "type" : "dev",
  "views" : [ {
    "name" : "Project Contents",
    "projectToolKeys" : [ "errorviewer/Errors", "tiledock/Inactive Panes", "list/Project Contents", "projectdescription/Project Description", "graph/Project Resource Graph" ]
  } ]
}