{
  "ars_relationships" : [ ],
  "links" : [ {
    "source" : "client/StoreClient",
    "target" : "topic//my/response/topic"
  }, {
    "source" : "services/com.vantiq.ims.StoreService",
    "target" : "rule/com.vantiq.ims.StoreService.orderProduct"
  }, {
    "source" : "rule/com.vantiq.ims.StoreService.orderProduct",
    "target" : "type/com.vantiq.ims.Store"
  }, {
    "source" : "services/com.vantiq.ims.StoreService",
    "target" : "type/com.vantiq.ims.Order"
  }, {
    "source" : "rule/com.vantiq.ims.StoreService.productReceived",
    "target" : "services/com.vantiq.ims.StoreService"
  }, {
    "source" : "rule/com.vantiq.ims.StoreService.orderProduct",
    "target" : "services/com.vantiq.ims.StoreService"
  }, {
    "source" : "services/com.vantiq.ims.StoreService",
    "target" : "document/com.vantiq.ims.StoreService.js"
  }, {
    "source" : "rule/com.vantiq.ims.StoreService.productReceived",
    "target" : "type/com.vantiq.ims.Store"
  }, {
    "source" : "services/com.vantiq.ims.StoreService",
    "target" : "rule/com.vantiq.ims.StoreService.productReceived"
  }, {
    "source" : "client/StoreClient",
    "target" : "type/com.vantiq.ims.Store"
  }, {
    "source" : "services/com.vantiq.ims.FactoryService",
    "target" : "document/com.vantiq.ims.FactoryService.js"
  }, {
    "source" : "rule/com.vantiq.ims.StoreService.orderProduct",
    "target" : "services/com.vantiq.ims.FactoryService"
  }, {
    "source" : "rule/com.vantiq.ims.FactoryService.requestMoreProducts",
    "target" : "services/com.vantiq.ims.FactoryService"
  }, {
    "source" : "rule/com.vantiq.ims.FactoryService.requestMoreProducts",
    "target" : "services/com.vantiq.ims.StoreService"
  }, {
    "source" : "services/com.vantiq.ims.FactoryService",
    "target" : "rule/com.vantiq.ims.FactoryService.requestMoreProducts"
  }, {
    "source" : "services/com.vantiq.ims.FactoryService",
    "target" : "type/com.vantiq.ims.Order"
  } ],
  "name" : "DeploymentTutorial",
  "options" : {
    "description" : "This project is used in the Deployment Tutorial to demonstrate the capability of Deployment Tool.\n\nThis sample application simulates inventory checking on a store and asks the factory for more products when inventory is low. The factory will also notify the store when more products are shipped.",
    "dockCollapsed" : {
      "bottom" : false,
      "left" : false,
      "right" : false,
      "top" : false,
      "viewtabs" : false
    },
    "dockDimensions" : {
      "bottom" : 200,
      "debug" : [ 465.9261073504231, 824.4038926495767 ],
      "left" : 210,
      "right" : 220,
      "top" : 0,
      "viewtabs" : 0
    },
    "exclusionList" : [ "rule/com.vantiq.ims.FactoryService.requestProducts" ],
    "filterBitArray" : "ffffffffffffffffffffffffffffffff",
    "isModeloProject" : true,
    "layoutStyle" : "flex",
    "openFolders" : [ "client", "com.vantiq.ims", "com.vantiq.ims/services", "com.vantiq.ims/type", "services/com.vantiq.ims.FactoryService", "services/com.vantiq.ims.StoreService" ],
    "rootViewFlavor" : 5,
    "showGrid" : true,
    "structure" : {
      "fraction" : 1,
      "type" : "R[1]"
    },
    "type" : "dev",
    "v" : 5,
    "viewUUID" : "MAINVIEW"
  },
  "partitions" : [ {
    "constraint" : "default",
    "dynamicNodeNames" : [ ],
    "introNode" : {
      "x" : 761.4305306282833,
      "y" : 51.55221264229749
    },
    "isDynamic" : false,
    "members" : [ ],
    "parameters" : [ ],
    "partitionId" : "62f79cf5-7133-4dd0-93f8-a10632fc91e3",
    "targetNodeConstraints" : [ ],
    "targetNodeNames" : [ ]
  } ],
  "resources" : [ {
    "label" : "/my/response/topic",
    "name" : "/my/response/topic",
    "node" : {
      "x" : 1401.9,
      "y" : 510.6
    },
    "resourceReference" : "/topics//my/response/topic",
    "type" : 10
  }, {
    "label" : "StoreClient",
    "name" : "StoreClient",
    "node" : {
      "x" : 1404,
      "y" : 464.5
    },
    "resourceReference" : "/system.clients/StoreClient",
    "timestamp" : "2023-12-18T16:51:10.509Z",
    "type" : 15
  }, {
    "label" : "com.vantiq.ims.FactoryService",
    "name" : "com.vantiq.ims.FactoryService",
    "resourceReference" : "/system.services/com.vantiq.ims.FactoryService",
    "timestamp" : "2023-12-18T16:51:10.687Z",
    "type" : 63
  }, {
    "label" : "com.vantiq.ims.FactoryService.js",
    "name" : "com.vantiq.ims.FactoryService.js",
    "resourceReference" : "/documents/com.vantiq.ims.FactoryService.js",
    "timestamp" : "2023-12-18T16:51:11.198Z",
    "type" : 19
  }, {
    "label" : "com.vantiq.ims.FactoryService.requestMoreProducts",
    "name" : "com.vantiq.ims.FactoryService.requestMoreProducts",
    "resourceReference" : "/rules/com.vantiq.ims.FactoryService.requestMoreProducts",
    "timestamp" : "2023-12-18T16:51:11.485Z",
    "type" : 2
  }, {
    "label" : "com.vantiq.ims.Order",
    "name" : "com.vantiq.ims.Order",
    "node" : {
      "x" : 930.1,
      "y" : 62.2
    },
    "resourceReference" : "/types/com.vantiq.ims.Order",
    "timestamp" : "2023-12-18T16:51:10.206Z",
    "type" : 1
  }, {
    "label" : "com.vantiq.ims.Store",
    "name" : "com.vantiq.ims.Store",
    "node" : {
      "x" : 1415.9,
      "y" : 398.6
    },
    "resourceReference" : "/types/com.vantiq.ims.Store",
    "timestamp" : "2023-12-18T16:51:10.318Z",
    "type" : 1
  }, {
    "label" : "com.vantiq.ims.StoreService",
    "name" : "com.vantiq.ims.StoreService",
    "node" : {
      "x" : 1423.6,
      "y" : 176
    },
    "resourceReference" : "/system.services/com.vantiq.ims.StoreService",
    "timestamp" : "2023-12-18T16:51:10.686Z",
    "type" : 63
  }, {
    "label" : "com.vantiq.ims.StoreService.js",
    "name" : "com.vantiq.ims.StoreService.js",
    "resourceReference" : "/documents/com.vantiq.ims.StoreService.js",
    "timestamp" : "2023-12-18T16:51:11.279Z",
    "type" : 19
  }, {
    "label" : "com.vantiq.ims.StoreService.orderProduct",
    "name" : "com.vantiq.ims.StoreService.orderProduct",
    "node" : {
      "x" : 1097.2,
      "y" : 308.9
    },
    "resourceReference" : "/rules/com.vantiq.ims.StoreService.orderProduct",
    "timestamp" : "2023-12-18T16:51:11.486Z",
    "type" : 2
  }, {
    "label" : "com.vantiq.ims.StoreService.productReceived",
    "name" : "com.vantiq.ims.StoreService.productReceived",
    "node" : {
      "x" : 1624.3,
      "y" : 315.7
    },
    "resourceReference" : "/rules/com.vantiq.ims.StoreService.productReceived",
    "timestamp" : "2023-12-18T16:51:11.450Z",
    "type" : 2
  } ],
  "tools" : [ {
    "isPinned" : false,
    "name" : "Errors",
    "type" : 13
  }, {
    "dockLocation" : "top",
    "isPinned" : false,
    "name" : "Inactive Panes",
    "type" : 99
  }, {
    "isPinned" : false,
    "name" : "Log Messages",
    "type" : 12
  }, {
    "isPinned" : false,
    "name" : "Project Contents",
    "type" : 2
  }, {
    "isPinned" : false,
    "name" : "Project Description",
    "pane" : {
      "address" : "R[0]",
      "isActive" : true,
      "isActiveTool" : true
    },
    "state" : 8,
    "type" : 82
  } ],
  "type" : "dev",
  "views" : [ {
    "name" : "Project Contents",
    "projectToolKeys" : [ "errorviewer/Errors", "tiledock/Inactive Panes", "logviewer/Log Messages", "list/Project Contents", "projectdescription/Project Description" ]
  } ]
}