{
  "links" : [ {
    "source" : "type/SystemHUD",
    "target" : "subscription/SystemHUD"
  }, {
    "source" : "type/EngineTemp",
    "target" : "app/EngineMonitor"
  }, {
    "source" : "type/EngineSpeed",
    "target" : "app/EngineMonitor"
  }, {
    "source" : "type/SystemStatus",
    "target" : "client/EngineSimulation"
  }, {
    "source" : "type/SystemHUD",
    "target" : "client/EngineSimulation"
  }, {
    "source" : "app/EngineMonitor",
    "target" : "type/SystemHUD"
  }, {
    "source" : "app/EngineMonitor",
    "target" : "type/SystemStatus"
  }, {
    "source" : "client/EngineSimulation",
    "target" : "topic//my/response/topic"
  } ],
  "name" : "EngineMonitor",
  "options" : {
    "description" : "The EngineMonitor (Introductory) Tutorial walks through the creation of a simple app shown below.\n\nTo test the app out, start both of the data generators by checking both checkboxes next to the 2 rows and clicking play in the title bar. When the data generators start you should see badges appear over each task indicating the execution count for each task.\n\nAs data flows through the app, you'll notice events show up in real time in the SystemHUD subscription to the right of the app. This shows the updates made to the HUD in real time. To view the raw output of any task in the app, right click on any of the tasks and select \"View Task Events\", which will open a subscription pane that shows each event as it flows out of the task.\n\nBelow the app you should see a client which visualizes different pieces of the simulation. When the data generators, app and client are all running you should see line charts in the client showing the independently changing speed and temperature readings, as well as guages showing the most recent values and a pie chart showing the ratios of the different alert messages.\n\nPause the client using the pause button in the title bar and click on any of the widgets or view the Data Streams to learn more about the client implementation. ",
    "filterBitArray" : "ffffffffffffffffffffffffffffffff",
    "isModeloProject" : true,
    "layoutStyle" : "custom",
    "showGrid" : true,
    "v" : 2
  },
  "resources" : [ {
    "name" : "/my/response/topic",
    "node" : {
      "x" : 157.8799310536808,
      "y" : 305.0735988913136
    },
    "type" : 10
  }, {
    "inventory" : {
      "appmodelHash" : [ ],
      "appmodels" : [ ],
      "clientHash" : [ ],
      "clients" : [ ],
      "collaborationHash" : [ ],
      "collaborations" : [ ],
      "eventstreamHash" : [ ],
      "eventstreams" : [ ],
      "pagesetHash" : [ ],
      "pagesets" : [ ],
      "procedureHash" : [ ],
      "procedures" : [ ],
      "sourceHash" : [ ],
      "sources" : [ ],
      "systemmodelHash" : [ ],
      "systemmodels" : [ ],
      "topicHash" : [ ],
      "topics" : [ ],
      "typeHash" : [ "in", "in", "out", "out" ],
      "types" : [ "EngineSpeed", "EngineTemp", "SystemHUD", "SystemStatus" ]
    },
    "label" : "EngineMonitor",
    "name" : "EngineMonitor",
    "node" : {
      "x" : 302.96435531971724,
      "y" : 59.994041683287506
    },
    "timestamp" : "2019-02-26T22:30:00.324Z",
    "type" : 12
  }, {
    "inventory" : {
      "appmodelHash" : [ ],
      "appmodels" : [ ],
      "clientHash" : [ ],
      "clients" : [ ],
      "collaborationHash" : [ ],
      "collaborations" : [ ],
      "eventstreamHash" : [ ],
      "eventstreams" : [ ],
      "pagesetHash" : [ ],
      "pagesets" : [ ],
      "procedureHash" : [ ],
      "procedures" : [ ],
      "sourceHash" : [ ],
      "sources" : [ ],
      "systemmodelHash" : [ ],
      "systemmodels" : [ ],
      "topicHash" : [ "out" ],
      "topics" : [ "/my/response/topic" ],
      "typeHash" : [ "in", "in" ],
      "types" : [ "SystemStatus", "SystemHUD" ]
    },
    "label" : "EngineSimulation",
    "name" : "EngineSimulation",
    "node" : {
      "x" : 291.6590600185485,
      "y" : 240.76354691155944
    },
    "timestamp" : "2019-02-26T22:29:57.781Z",
    "type" : 15
  }, {
    "label" : "EngineSpeed",
    "name" : "EngineSpeed",
    "node" : {
      "x" : 418.4598639987412,
      "y" : -7.510056171616611
    },
    "timestamp" : "2019-02-26T22:14:05.605Z",
    "type" : 1
  }, {
    "label" : "EngineTemp",
    "name" : "EngineTemp",
    "node" : {
      "x" : 196.88249066512026,
      "y" : -7.765757464626375
    },
    "timestamp" : "2019-02-26T22:14:05.605Z",
    "type" : 1
  }, {
    "label" : "SystemHUD",
    "name" : "SystemHUD",
    "node" : {
      "x" : 408.1376056238077,
      "y" : 168.16570367198096
    },
    "timestamp" : "2019-02-26T22:14:05.670Z",
    "type" : 1
  }, {
    "inventory" : {
      "appmodelHash" : [ ],
      "appmodels" : [ ],
      "clientHash" : [ ],
      "clients" : [ ],
      "collaborationHash" : [ ],
      "collaborations" : [ ],
      "eventstreamHash" : [ ],
      "eventstreams" : [ ],
      "pagesetHash" : [ ],
      "pagesets" : [ ],
      "procedureHash" : [ ],
      "procedures" : [ ],
      "sourceHash" : [ ],
      "sources" : [ ],
      "systemmodelHash" : [ ],
      "systemmodels" : [ ],
      "topicHash" : [ ],
      "topics" : [ ],
      "typeHash" : [ "in" ],
      "types" : [ "SystemHUD" ]
    },
    "label" : "SystemHUD",
    "name" : "SystemHUD",
    "node" : {
      "x" : 572.8218843059824,
      "y" : 292.2964013908854
    },
    "timestamp" : "2019-02-26T22:29:58.818Z",
    "type" : 9
  }, {
    "label" : "SystemStatus",
    "name" : "SystemStatus",
    "node" : {
      "x" : 217.11444017599882,
      "y" : 167.48239623143868
    },
    "timestamp" : "2019-02-26T22:14:05.669Z",
    "type" : 1
  } ],
  "tools" : [ {
    "isPinned" : false,
    "name" : "Data Generators",
    "pane" : {
      "h" : 240,
      "w" : 600,
      "x" : 800,
      "y" : 400
    },
    "type" : 47
  }, {
    "isPinned" : false,
    "name" : "Project Resource Graph",
    "pane" : {
      "h" : 360,
      "w" : 600,
      "x" : 800,
      "y" : 20
    },
    "toolOptions" : {
      "scaleAndTranslationState" : {
        "lastZoomRequest" : 0,
        "scale" : 0.7418516099124758,
        "translate" : [ 31.210342453467376, 83.84381531897938 ]
      }
    },
    "type" : 1
  }, {
    "isPinned" : false,
    "name" : "EngineMonitor",
    "pane" : {
      "h" : 500,
      "w" : 760,
      "x" : 20,
      "y" : 610
    },
    "resourceKey" : "app/EngineMonitor",
    "type" : 15
  }, {
    "isPinned" : false,
    "name" : "Project Description",
    "pane" : {
      "h" : 570,
      "w" : 760,
      "x" : 20,
      "y" : 20
    },
    "type" : 82
  }, {
    "isPinned" : false,
    "name" : "EngineSimulation",
    "pane" : {
      "h" : 860,
      "w" : 1270,
      "x" : 20,
      "y" : 1130
    },
    "resourceKey" : "client/EngineSimulation",
    "toolOptions" : {
      "isRunning" : true
    },
    "type" : 63
  }, {
    "isPinned" : false,
    "name" : "SystemHUD",
    "pane" : {
      "h" : 450,
      "w" : 600,
      "x" : 800,
      "y" : 660
    },
    "resourceKey" : "subscription/SystemHUD",
    "type" : 7
  } ],
  "type" : "dev",
  "views" : [ {
    "name" : "Main",
    "projectToolKeys" : [ "datagenerators/Data Generators", "graph/Project Resource Graph", "app/EngineMonitor", "projectdescription/Project Description", "client/EngineSimulation", "subsubscribeeditor/SystemHUD" ]
  } ]
}