{
  "active" : true,
  "appType" : true,
  "ars_properties" : {
    "dataVersion" : 5,
    "graph" : {
      "coordinates" : {
        "AddNonSpeedOverheat" : {
          "x" : -215,
          "y" : 400
        },
        "AddSpeedOverheat" : {
          "x" : 0,
          "y" : 400
        },
        "ClearAlert" : {
          "x" : 107.5,
          "y" : 200
        },
        "DetectSituation" : {
          "x" : -26.1796875,
          "y" : 195
        },
        "Ingest" : {
          "x" : 0,
          "y" : -5
        },
        "NoAlert" : {
          "x" : 107.5,
          "y" : 100
        },
        "NonSpeedOverheat" : {
          "x" : -215,
          "y" : 300
        },
        "OverheatCheck" : {
          "x" : -107.5,
          "y" : 100
        },
        "PublishStatus" : {
          "x" : -107.5,
          "y" : 500
        },
        "React" : {
          "x" : -76.6015625,
          "y" : 345
        },
        "RetrieveSpeed" : {
          "x" : -107.5,
          "y" : 200
        },
        "SensorReading" : {
          "x" : 0,
          "y" : 0
        },
        "SpeedOverheat" : {
          "x" : 0,
          "y" : 300
        }
      },
      "lastZoomRequest" : 0,
      "scale" : 0.5800625116800523,
      "translate" : [ 345.6378517773495, 65.9593722764289 ]
    },
    "groupSettings" : {
      "appGroupOpenHash" : {
        "actions" : true,
        "collab" : true,
        "component" : true,
        "custom" : true,
        "filters" : true,
        "math" : true,
        "mobile" : true,
        "modifiers" : true,
        "nlp" : true,
        "serviceevents" : true,
        "vision" : true
      },
      "ctGroupOpenHash" : {
        "actions" : true,
        "mobile" : true
      },
      "ctServiceOpen" : true,
      "serviceGroupOpenHash" : {
        "Chat" : true,
        "NLCustomTest" : true,
        "NLTest" : true,
        "NatLangTutorial" : true,
        "Notification" : true,
        "Recommend" : true,
        "Utils" : true,
        "a-b-c-daphne" : true,
        "apps-services-ChatApp" : true,
        "apps-services-TestApp" : true,
        "apps-services-TestNotifyClose" : true,
        "com-vantiq-aService" : true,
        "com-vantiq-engines-EngineMonitor" : true,
        "io-fred-test2-Recommender" : true,
        "io-fred-test2-Utils" : true,
        "patient-monitoring-HeartRate" : true
      }
    },
    "isHidden" : false,
    "paletteWidth" : 170,
    "propertyWidth" : 280
  },
  "ars_relationships" : [ ],
  "assembly" : {
    "AddNonSpeedOverheat" : {
      "configuration" : {
        "childStreams" : [ "PublishStatus" ],
        "imports" : null,
        "outboundResource" : null,
        "outboundResourceConfig" : null,
        "outboundResourceId" : null,
        "parentStreams" : [ "NonSpeedOverheat" ],
        "schema" : null,
        "transformInPlace" : true,
        "transformation" : {
          "alertMsg" : {
            "expression" : "\"Your engine is overheating: check for a malfunctioning fan or a coolant leak.\"",
            "type" : "expression"
          }
        },
        "upsert" : false
      },
      "context" : "React",
      "downstreamReferences" : { },
      "pattern" : "Transformation",
      "patternVersion" : 1,
      "uuid" : "e07b8c40-4c29-40d6-88f5-eaaecb2bb818"
    },
    "AddSpeedOverheat" : {
      "configuration" : {
        "childStreams" : [ "PublishStatus" ],
        "imports" : null,
        "outboundResource" : null,
        "outboundResourceConfig" : null,
        "outboundResourceId" : null,
        "parentStreams" : [ "SpeedOverheat" ],
        "schema" : null,
        "transformInPlace" : true,
        "transformation" : {
          "alertMsg" : {
            "expression" : "\"Your engine is overheating: please reduce your speed.\"",
            "type" : "expression"
          }
        },
        "upsert" : false
      },
      "context" : "React",
      "downstreamReferences" : { },
      "pattern" : "Transformation",
      "patternVersion" : 1,
      "uuid" : "7e4033f8-1d85-4010-87ae-fca3ce1cbc32"
    },
    "ClearAlert" : {
      "configuration" : {
        "childStreams" : [ "PublishStatus" ],
        "imports" : null,
        "outboundResource" : null,
        "outboundResourceConfig" : null,
        "outboundResourceId" : null,
        "parentStreams" : [ "NoAlert" ],
        "schema" : null,
        "transformInPlace" : true,
        "transformation" : {
          "alertMsg" : {
            "expression" : "\"\"",
            "type" : "expression"
          }
        },
        "upsert" : false
      },
      "context" : "React",
      "downstreamReferences" : { },
      "pattern" : "Transformation",
      "patternVersion" : 1,
      "uuid" : "3b3450a0-8d69-4989-894a-6d5366a8d503"
    },
    "NoAlert" : {
      "configuration" : {
        "childStreams" : [ "ClearAlert" ],
        "condition" : [ {
          "expression" : "210",
          "op" : "<",
          "prop" : "temperature"
        } ],
        "imports" : null,
        "outboundResource" : null,
        "outboundResourceConfig" : null,
        "outboundResourceId" : null,
        "parentStreams" : [ "SensorReading" ],
        "upsert" : false
      },
      "context" : "DetectSituation",
      "downstreamReferences" : { },
      "pattern" : "Filter",
      "patternVersion" : 1,
      "uuid" : "1158b4be-0bcc-4a75-bd6f-d7a614e833a1"
    },
    "NonSpeedOverheat" : {
      "configuration" : {
        "childStreams" : [ "AddNonSpeedOverheat" ],
        "condition" : [ {
          "expression" : "45",
          "op" : "<",
          "prop" : "speed"
        } ],
        "imports" : null,
        "outboundResource" : null,
        "outboundResourceConfig" : null,
        "outboundResourceId" : null,
        "parentStreams" : [ "RetrieveSpeed" ],
        "upsert" : false
      },
      "context" : "DetectSituation",
      "downstreamReferences" : { },
      "pattern" : "Filter",
      "patternVersion" : 1,
      "uuid" : "9a71e866-807d-4c61-82b5-062894f647d7"
    },
    "OverheatCheck" : {
      "configuration" : {
        "childStreams" : [ "RetrieveSpeed" ],
        "condition" : [ {
          "expression" : "210",
          "op" : ">=",
          "prop" : "temperature"
        } ],
        "imports" : null,
        "outboundResource" : null,
        "outboundResourceConfig" : null,
        "outboundResourceId" : null,
        "parentStreams" : [ "SensorReading" ],
        "upsert" : false
      },
      "context" : "DetectSituation",
      "downstreamReferences" : { },
      "pattern" : "Filter",
      "patternVersion" : 1,
      "uuid" : "78501b1e-440f-4900-896a-855db0551a57"
    },
    "PublishStatus" : {
      "configuration" : {
        "childStreams" : null,
        "eventTypeName" : "EngineStatus",
        "parentStreams" : [ "AddNonSpeedOverheat", "AddSpeedOverheat", "ClearAlert" ],
        "processedByClause" : null,
        "service" : "com.vantiq.engines.EngineMonitor"
      },
      "context" : "React",
      "downstreamReferences" : { },
      "pattern" : "PublishToService",
      "patternVersion" : 1,
      "uuid" : "a251719d-8f22-41c5-8dce-f00a3026f19d"
    },
    "RetrieveSpeed" : {
      "configuration" : {
        "childStreams" : [ "SpeedOverheat", "NonSpeedOverheat" ],
        "imports" : null,
        "outboundResource" : null,
        "outboundResourceConfig" : null,
        "outboundResourceId" : null,
        "parentStreams" : [ "OverheatCheck" ],
        "schema" : null,
        "transformInPlace" : true,
        "transformation" : {
          "speed" : {
            "expression" : "com.vantiq.engines.EngineMonitor.speedGet()",
            "type" : "expression"
          }
        },
        "upsert" : false
      },
      "context" : "DetectSituation",
      "downstreamReferences" : { },
      "pattern" : "Transformation",
      "patternVersion" : 1,
      "uuid" : "8093e27d-09bd-432f-b63b-e3cf09a98b27"
    },
    "SensorReading" : {
      "configuration" : {
        "childStreams" : [ "OverheatCheck", "NoAlert" ],
        "condition" : "",
        "eventTypeName" : "TemperatureEvent",
        "inboundResource" : "services",
        "inboundResourceId" : "com.vantiq.engines.EngineMonitor",
        "op" : null,
        "outboundResource" : null,
        "outboundResourceConfig" : null,
        "outboundResourceId" : null,
        "parentStreams" : [ ],
        "schema" : null,
        "upsert" : false
      },
      "context" : "Ingest",
      "downstreamReferences" : { },
      "pattern" : "EventStream",
      "patternVersion" : 2,
      "uuid" : "16dd3051-0937-45e6-8a18-1051b1ac72ee"
    },
    "SpeedOverheat" : {
      "configuration" : {
        "childStreams" : [ "AddSpeedOverheat" ],
        "condition" : [ {
          "expression" : "45",
          "op" : ">=",
          "prop" : "speed"
        } ],
        "imports" : null,
        "outboundResource" : null,
        "outboundResourceConfig" : null,
        "outboundResourceId" : null,
        "parentStreams" : [ "RetrieveSpeed" ],
        "upsert" : false
      },
      "context" : "DetectSituation",
      "downstreamReferences" : { },
      "pattern" : "Filter",
      "patternVersion" : 1,
      "uuid" : "f136e469-e8de-4579-a1ee-bc819b4cd137"
    }
  },
  "collaboratorRoles" : [ ],
  "contextualizedAssembly" : {
    "DetectSituation" : {
      "children" : [ "React" ],
      "description" : "Determine if there is a significant situation which must be reported",
      "name" : "DetectSituation",
      "type" : "Detect",
      "uuid" : "42777352-4653-453c-bf80-407ada83f758"
    },
    "Ingest" : {
      "children" : [ "Analyze" ],
      "description" : "The events arriving from the configured event path",
      "name" : "Ingest",
      "type" : "Ingest",
      "uuid" : "542254ac-93a2-4e6a-8010-092e03805eaa"
    },
    "React" : {
      "children" : [ ],
      "description" : "React to the situation detected by taking the appropriate action",
      "name" : "React",
      "type" : "React",
      "uuid" : "d3ae07df-30cd-4eb1-9e89-364fbc48a19c"
    }
  },
  "description" : null,
  "disableBadging" : false,
  "entityRoles" : [ ],
  "isComponent" : false,
  "isEventHandler" : true,
  "keyTypes" : [ "system.collaborations" ],
  "name" : "com.vantiq.engines.EngineMonitor_SensorReading1_EventHandler",
  "writeFrequency" : null
}