{
  "ars_relationships" : [ ],
  "contents" : {
    "checklist" : [ {
      "label" : "PotholeReporter"
    }, {
      "label" : "Report Received"
    }, {
      "label" : "Store Report"
    }, {
      "label" : "Fix Order Issued"
    }, {
      "label" : "Notify Team"
    }, {
      "label" : "Update Status"
    }, {
      "label" : "Status Updated"
    }, {
      "label" : "Notify Reporter"
    } ],
    "connectors" : [ {
      "key" : "1be4a041-a3f0-11ed-9869-98fa9bd0b455&EXTERNALIN1",
      "name" : "NEW-EXT-IN",
      "parent" : "1be4a041-a3f0-11ed-9869-98fa9bd0b455",
      "type" : 13
    }, {
      "key" : "1be4a041-a3f0-11ed-9869-98fa9bd0b455&EXTERNALOUT1",
      "name" : "NEW-EXT-OUT",
      "parent" : "1be4a041-a3f0-11ed-9869-98fa9bd0b455",
      "type" : 8
    }, {
      "key" : "1be626e1-a3f0-11ed-9869-98fa9bd0b455&EXTERNALIN1",
      "name" : "NEW-EXT-IN",
      "parent" : "1be626e1-a3f0-11ed-9869-98fa9bd0b455",
      "type" : 13
    }, {
      "key" : "1be626e1-a3f0-11ed-9869-98fa9bd0b455&EXTERNALOUT1",
      "name" : "NEW-EXT-OUT",
      "parent" : "1be626e1-a3f0-11ed-9869-98fa9bd0b455",
      "type" : 8
    }, {
      "key" : "1be626e0-a3f0-11ed-9869-98fa9bd0b455&EXTOUTBOUND1",
      "name" : "EXTOUTBOUND",
      "parent" : "1be626e0-a3f0-11ed-9869-98fa9bd0b455",
      "type" : 15
    }, {
      "key" : "1be626e0-a3f0-11ed-9869-98fa9bd0b455&EXTINBOUND1",
      "name" : "EXTINBOUND",
      "parent" : "1be626e0-a3f0-11ed-9869-98fa9bd0b455",
      "type" : 14
    }, {
      "key" : "1be67500-a3f0-11ed-9869-98fa9bd0b455&EXTOUTBOUND1",
      "name" : "EXTOUTBOUND",
      "parent" : "1be67500-a3f0-11ed-9869-98fa9bd0b455",
      "type" : 15
    }, {
      "key" : "1be67500-a3f0-11ed-9869-98fa9bd0b455&EXTINBOUND1",
      "name" : "EXTINBOUND",
      "parent" : "1be67500-a3f0-11ed-9869-98fa9bd0b455",
      "type" : 14
    }, {
      "key" : "1be67502-a3f0-11ed-9869-98fa9bd0b455&EXTOUTBOUND1",
      "name" : "EXTOUTBOUND",
      "parent" : "1be67502-a3f0-11ed-9869-98fa9bd0b455",
      "type" : 15
    }, {
      "key" : "1be67502-a3f0-11ed-9869-98fa9bd0b455&EXTINBOUND1",
      "name" : "EXTINBOUND",
      "parent" : "1be67502-a3f0-11ed-9869-98fa9bd0b455",
      "type" : 14
    }, {
      "key" : "1be4ee60-a3f0-11ed-9869-98fa9bd0b455&INPUT1",
      "name" : "UpdateState0",
      "parent" : "1be4a041-a3f0-11ed-9869-98fa9bd0b455",
      "type" : 1
    }, {
      "key" : "1be4ee61-a3f0-11ed-9869-98fa9bd0b455&OUTPUT2",
      "name" : "SendToControlSystem0",
      "parent" : "1be4a041-a3f0-11ed-9869-98fa9bd0b455",
      "type" : 2
    }, {
      "key" : "1be626e1-a3f0-11ed-9869-98fa9bd0b455&EXTERNALIN2",
      "name" : "Sensors",
      "parent" : "1be626e1-a3f0-11ed-9869-98fa9bd0b455",
      "type" : 12
    }, {
      "key" : "1be67501-a3f0-11ed-9869-98fa9bd0b455&EXTERNAL1",
      "name" : "ControlSystem",
      "parent" : "1be4a041-a3f0-11ed-9869-98fa9bd0b455",
      "type" : 7
    }, {
      "key" : "1be67503-a3f0-11ed-9869-98fa9bd0b455&EXTERNAL2",
      "name" : "DataWarehouse",
      "parent" : "1be4a041-a3f0-11ed-9869-98fa9bd0b455",
      "type" : 7
    }, {
      "key" : "1bf430a0-a3f0-11ed-9869-98fa9bd0b455&OUTPUT2",
      "name" : "Sensor0",
      "parent" : "1be626e1-a3f0-11ed-9869-98fa9bd0b455",
      "type" : 2
    }, {
      "key" : "1be4a041-a3f0-11ed-9869-98fa9bd0b455&INPUT1",
      "name" : "NEW-IN",
      "parent" : "1be4a041-a3f0-11ed-9869-98fa9bd0b455",
      "type" : 3
    }, {
      "key" : "1be4a041-a3f0-11ed-9869-98fa9bd0b455&OUTPUT1",
      "name" : "NEW-OUT",
      "parent" : "1be4a041-a3f0-11ed-9869-98fa9bd0b455",
      "type" : 4
    }, {
      "key" : "51&1be4a041-a3f0-11ed-9869-98fa9bd0b455&CALLIN1",
      "name" : "computeRequiredChange",
      "parent" : "1be4a041-a3f0-11ed-9869-98fa9bd0b455",
      "type" : 5
    }, {
      "key" : "51&1be4a041-a3f0-11ed-9869-98fa9bd0b455&CALLIN2",
      "name" : "getTargetValue",
      "parent" : "1be4a041-a3f0-11ed-9869-98fa9bd0b455",
      "type" : 5
    }, {
      "key" : "51&1be4a041-a3f0-11ed-9869-98fa9bd0b455&CALLIN3",
      "name" : "setTargetValue",
      "parent" : "1be4a041-a3f0-11ed-9869-98fa9bd0b455",
      "type" : 5
    }, {
      "key" : "51&1be4a041-a3f0-11ed-9869-98fa9bd0b455&CALLIN4",
      "name" : "StoreUpdateStateGet_UpdateState0",
      "parent" : "1be4a041-a3f0-11ed-9869-98fa9bd0b455",
      "type" : 5
    }, {
      "key" : "51&1be4a041-a3f0-11ed-9869-98fa9bd0b455&CALLIN5",
      "name" : "StoreUpdateStateUpdate_UpdateState0",
      "parent" : "1be4a041-a3f0-11ed-9869-98fa9bd0b455",
      "type" : 5
    }, {
      "key" : "51&1be4a041-a3f0-11ed-9869-98fa9bd0b455&CALLIN6",
      "name" : "StoreUpdateStateReset_UpdateState0",
      "parent" : "1be4a041-a3f0-11ed-9869-98fa9bd0b455",
      "type" : 5
    }, {
      "key" : "1be4a042-a3f0-11ed-9869-98fa9bd0b455&DATASTREAM1",
      "name" : "NEW-DS",
      "parent" : "1be4a042-a3f0-11ed-9869-98fa9bd0b455",
      "type" : 11
    }, {
      "key" : "52&1be4a042-a3f0-11ed-9869-98fa9bd0b455&DATASTREAM1",
      "name" : "SendToControlSystem0",
      "parent" : "1be4a042-a3f0-11ed-9869-98fa9bd0b455",
      "type" : 10
    }, {
      "key" : "1be626e1-a3f0-11ed-9869-98fa9bd0b455&INPUT1",
      "name" : "NEW-IN",
      "parent" : "1be626e1-a3f0-11ed-9869-98fa9bd0b455",
      "type" : 3
    }, {
      "key" : "1be626e1-a3f0-11ed-9869-98fa9bd0b455&OUTPUT1",
      "name" : "NEW-OUT",
      "parent" : "1be626e1-a3f0-11ed-9869-98fa9bd0b455",
      "type" : 4
    } ],
    "links" : [ {
      "isBidirectional" : false,
      "source" : "1be626e0-a3f0-11ed-9869-98fa9bd0b455&EXTOUTBOUND1",
      "target" : "1be626e1-a3f0-11ed-9869-98fa9bd0b455&EXTERNALIN2"
    }, {
      "isBidirectional" : false,
      "source" : "1be67501-a3f0-11ed-9869-98fa9bd0b455&EXTERNAL1",
      "target" : "1be67500-a3f0-11ed-9869-98fa9bd0b455&EXTINBOUND1"
    }, {
      "isBidirectional" : false,
      "source" : "1be67503-a3f0-11ed-9869-98fa9bd0b455&EXTERNAL2",
      "target" : "1be67502-a3f0-11ed-9869-98fa9bd0b455&EXTINBOUND1"
    }, {
      "isBidirectional" : false,
      "source" : "1be4ee61-a3f0-11ed-9869-98fa9bd0b455&OUTPUT2",
      "target" : "52&1be4a042-a3f0-11ed-9869-98fa9bd0b455&DATASTREAM1"
    }, {
      "isBidirectional" : false,
      "source" : "1bf430a0-a3f0-11ed-9869-98fa9bd0b455&OUTPUT2",
      "target" : "1be4ee60-a3f0-11ed-9869-98fa9bd0b455&INPUT1"
    } ],
    "objects" : [ {
      "h" : 100,
      "label" : "Pothole",
      "resourceName" : "com.vantiq.pothole.Pothole",
      "resourceType" : "system.services",
      "type" : 51,
      "uuid" : "1be4a041-a3f0-11ed-9869-98fa9bd0b455",
      "w" : 124,
      "x" : 0,
      "y" : 0
    }, {
      "h" : 100,
      "label" : "Pothole",
      "resourceName" : "com.vantiq.pothole.Pothole",
      "resourceType" : "system.clients",
      "type" : 52,
      "uuid" : "1be4a042-a3f0-11ed-9869-98fa9bd0b455",
      "w" : 100,
      "x" : 324,
      "y" : 0
    }, {
      "h" : 100,
      "label" : "PotholeSensors",
      "resourceName" : "com.vantiq.pothole.PotholeSensors",
      "resourceType" : "system.services",
      "type" : 51,
      "uuid" : "1be626e1-a3f0-11ed-9869-98fa9bd0b455",
      "w" : 300,
      "x" : -362,
      "y" : 0
    }, {
      "h" : 60,
      "label" : "Sensors",
      "resourceName" : null,
      "type" : 56,
      "uuid" : "1be626e0-a3f0-11ed-9869-98fa9bd0b455",
      "w" : 110.234375,
      "x" : -362,
      "y" : -200
    }, {
      "h" : 60,
      "label" : "ControlSystem",
      "resourceName" : null,
      "type" : 56,
      "uuid" : "1be67500-a3f0-11ed-9869-98fa9bd0b455",
      "w" : 110.234375,
      "x" : 0,
      "y" : 200
    }, {
      "h" : 60,
      "label" : "DataWarehouse",
      "resourceName" : null,
      "type" : 56,
      "uuid" : "1be67502-a3f0-11ed-9869-98fa9bd0b455",
      "w" : 110.234375,
      "x" : 200,
      "y" : 200
    } ],
    "prefs" : {
      "scaleAndTranslationState" : {
        "lastZoomRequest" : 0,
        "scale" : 0.6310892357482385,
        "translate" : [ 335.7394734180629, 192.3155446178741 ]
      }
    },
    "v" : 1
  },
  "description" : "Generated from System Model 'Pothole'.",
  "name" : "com.vantiq.pothole.Pothole",
  "serviceEventRoutes" : [ {
    "eventSource" : {
      "eventTypeName" : "Sensor0",
      "serviceName" : "com.vantiq.pothole.PotholeSensors"
    },
    "eventTarget" : {
      "eventTypeName" : "UpdateState0",
      "serviceName" : "com.vantiq.pothole.Pothole"
    }
  } ]
}