{
  "ars_properties" : {
    "graph" : {
      "coordinates" : {
        "Input" : {
          "x" : 0,
          "y" : 0
        },
        "LLM" : {
          "x" : 0.34622203719208533,
          "y" : 160
        },
        "jokePrompt" : {
          "x" : 0,
          "y" : 80
        }
      },
      "lastZoomRequest" : 0,
      "scale" : 2.8883199004608597,
      "translate" : [ 420, 116.97695596866481 ]
    },
    "groups" : {
      "aicomponents.resources" : true
    }
  },
  "assembly" : {
    "Input" : {
      "children" : [ "jokePrompt" ],
      "component" : "io.vantiq.ai.components.InitialInput",
      "configuration" : { }
    },
    "LLM" : {
      "children" : [ ],
      "component" : "io.vantiq.ai.components.LLM",
      "configuration" : {
        "llm" : "GPT3",
        "outputType" : "String"
      }
    },
    "jokePrompt" : {
      "children" : [ "LLM" ],
      "component" : "io.vantiq.ai.components.PromptFromTemplate",
      "configuration" : {
        "defaultValues" : null,
        "promptTemplate" : {
          "type" : "String",
          "value" : "Tell a short joke about ${topic}."
        }
      }
    }
  },
  "isComponent" : false,
  "isPrivate" : false,
  "name" : "tellAJoke",
  "returnType" : null,
  "runtimeVersion" : 1,
  "serviceName" : "com.vantiq.genai.TutorialService"
}