{
  "ars_relationships" : [ ],
  "description" : null,
  "eventTypes" : {
    "EvacuateNotification" : {
      "direction" : "OUTBOUND",
      "implementingEventPath" : "/types/system.situations/insert"
    },
    "WarnNotification" : {
      "direction" : "OUTBOUND",
      "implementingEventPath" : "/types/system.situations/insert"
    },
    "WeatherReadings" : {
      "direction" : "INBOUND",
      "implementingEventPath" : "/sources/com.vantiq.weatherEmergencies.weather"
    }
  },
  "globalType" : null,
  "name" : "com.vantiq.weatherEmergencies.DetectWeatherEmergency",
  "partitionedType" : null
}