{
  "active" : true,
  "appType" : false,
  "assembly" : {
    "Initiate" : {
      "additionalBehaviors" : [ {
        "behaviors" : [ {
          "description" : null,
          "name" : "NotifyTeam",
          "parameters" : [ {
            "name" : "collaboration",
            "type" : "reference",
            "value" : "collaboration"
          }, {
            "name" : "users",
            "type" : "expression",
            "value" : "[Context.username()]"
          } ],
          "type" : "activity"
        } ],
        "condition" : "true",
        "description" : null,
        "name" : null
      } ],
      "cancellationCondition" : [ ],
      "completionCondition" : [ ],
      "configuration" : {
        "entityRole" : "report",
        "initialTrigger" : "WHEN EVENT OCCURS ON \"/types/situations/insert\" AS situation WHERE situation.value.name == \"NotifyTeam\""
      },
      "continuationCondition" : [ ],
      "description" : null,
      "instanceParameters" : [ "report" ],
      "pattern" : "InitiateCollaboration"
    },
    "NotifyTeam" : {
      "additionalBehaviors" : [ ],
      "cancellationCondition" : [ ],
      "completionCondition" : [ ],
      "configuration" : {
        "body" : "A new pothole with description '${report.description}' has been created.",
        "clientName" : "UpdatePothole",
        "firstResponseBehaviors" : [ ],
        "pushSourceName" : null,
        "responseBehaviors" : [ {
          "behaviors" : [ {
            "description" : null,
            "name" : "UpdateStatus",
            "parameters" : [ {
              "name" : "collaboration",
              "type" : "reference",
              "value" : "collaboration"
            }, {
              "name" : "instance",
              "type" : "expression",
              "value" : "{\"potholeID\":report.potholeID,\"status\":event.values.newStatus}"
            } ],
            "type" : "activity"
          } ],
          "condition" : "true",
          "description" : null,
          "name" : "response"
        } ],
        "title" : "New Pothole Report"
      },
      "continuationCondition" : [ ],
      "description" : null,
      "instanceParameters" : [ "report" ],
      "pattern" : "Notification"
    },
    "UpdateStatus" : {
      "additionalBehaviors" : [ ],
      "cancellationCondition" : [ ],
      "completionCondition" : [ ],
      "configuration" : {
        "type" : "Pothole",
        "upsert" : true
      },
      "continuationCondition" : [ ],
      "description" : null,
      "instanceParameters" : [ "report" ],
      "pattern" : "Collaboration.SaveToType"
    }
  },
  "collaboratorRoles" : [ ],
  "currentState" : {
    "code" : "success"
  },
  "description" : "",
  "entityRoles" : [ {
    "name" : "report",
    "type" : "Pothole"
  } ],
  "keyTypes" : [ "system.collaborations" ],
  "name" : "NotifyTeam"
}
