{
  "active" : true,
  "appType" : true,
  "ars_properties" : {
    "dataVersion" : 5,
    "graph" : {
      "lastZoomRequest" : 0,
      "scale" : 0.7114196112913237,
      "translate" : [ 333.6190281236322, 103.90369921077354 ]
    },
    "groupSettings" : {
      "appGroupOpenHash" : {
        "actions" : true,
        "collab" : true,
        "filters" : true,
        "flowControl" : true,
        "mobile" : true
      },
      "ctGroupOpenHash" : {
        "actions" : true,
        "mobile" : true
      },
      "ctServiceOpen" : false,
      "serviceGroupOpenHash" : { }
    },
    "paletteWidth" : 170,
    "propertyWidth" : 280
  },
  "ars_relationships" : [ ],
  "assembly" : {
    "AssignPatient" : {
      "configuration" : {
        "childStreams" : [ "NotifyPatient" ],
        "imports" : null,
        "parentStreams" : [ "isUnusualHeartRate" ],
        "roleName" : "patient",
        "roleType" : "entity"
      },
      "downstreamReferences" : { },
      "pattern" : "Assign",
      "patternVersion" : 1,
      "uuid" : "ad41cf72-bca2-4b06-99af-f6bc8c1468ff"
    },
    "CollabComplete" : {
      "configuration" : {
        "parentStreams" : [ "NotifyFirstResponder:response" ],
        "status" : "completed"
      },
      "downstreamReferences" : { },
      "pattern" : "CollaborationStatus",
      "patternVersion" : 1,
      "uuid" : "5d4d575e-d0f8-47cc-85d6-2b3784652add"
    },
    "EventStream" : {
      "configuration" : {
        "childStreams" : [ "isUnusualHeartRate" ],
        "inboundResource" : "services",
        "inboundResourceId" : "patient.monitoring.HeartRate",
        "eventTypeName": "MonitorReading",
        "parentStreams" : [ ]
      },
      "downstreamReferences" : { },
      "pattern" : "EventStream",
      "patternVersion" : 1,
      "uuid" : "17dafa82-936d-416f-81c5-f87867003413"
    },
    "GetPatient" : {
      "configuration" : {
        "childStreams" : [ "NotifyFirstResponder" ],
        "parentStreams" : [ "HelpNeeded", "NotifyPatient:responseTimeout" ],
        "returnBehavior" : "Use Return Value as Outbound event",
        "returnProperty" : null,
        "taskName" : "patient"
      },
      "downstreamReferences" : { },
      "pattern" : "GetCollaboration",
      "patternVersion" : 1,
      "uuid" : "6d5df205-2a62-45a4-a482-ec8cc674f94a"
    },
    "HelpNeeded" : {
      "configuration" : {
        "childStreams" : [ "GetPatient" ],
        "condition" : "event.submitValue == 1",
        "imports" : null,
        "outboundResource" : null,
        "outboundResourceConfig" : null,
        "outboundResourceId" : null,
        "parentStreams" : [ "NotifyPatient:response" ],
        "upsert" : false
      },
      "downstreamReferences" : { },
      "pattern" : "Filter",
      "patternVersion" : 1,
      "uuid" : "95aedb54-73c7-4a4a-b760-c88bf2a44b2d"
    },
    "NotifyFirstResponder" : {
      "configuration" : {
        "body" : "\"Are you available to assist \" + event.name + \"?\"",
        "clientName" : "FirstResponderResponse",
        "imports" : null,
        "maxResponseTime" : "",
        "parentStreams" : [ "GetPatient" ],
        "pushSourceName" : null,
        "responseStreams" : [ "CollabComplete" ],
        "title" : "event.name + \" Heart Rate Alert (\" + event.heartRate + \")\"",
        "users" : [ {
          "type" : "VAIL Expression",
          "value" : "event.patientId"
        } ]
      },
      "downstreamReferences" : { },
      "downstreamUUIDS" : {
        "response" : "27715a60-ecae-452e-8405-975cb159f628"
      },
      "pattern" : "Notify",
      "patternVersion" : 1,
      "uuid" : "41b0e8ed-6667-4bb3-8bee-24a993a14310"
    },
    "NotifyPatient" : {
      "configuration" : {
        "body" : "\"An unusual heart rate (\" + event.heartRate + \") has been detected\"",
        "clientName" : "PatientResponse",
        "imports" : null,
        "maxResponseTime" : "90 seconds",
        "parentStreams" : [ "AssignPatient" ],
        "pushSourceName" : null,
        "responseStreams" : [ "OK", "HelpNeeded" ],
        "responseTimeoutStreams" : [ "GetPatient" ],
        "title" : "\"Heart Rate Alert\"",
        "users" : [ {
          "type" : "VAIL Expression",
          "value" : "event.patientId"
        } ]
      },
      "downstreamReferences" : { },
      "downstreamUUIDS" : {
        "response" : "63a76ed9-15db-42c0-8f37-80953753d6ca",
        "responseTimeout" : "8898cd9f-3b67-43f2-84be-9224f7f88967"
      },
      "pattern" : "Notify",
      "patternVersion" : 1,
      "uuid" : "93647c35-788d-4d1f-a6a8-9532a3522871"
    },
    "OK" : {
      "configuration" : {
        "childStreams" : [ "PatientOK" ],
        "condition" : "event.submitValue == 0",
        "imports" : null,
        "outboundResource" : null,
        "outboundResourceConfig" : null,
        "outboundResourceId" : null,
        "parentStreams" : [ "NotifyPatient:response" ],
        "upsert" : false
      },
      "downstreamReferences" : { },
      "pattern" : "Filter",
      "patternVersion" : 1,
      "uuid" : "8b3a10b2-6569-44d4-8e6b-57b5ee13014f"
    },
    "PatientOK" : {
      "configuration" : {
        "parentStreams" : [ "OK" ],
        "status" : "completed"
      },
      "downstreamReferences" : { },
      "pattern" : "CollaborationStatus",
      "patternVersion" : 1,
      "uuid" : "f491fcc0-2ebb-4214-8f31-1bc4b4bf60bd"
    },
    "isUnusualHeartRate" : {
      "configuration" : {
        "childStreams" : [ "AssignPatient" ],
        "condition" : "event.heartRate < 40 OR event.heartRate > 200",
        "imports" : null,
        "outboundResource" : null,
        "outboundResourceConfig" : null,
        "outboundResourceId" : null,
        "parentStreams" : [ "EventStream" ],
        "upsert" : false
      },
      "downstreamReferences" : { },
      "pattern" : "Filter",
      "patternVersion" : 1,
      "uuid" : "bfafe3fc-093d-48d9-920c-e5e376af2edb"
    }
  },
  "boundService" : "patient.monitoring.HeartRate",
  "collaboratorRoles" : [ ],
  "disableBadging" : false,
  "entityRoles" : [ {
    "name" : "patient",
    "type" : "patient.monitoring.HeartRate.MonitorReading"
  } ],
  "isComponent" : false,
  "isEventHandler" : true,
  "keyTypes" : [ "system.collaborations" ],
  "name" : "patient.monitoring.HeartRate.MonitorReading",
  "writeFrequency" : "5 minutes"
}