{
  "ars_public" : false,
  "ars_relationships" : [ ],
  "controllers" : {
    "client" : { },
    "dataStream" : {
      "TemperatureWarning" : { }
    },
    "page" : { }
  },
  "isComponent" : false,
  "isLaunchable" : false,
  "models" : {
    "dataObjects" : {
      "__GLOBAL__" : {
        "properties" : { }
      },
      "__PARAMETERS__" : {
        "properties" : { }
      }
    },
    "dataStreams" : [ {
      "advancedWhereClause" : null,
      "dataObjectName" : null,
      "dataTypeList" : [ {
        "label" : null,
        "type" : "com.vantiq.weatherEmergencies.weatherMessage"
      } ],
      "isDeleteOp" : false,
      "isInsertOp" : false,
      "isUpdateOp" : false,
      "maxRecords" : 100,
      "name" : "TemperatureWarning",
      "pauseAtStartup" : false,
      "property" : "",
      "service" : "com.vantiq.weatherEmergencies.DetectWeatherEmergency",
      "serviceEventName" : "WarningEvent",
      "sortByProperty" : null,
      "sortDescending" : false,
      "topic" : "/temperature/warning",
      "type" : 8,
      "updateInterval" : 60,
      "uuid" : "702dd17a-1d16-4cbc-83e7-89a995a2a07b",
      "v" : 1
    } ]
  },
  "name" : "com.vantiq.weatherEmergencies.ResidentNotificationSystem",
  "options" : {
    "RELOCATE" : [ {
      "path" : "controllers",
      "type" : "js"
    }, {
      "path" : "views",
      "type" : "json"
    } ],
    "activeTab" : "edit",
    "badgeCount" : 0,
    "componentConfiguration" : {
      "configurationProperties" : [ ]
    },
    "description" : "",
    "docAssets" : [ ],
    "productV" : "7.10",
    "showCategoryButtons" : true,
    "showCategoryComponent" : false,
    "showCategoryDataDisplay" : true,
    "showCategoryDataInput" : true,
    "showCategoryLayout" : true,
    "showGridWhileEditing" : false,
    "theme" : {
      "backgroundColor" : "#ffffff",
      "bgImgPosition" : "center",
      "bgImgRepeat" : "no-repeat",
      "bgImgSize" : "auto",
      "borderColor" : "#05031f",
      "cardAccentColor" : "#29438a",
      "cardColor" : "#637ff0",
      "dataDisplayColor" : "#ffffff",
      "dataDisplayColors" : [ "#3cbce1", "#996db8", "#86d557", "#ff9800", "#425b71", "#cc467c", "#01aa93", "#ffca28", "#f583a9", "#1c84d4", "#ff6767", "#4caf50" ],
      "dataInputColor" : "#ffffff",
      "foregroundColor" : "#29438a",
      "label" : "Cornflower",
      "name" : "cornflower",
      "titleBarColor" : "#637ff0",
      "titleForegroundColor" : "#ffffff"
    },
    "themeName" : "cornflower",
    "v" : 5
  },
  "resourceBinding" : {
    "requiredResources" : [ {
      "resource" : "topics",
      "resourceId" : "/vantiq/systemmodel/ResidentNotificationSystem/submitTopic",
      "type" : "publishes"
    }, {
      "resource" : "services",
      "resourceId" : "com.vantiq.weatherEmergencies.DetectWeatherEmergency",
      "type" : "subscribes_to"
    } ]
  },
  "targetDevice" : "mobile",
  "userList" : [ ],
  "views" : {
    "Start" : "RELOCATED to views/Start.json"
  }
}