{
  "active" : true,
  "ars_relationships" : [ ],
  "description" : null,
  "eventTypes" : {
    "MonitorReading" : {
      "direction" : "INBOUND",
      "eventSchema" : "patient.monitoring.HeartRate_MonitorReading",
      "implementingResource" : "/collaborationtypes/patient.monitoring.HeartRate_MonitorReading/EventStream"
    }
  },
  "globalType" : null,
  "interface" : [ {
    "name" : "generateHeartRate",
    "parameters" : [ {
      "default" : null,
      "description" : null,
      "multi" : false,
      "name" : "heartRate",
      "required" : false,
      "type" : "Integer"
    } ]
  } ],
  "name" : "patient.monitoring.HeartRate",
  "partitionedType" : "patient.monitoring.HeartRate.PartitionedState",
  "replicationFactor" : 1,
  "scheduledProcedures" : {
    "ActiveCollabsWriteAll_MonitorReading" : {
      "interval" : 300000
    }
  }
}