{
  "ars_relationships" : [ ],
  "links" : [ {
    "source" : "app/com.vantiq.engines.IngestExternalSensorEventsService.IngestExternalEvents0",
    "target" : "services/com.vantiq.engines.IngestExternalSensorEventsService"
  }, {
    "source" : "app/com.vantiq.engines.IngestExternalSensorEventsService.IngestExternalEvents1",
    "target" : "services/com.vantiq.engines.IngestExternalSensorEventsService"
  }, {
    "source" : "services/com.vantiq.engines.EngineMonitor",
    "target" : "app/com.vantiq.engines.EngineMonitor_SensorReading0_EventHandler"
  }, {
    "source" : "app/com.vantiq.engines.EngineMonitor_SensorReading1_EventHandler",
    "target" : "services/com.vantiq.engines.EngineMonitor"
  }, {
    "source" : "app/com.vantiq.engines.EngineMonitor_SensorReading0_EventHandler",
    "target" : "services/com.vantiq.engines.EngineMonitor"
  }, {
    "source" : "services/com.vantiq.engines.EngineMonitor",
    "target" : "document/com.vantiq.engines.EngineMonitor.js"
  }, {
    "source" : "services/com.vantiq.engines.EngineMonitor",
    "target" : "app/com.vantiq.engines.EngineMonitor_SensorReading1_EventHandler"
  }, {
    "source" : "services/com.vantiq.engines.IngestExternalSensorEventsService",
    "target" : "document/com.vantiq.engines.IngestExternalSensorEventsService.js"
  }, {
    "source" : "designmodel/com.vantiq.engines.EngineMonitor",
    "target" : "services/com.vantiq.engines.IngestExternalSensorEventsService"
  }, {
    "source" : "procedure/com.vantiq.engines.EngineMonitor.speedUpdate",
    "target" : "services/com.vantiq.engines.EngineMonitor"
  }, {
    "source" : "services/com.vantiq.engines.EngineMonitor",
    "target" : "procedure/com.vantiq.engines.EngineMonitor.speedUpdate"
  }, {
    "source" : "procedure/com.vantiq.engines.EngineMonitor.speedGet",
    "target" : "services/com.vantiq.engines.EngineMonitor"
  }, {
    "source" : "services/com.vantiq.engines.EngineMonitor",
    "target" : "procedure/com.vantiq.engines.EngineMonitor.speedGet"
  }, {
    "source" : "app/com.vantiq.engines.EngineMonitor_SensorReading0_EventHandler",
    "target" : "procedure/com.vantiq.engines.EngineMonitor.speedUpdate"
  }, {
    "source" : "services/com.vantiq.engines.EngineMonitor",
    "target" : "procedure/com.vantiq.engines.EngineMonitor.speedReset"
  }, {
    "source" : "services/com.vantiq.engines.EngineMonitor",
    "target" : "type/com.vantiq.engines.EngineMonitor.GlobalAppState"
  }, {
    "source" : "procedure/com.vantiq.engines.EngineMonitor.speedReset",
    "target" : "services/com.vantiq.engines.EngineMonitor"
  }, {
    "source" : "source/com.vantiq.engines.SpeedSensor",
    "target" : "app/com.vantiq.engines.IngestExternalSensorEventsService.IngestExternalEvents0"
  }, {
    "source" : "source/com.vantiq.engines.TemperatureSensor",
    "target" : "app/com.vantiq.engines.IngestExternalSensorEventsService.IngestExternalEvents1"
  }, {
    "source" : "services/com.vantiq.engines.EngineMonitor",
    "target" : "type/com.vantiq.engines.SpeedEvent"
  }, {
    "source" : "services/com.vantiq.engines.EngineMonitor",
    "target" : "type/com.vantiq.engines.StatusEvent"
  }, {
    "source" : "client/com.vantiq.engines.EngineMonitor",
    "target" : "services/com.vantiq.engines.EngineMonitor"
  }, {
    "source" : "designmodel/com.vantiq.engines.EngineMonitor",
    "target" : "services/com.vantiq.engines.EngineMonitor"
  }, {
    "source" : "designmodel/com.vantiq.engines.EngineMonitor",
    "target" : "client/com.vantiq.engines.EngineMonitor"
  }, {
    "source" : "app/com.vantiq.engines.IngestExternalSensorEventsService.IngestExternalEvents1",
    "target" : "source/com.vantiq.engines.TemperatureSensor"
  }, {
    "source" : "app/com.vantiq.engines.IngestExternalSensorEventsService.IngestExternalEvents0",
    "target" : "source/com.vantiq.engines.SpeedSensor"
  }, {
    "source" : "procedure/com.vantiq.engines.EngineMonitor_SensorReading1_EventHandler.AddNonSpeedOverheat",
    "target" : "services/com.vantiq.engines.EngineMonitor"
  }, {
    "source" : "procedure/com.vantiq.engines.EngineMonitor_SensorReading1_EventHandler.RetrieveSpeed",
    "target" : "procedure/com.vantiq.engines.EngineMonitor.speedGet"
  }, {
    "source" : "procedure/com.vantiq.engines.EngineMonitor_SensorReading1_EventHandler.RetrieveSpeed",
    "target" : "services/com.vantiq.engines.EngineMonitor"
  }, {
    "source" : "procedure/com.vantiq.engines.EngineMonitor_SensorReading1_EventHandler.ClearAlert",
    "target" : "services/com.vantiq.engines.EngineMonitor"
  }, {
    "source" : "procedure/com.vantiq.engines.EngineMonitor_SensorReading1_EventHandler.AddSpeedOverheat",
    "target" : "services/com.vantiq.engines.EngineMonitor"
  } ],
  "name" : "EngineMonitorProject",
  "options" : {
    "description" : "",
    "dockCollapsed" : {
      "bottom" : false,
      "left" : false,
      "right" : false,
      "top" : false,
      "viewtabs" : false
    },
    "dockDimensions" : {
      "bottom" : 200,
      "debug" : [ 0, 0, 0 ],
      "left" : 210,
      "right" : 220,
      "top" : 0,
      "viewtabs" : 0
    },
    "dockSort" : 1,
    "exclusionList" : [ "type/SpeedEvent", "type/StatusEvent" ],
    "filterBitArray" : "ffffffffffffffffffffffffffffffff",
    "isModeloProject" : true,
    "layoutStyle" : "tile",
    "openFolders" : [ "com.vantiq.engines.EngineMonitor/type", "com.vantiq.engines/client", "com.vantiq.engines/designmodel", "com.vantiq.engines/services", "com.vantiq.engines/source" ],
    "rootViewFlavor" : 5,
    "showGrid" : true,
    "tileColumns" : 1,
    "tileRows" : 2,
    "type" : "dev",
    "v" : 5,
    "viewUUID" : "MAINVIEW"
  },
  "resources" : [ {
    "label" : "com.vantiq.engines.EngineMonitor",
    "name" : "com.vantiq.engines.EngineMonitor",
    "resourceReference" : "/system.designmodels/com.vantiq.engines.EngineMonitor",
    "timestamp" : "2022-12-19T21:57:58.482Z",
    "type" : 75
  }, {
    "label" : "com.vantiq.engines.EngineMonitor",
    "name" : "com.vantiq.engines.EngineMonitor",
    "resourceReference" : "/system.services/com.vantiq.engines.EngineMonitor",
    "timestamp" : "2022-12-19T21:58:04.958Z",
    "type" : 63
  }, {
    "label" : "com.vantiq.engines.EngineMonitor",
    "name" : "com.vantiq.engines.EngineMonitor",
    "resourceReference" : "/system.clients/com.vantiq.engines.EngineMonitor",
    "timestamp" : "2022-12-19T21:57:58.787Z",
    "type" : 15
  }, {
    "label" : "com.vantiq.engines.EngineMonitor.GlobalAppState",
    "name" : "com.vantiq.engines.EngineMonitor.GlobalAppState",
    "resourceReference" : "/types/com.vantiq.engines.EngineMonitor.GlobalAppState",
    "timestamp" : "2022-12-19T21:57:57.883Z",
    "type" : 1
  }, {
    "label" : "com.vantiq.engines.EngineMonitor.js",
    "name" : "com.vantiq.engines.EngineMonitor.js",
    "resourceReference" : "/documents/com.vantiq.engines.EngineMonitor.js",
    "timestamp" : "2022-12-19T21:58:05.880Z",
    "type" : 19
  }, {
    "label" : "com.vantiq.engines.EngineMonitor.speedGet",
    "name" : "com.vantiq.engines.EngineMonitor.speedGet",
    "packageName" : "com.vantiq.engines",
    "procedureName" : "speedGet",
    "resourceReference" : "/procedures/com.vantiq.engines.EngineMonitor.speedGet",
    "serviceName" : "EngineMonitor",
    "timestamp" : "2022-12-19T21:58:04.293Z",
    "type" : 3
  }, {
    "label" : "com.vantiq.engines.EngineMonitor.speedReset",
    "name" : "com.vantiq.engines.EngineMonitor.speedReset",
    "packageName" : "com.vantiq.engines",
    "procedureName" : "speedReset",
    "resourceReference" : "/procedures/com.vantiq.engines.EngineMonitor.speedReset",
    "serviceName" : "EngineMonitor",
    "timestamp" : "2022-12-19T21:58:06.198Z",
    "type" : 3
  }, {
    "label" : "com.vantiq.engines.EngineMonitor.speedUpdate",
    "name" : "com.vantiq.engines.EngineMonitor.speedUpdate",
    "packageName" : "com.vantiq.engines",
    "procedureName" : "speedUpdate",
    "resourceReference" : "/procedures/com.vantiq.engines.EngineMonitor.speedUpdate",
    "serviceName" : "EngineMonitor",
    "timestamp" : "2022-12-19T21:58:04.737Z",
    "type" : 3
  }, {
    "label" : "com.vantiq.engines.EngineMonitor_SensorReading0_EventHandler",
    "name" : "com.vantiq.engines.EngineMonitor_SensorReading0_EventHandler",
    "resourceReference" : "/collaborationtypes/com.vantiq.engines.EngineMonitor_SensorReading0_EventHandler",
    "timestamp" : "2022-12-19T21:58:01.263Z",
    "type" : 12
  }, {
    "label" : "com.vantiq.engines.EngineMonitor_SensorReading1_EventHandler",
    "name" : "com.vantiq.engines.EngineMonitor_SensorReading1_EventHandler",
    "resourceReference" : "/collaborationtypes/com.vantiq.engines.EngineMonitor_SensorReading1_EventHandler",
    "timestamp" : "2022-12-19T22:02:27.197Z",
    "type" : 12
  }, {
    "label" : "com.vantiq.engines.IngestExternalSensorEventsService",
    "name" : "com.vantiq.engines.IngestExternalSensorEventsService",
    "resourceReference" : "/system.services/com.vantiq.engines.IngestExternalSensorEventsService",
    "timestamp" : "2022-12-19T21:58:00.048Z",
    "type" : 63
  }, {
    "label" : "com.vantiq.engines.IngestExternalSensorEventsService.IngestExternalEvents0",
    "name" : "com.vantiq.engines.IngestExternalSensorEventsService.IngestExternalEvents0",
    "resourceReference" : "/collaborationtypes/com.vantiq.engines.IngestExternalSensorEventsService.IngestExternalEvents0",
    "timestamp" : "2022-12-19T21:58:00.909Z",
    "type" : 12
  }, {
    "label" : "com.vantiq.engines.IngestExternalSensorEventsService.IngestExternalEvents1",
    "name" : "com.vantiq.engines.IngestExternalSensorEventsService.IngestExternalEvents1",
    "resourceReference" : "/collaborationtypes/com.vantiq.engines.IngestExternalSensorEventsService.IngestExternalEvents1",
    "timestamp" : "2022-12-19T21:58:00.909Z",
    "type" : 12
  }, {
    "label" : "com.vantiq.engines.IngestExternalSensorEventsService.js",
    "name" : "com.vantiq.engines.IngestExternalSensorEventsService.js",
    "resourceReference" : "/documents/com.vantiq.engines.IngestExternalSensorEventsService.js",
    "timestamp" : "2022-12-19T21:58:00.294Z",
    "type" : 19
  }, {
    "label" : "com.vantiq.engines.SpeedEvent",
    "name" : "com.vantiq.engines.SpeedEvent",
    "resourceReference" : "/types/com.vantiq.engines.SpeedEvent",
    "timestamp" : "2022-12-19T21:57:57.882Z",
    "type" : 1
  }, {
    "label" : "com.vantiq.engines.SpeedSensor",
    "name" : "com.vantiq.engines.SpeedSensor",
    "resourceReference" : "/sources/com.vantiq.engines.SpeedSensor",
    "timestamp" : "2022-12-19T21:57:59.299Z",
    "type" : 4
  }, {
    "label" : "com.vantiq.engines.StatusEvent",
    "name" : "com.vantiq.engines.StatusEvent",
    "resourceReference" : "/types/com.vantiq.engines.StatusEvent",
    "timestamp" : "2022-12-19T21:57:57.883Z",
    "type" : 1
  }, {
    "label" : "com.vantiq.engines.TemperatureSensor",
    "name" : "com.vantiq.engines.TemperatureSensor",
    "resourceReference" : "/sources/com.vantiq.engines.TemperatureSensor",
    "timestamp" : "2022-12-19T21:57:59.299Z",
    "type" : 4
  } ],
  "tools" : [ {
    "isPinned" : false,
    "name" : "Errors",
    "type" : 13
  }, {
    "dockLocation" : "top",
    "isPinned" : false,
    "name" : "Inactive Panes",
    "type" : 99
  }, {
    "isPinned" : false,
    "name" : "Project Contents",
    "type" : 2
  }, {
    "isPinned" : false,
    "name" : "com.vantiq.engines.EngineMonitor",
    "pane" : {
      "c" : 0,
      "r" : 1
    },
    "resourceKey" : "client/com.vantiq.engines.EngineMonitor",
    "state" : 2,
    "toolOptions" : {
      "isRunning" : true
    },
    "type" : 63
  }, {
    "isPinned" : false,
    "name" : "com.vantiq.engines.EngineMonitor",
    "pane" : {
      "c" : 0,
      "r" : 0
    },
    "resourceKey" : "designmodel/com.vantiq.engines.EngineMonitor",
    "state" : 2,
    "type" : 121
  } ],
  "type" : "dev",
  "views" : [ {
    "name" : "Project Contents",
    "projectToolKeys" : [ "errorviewer/Errors", "tiledock/Inactive Panes", "list/Project Contents", "client/com.vantiq.engines.EngineMonitor", "designmodel/com.vantiq.engines.EngineMonitor" ]
  } ]
}
