{
  "links" : [ {
    "source" : "procedure/UpdatePatient",
    "target" : "type/Patient"
  }, {
    "source" : "type/Patient",
    "target" : "collaborationtype/RateCollaboration"
  }, {
    "source" : "client/FirstResponderResponse",
    "target" : "topic//my/response/topic"
  }, {
    "source" : "client/PatientResponse",
    "target" : "topic//my/response/topic"
  } ],
  "name" : "Patient",
  "options" : {
    "blacklist" : [ "services/CollaborationUtils", "source/VantiqPushNotification" ],
    "description" : "",
    "dockCollapsed" : {
      "bottom" : false,
      "left" : false,
      "right" : false,
      "top" : false,
      "viewtabs" : false
    },
    "dockDimensions" : {
      "bottom" : 200,
      "debug" : [ 0, 0, 0 ],
      "left" : 210,
      "right" : 220,
      "top" : 0,
      "viewtabs" : 0
    },
    "filterBitArray" : "000000ffffffffffffffffff00ffffff",
    "isModeloProject" : true,
    "layoutStyle" : "custom",
    "openFolders" : [ "services" ],
    "rootViewFlavor" : 1,
    "showGrid" : true,
    "type" : "dev",
    "v" : 3,
    "viewUUID" : "MAINVIEW"
  },
  "resources" : [ {
    "label" : "/my/response/topic",
    "name" : "/my/response/topic",
    "node" : {
      "x" : 531.7,
      "y" : 143
    },
    "resourceReference" : "/topics//my/response/topic",
    "type" : 10
  }, {
    "inventory" : {
      "clientHash" : [ ],
      "clients" : [ ],
      "collaborationHash" : [ ],
      "collaborations" : [ ],
      "eventstreamHash" : [ ],
      "eventstreams" : [ ],
      "procedureHash" : [ ],
      "procedures" : [ ],
      "sourceHash" : [ ],
      "sources" : [ ],
      "systemmodelHash" : [ ],
      "systemmodels" : [ ],
      "topicHash" : [ "out" ],
      "topics" : [ "/my/response/topic" ],
      "typeHash" : [ ],
      "types" : [ ]
    },
    "label" : "FirstResponderResponse",
    "name" : "FirstResponderResponse",
    "node" : {
      "x" : 418.6,
      "y" : -7.1
    },
    "resourceReference" : "/system.clients/FirstResponderResponse",
    "timestamp" : "2020-12-04T15:41:45.352Z",
    "type" : 15
  }, {
    "label" : "Patient",
    "name" : "Patient",
    "node" : {
      "x" : 167.2,
      "y" : 84.8
    },
    "resourceReference" : "/types/Patient",
    "timestamp" : "2020-12-04T15:41:44.630Z",
    "type" : 1
  }, {
    "inventory" : {
      "clientHash" : [ ],
      "clients" : [ ],
      "collaborationHash" : [ ],
      "collaborations" : [ ],
      "eventstreamHash" : [ ],
      "eventstreams" : [ ],
      "procedureHash" : [ ],
      "procedures" : [ ],
      "sourceHash" : [ ],
      "sources" : [ ],
      "systemmodelHash" : [ ],
      "systemmodels" : [ ],
      "topicHash" : [ "out" ],
      "topics" : [ "/my/response/topic" ],
      "typeHash" : [ ],
      "types" : [ ]
    },
    "label" : "PatientResponse",
    "name" : "PatientResponse",
    "node" : {
      "x" : 650.1,
      "y" : -6
    },
    "resourceReference" : "/system.clients/PatientResponse",
    "timestamp" : "2020-12-04T15:41:45.352Z",
    "type" : 15
  }, {
    "inventory" : {
      "clientHash" : [ ],
      "clients" : [ ],
      "collaborationHash" : [ ],
      "collaborations" : [ ],
      "eventstreamHash" : [ ],
      "eventstreams" : [ ],
      "procedureHash" : [ "out", "out" ],
      "procedures" : [ "CollaborationUtils.closeCollaboration", "CollaborationUtils.triggerEscalation" ],
      "sourceHash" : [ ],
      "sources" : [ ],
      "systemmodelHash" : [ ],
      "systemmodels" : [ ],
      "topicHash" : [ ],
      "topics" : [ ],
      "typeHash" : [ "in" ],
      "types" : [ "Patient" ]
    },
    "label" : "RateCollaboration",
    "name" : "RateCollaboration",
    "node" : {
      "x" : 166.2,
      "y" : 160.3
    },
    "resourceReference" : "/collaborationtypes/RateCollaboration",
    "timestamp" : "2020-12-04T15:41:55.959Z",
    "type" : 11
  }, {
    "inventory" : {
      "clientHash" : [ ],
      "clients" : [ ],
      "collaborationHash" : [ ],
      "collaborations" : [ ],
      "eventstreamHash" : [ ],
      "eventstreams" : [ ],
      "procedureHash" : [ "out" ],
      "procedures" : [ "Context.username" ],
      "sourceHash" : [ ],
      "sources" : [ ],
      "systemmodelHash" : [ ],
      "systemmodels" : [ ],
      "topicHash" : [ ],
      "topics" : [ ],
      "typeHash" : [ "out" ],
      "types" : [ "Patient" ]
    },
    "label" : "UpdatePatient",
    "name" : "UpdatePatient",
    "node" : {
      "x" : 167.4,
      "y" : -9.8
    },
    "resourceReference" : "/procedures/UpdatePatient",
    "timestamp" : "2020-12-04T15:41:47.115Z",
    "type" : 3
  } ],
  "tools" : [ {
    "isPinned" : false,
    "name" : "Errors",
    "type" : 13
  }, {
    "isPinned" : false,
    "name" : "FirstResponderResponse",
    "pane" : {
      "h" : 700,
      "w" : 1350,
      "x" : 20,
      "y" : 720
    },
    "resourceKey" : "client/FirstResponderResponse",
    "state" : 3,
    "type" : 63
  }, {
    "dockLocation" : "top",
    "isPinned" : false,
    "name" : "Inactive Panes",
    "type" : 99
  }, {
    "isPinned" : false,
    "name" : "Patient",
    "pane" : {
      "h" : 400,
      "w" : 600,
      "x" : 1390,
      "y" : 720
    },
    "resourceKey" : "type/Patient",
    "state" : 3,
    "type" : 6
  }, {
    "isPinned" : false,
    "name" : "PatientResponse",
    "pane" : {
      "h" : 700,
      "w" : 1130,
      "x" : 20,
      "y" : 1440
    },
    "resourceKey" : "client/PatientResponse",
    "state" : 3,
    "type" : 63
  }, {
    "isPinned" : false,
    "name" : "Project Contents",
    "type" : 2
  }, {
    "isPinned" : false,
    "name" : "Project Resource Graph",
    "pane" : {
      "h" : 310,
      "w" : 600,
      "x" : 20,
      "y" : 20
    },
    "state" : 3,
    "toolOptions" : {
      "scaleAndTranslationState" : {
        "lastZoomRequest" : 0,
        "scale" : 0.7099221806346526,
        "translate" : [ 41.4027658552676, 87.62756473644492 ]
      }
    },
    "type" : 1
  }, {
    "isPinned" : false,
    "name" : "RateCollaboration",
    "pane" : {
      "h" : 370,
      "w" : 1110,
      "x" : 20,
      "y" : 340
    },
    "resourceKey" : "collaborationtype/RateCollaboration",
    "state" : 3,
    "toolOptions" : { },
    "type" : 14
  }, {
    "isPinned" : false,
    "name" : "UpdatePatient",
    "pane" : {
      "h" : 310,
      "w" : 600,
      "x" : 640,
      "y" : 20
    },
    "resourceKey" : "procedure/UpdatePatient",
    "state" : 3,
    "type" : 24
  } ],
  "type" : "dev",
  "views" : [ {
    "name" : "Project Contents",
    "projectToolKeys" : [ "errorviewer/Errors", "client/FirstResponderResponse", "tiledock/Inactive Panes", "subtypeeditor/Patient", "client/PatientResponse", "list/Project Contents", "graph/Project Resource Graph", "collaborationgraph/RateCollaboration", "cmeditorprocedure/UpdatePatient" ]
  } ]
}