{
  "active" : true,
  "appType" : true,
  "ars_properties" : {
    "dataVersion" : 5,
    "graph" : {
      "coordinates" : {
        "Ingest" : {
          "x" : 0,
          "y" : -5
        },
        "IngestSpeed" : {
          "x" : 0,
          "y" : 0
        },
        "Publish" : {
          "x" : 0,
          "y" : 95
        },
        "PublishSpeed" : {
          "x" : 0,
          "y" : 100
        }
      },
      "lastZoomRequest" : 0,
      "scale" : 1.105677177136564,
      "translate" : [ 351.7060357351212, 91.05232404799987 ]
    },
    "groupSettings" : {
      "appGroupOpenHash" : {
        "actions" : true,
        "filters" : true,
        "flowControl" : true
      },
      "ctGroupOpenHash" : {
        "actions" : true,
        "mobile" : true
      },
      "ctServiceOpen" : false,
      "serviceGroupOpenHash" : { }
    },
    "isHidden" : false,
    "paletteWidth" : 170,
    "propertyWidth" : 280
  },
  "ars_relationships" : [ ],
  "assembly" : {
    "IngestSpeed" : {
      "configuration" : {
        "childStreams" : [ "PublishSpeed" ],
        "condition" : "",
        "eventTypeName" : null,
        "inboundResource" : "sources",
        "inboundResourceId" : "com.vantiq.engines.SpeedSensor",
        "op" : null,
        "outboundResource" : null,
        "outboundResourceConfig" : null,
        "outboundResourceId" : null,
        "parentStreams" : [ ],
        "schema" : null,
        "upsert" : false
      },
      "context" : "Ingest",
      "downstreamReferences" : { },
      "pattern" : "EventStream",
      "patternVersion" : 2,
      "uuid" : "09050449-fd73-4965-86ad-1eb811a2bd9e"
    },
    "PublishSpeed" : {
      "configuration" : {
        "childStreams" : null,
        "eventTypeName" : "SpeedEvent",
        "parentStreams" : [ "IngestSpeed" ],
        "processedByClause" : null,
        "service" : "com.vantiq.engines.IngestExternalSensorEventsService"
      },
      "context" : "Publish",
      "downstreamReferences" : { },
      "pattern" : "PublishToService",
      "patternVersion" : 1,
      "uuid" : "ade696c9-3843-49c9-80b6-900cc52bf1ba"
    }
  },
  "collaboratorRoles" : [ ],
  "contextualizedAssembly" : {
    "Ingest" : {
      "children" : [ "Transform" ],
      "description" : "The events arriving from the external source",
      "name" : "Ingest",
      "type" : "Ingest",
      "uuid" : "81918ca6-f2c5-4ac2-a998-05b22055cb52"
    },
    "Publish" : {
      "children" : [ ],
      "description" : "Publish the transformed event back to the external source for additional processing",
      "name" : "Publish",
      "type" : "React",
      "uuid" : "44edfc9f-37c9-4c6b-88d3-c2b33f38918d"
    }
  },
  "disableBadging" : false,
  "entityRoles" : [ ],
  "isComponent" : false,
  "isEventHandler" : true,
  "keyTypes" : [ "system.collaborations" ],
  "name" : "com.vantiq.engines.IngestExternalSensorEventsService.IngestExternalEvents0"
}