{
  "ars_relationships" : [ ],
  "links" : [ {
    "source" : "designmodel/com.vantiq.pothole.Pothole",
    "target" : "client/com.vantiq.pothole.Pothole"
  }, {
    "source" : "designmodel/com.vantiq.pothole.Pothole",
    "target" : "services/com.vantiq.pothole.PotholeSensors"
  }, {
    "source" : "designmodel/com.vantiq.pothole.Pothole",
    "target" : "services/com.vantiq.pothole.Pothole"
  }, {
    "source" : "procedure/com.vantiq.pothole.Pothole.computeRequiredChange",
    "target" : "services/com.vantiq.pothole.Pothole"
  }, {
    "source" : "services/com.vantiq.pothole.Pothole",
    "target" : "procedure/com.vantiq.pothole.Pothole.computeRequiredChange"
  }, {
    "source" : "services/com.vantiq.pothole.Pothole",
    "target" : "app/com.vantiq.pothole.Pothole.UpdateState0"
  }, {
    "source" : "app/com.vantiq.pothole.Pothole.UpdateState0",
    "target" : "procedure/com.vantiq.pothole.Pothole.StoreUpdateStateUpdate_UpdateState0"
  }, {
    "source" : "app/com.vantiq.pothole.Pothole.UpdateState0",
    "target" : "procedure/com.vantiq.pothole.Pothole.getTargetValue"
  }, {
    "source" : "app/com.vantiq.pothole.Pothole.UpdateState0",
    "target" : "procedure/com.vantiq.pothole.Pothole.computeRequiredChange"
  }, {
    "source" : "services/com.vantiq.pothole.Pothole",
    "target" : "procedure/com.vantiq.pothole.Pothole.StoreUpdateStateUpdate_UpdateState0"
  }, {
    "source" : "services/com.vantiq.pothole.Pothole",
    "target" : "procedure/com.vantiq.pothole.Pothole.StoreUpdateStateGet_UpdateState0"
  }, {
    "source" : "services/com.vantiq.pothole.Pothole",
    "target" : "procedure/com.vantiq.pothole.Pothole.setTargetValue"
  }, {
    "source" : "services/com.vantiq.pothole.Pothole",
    "target" : "procedure/com.vantiq.pothole.Pothole.StoreUpdateStateReset_UpdateState0"
  }, {
    "source" : "services/com.vantiq.pothole.Pothole",
    "target" : "procedure/com.vantiq.pothole.Pothole.getTargetValue"
  }, {
    "source" : "app/com.vantiq.pothole.Pothole.UpdateState0",
    "target" : "services/com.vantiq.pothole.Pothole"
  }, {
    "source" : "services/com.vantiq.pothole.Pothole",
    "target" : "document/com.vantiq.pothole.Pothole.js"
  }, {
    "source" : "services/com.vantiq.pothole.Pothole",
    "target" : "type/com.vantiq.pothole.Pothole.GlobalState"
  }, {
    "source" : "procedure/com.vantiq.pothole.Pothole.StoreUpdateStateUpdate_UpdateState0",
    "target" : "services/com.vantiq.pothole.Pothole"
  }, {
    "source" : "app/com.vantiq.pothole.PotholeSensors.IngestSensor0",
    "target" : "services/com.vantiq.pothole.PotholeSensors"
  }, {
    "source" : "procedure/com.vantiq.pothole.Pothole.StoreUpdateStateGet_UpdateState0",
    "target" : "services/com.vantiq.pothole.Pothole"
  }, {
    "source" : "procedure/com.vantiq.pothole.Pothole.StoreUpdateStateReset_UpdateState0",
    "target" : "services/com.vantiq.pothole.Pothole"
  }, {
    "source" : "procedure/com.vantiq.pothole.Pothole.getTargetValue",
    "target" : "services/com.vantiq.pothole.Pothole"
  }, {
    "source" : "procedure/com.vantiq.pothole.Pothole.setTargetValue",
    "target" : "services/com.vantiq.pothole.Pothole"
  } ],
  "name" : "Pothole",
  "options" : {
    "description" : "The System Modeler Tutorial Project contains a complete System Model that describes the requirements for a pothole reporting and tracking system. It also contains a Design Model generated from the System Model as a starting point for the implementation of the pothole reporting system. \n\nFor more information on the System Modeler Tutorial, please see the documentation [here](/docs/system/tutorials/systemmod/index.html).",
    "dockCollapsed" : {
      "bottom" : true,
      "left" : false,
      "right" : false,
      "top" : false,
      "viewtabs" : false
    },
    "dockDimensions" : {
      "bottom" : 200,
      "debug" : [ 0, 0, 0 ],
      "left" : 210,
      "right" : 220,
      "top" : 0,
      "viewtabs" : 0
    },
    "dockSort" : 1,
    "filterBitArray" : "ffffffffffffffffffffffffffffffff",
    "isModeloProject" : true,
    "layoutStyle" : "tile",
    "openFolders" : [ "com.vantiq.pothole/designmodel", "systemmodel" ],
    "rootViewFlavor" : 5,
    "showGrid" : true,
    "tileColumns" : 2,
    "tileRows" : 2,
    "type" : "dev",
    "v" : 5,
    "viewUUID" : "MAINVIEW"
  },
  "resources" : [ {
    "label" : "Pothole",
    "name" : "Pothole",
    "resourceReference" : "/system.systemmodels/Pothole",
    "timestamp" : "2023-02-03T18:24:05.742Z",
    "type" : 45
  }, {
    "name" : "com.vantiq.pothole.Pothole",
    "resourceReference" : "/system.designmodels/com.vantiq.pothole.Pothole",
    "timestamp" : "2023-02-03T18:25:37.279Z",
    "type" : 75
  }, {
    "name" : "com.vantiq.pothole.Pothole",
    "resourceReference" : "/system.clients/com.vantiq.pothole.Pothole",
    "timestamp" : "2023-02-03T18:25:27.786Z",
    "type" : 15
  }, {
    "name" : "com.vantiq.pothole.Pothole",
    "resourceReference" : "/system.services/com.vantiq.pothole.Pothole",
    "timestamp" : "2023-02-03T18:25:21.240Z",
    "type" : 63
  }, {
    "name" : "com.vantiq.pothole.Pothole.GlobalState",
    "resourceReference" : "/types/com.vantiq.pothole.Pothole.GlobalState",
    "timestamp" : "2023-02-03T18:25:18.868Z",
    "type" : 1
  }, {
    "name" : "com.vantiq.pothole.Pothole.StoreUpdateStateGet_UpdateState0",
    "packageName" : "com.vantiq.pothole",
    "procedureName" : "StoreUpdateStateGet_UpdateState0",
    "resourceReference" : "/procedures/com.vantiq.pothole.Pothole.StoreUpdateStateGet_UpdateState0",
    "serviceName" : "Pothole",
    "timestamp" : "2023-02-03T18:25:26.568Z",
    "type" : 3
  }, {
    "name" : "com.vantiq.pothole.Pothole.StoreUpdateStateReset_UpdateState0",
    "packageName" : "com.vantiq.pothole",
    "procedureName" : "StoreUpdateStateReset_UpdateState0",
    "resourceReference" : "/procedures/com.vantiq.pothole.Pothole.StoreUpdateStateReset_UpdateState0",
    "serviceName" : "Pothole",
    "timestamp" : "2023-02-03T18:25:27.087Z",
    "type" : 3
  }, {
    "name" : "com.vantiq.pothole.Pothole.StoreUpdateStateUpdate_UpdateState0",
    "packageName" : "com.vantiq.pothole",
    "procedureName" : "StoreUpdateStateUpdate_UpdateState0",
    "resourceReference" : "/procedures/com.vantiq.pothole.Pothole.StoreUpdateStateUpdate_UpdateState0",
    "serviceName" : "Pothole",
    "timestamp" : "2023-02-03T18:25:26.833Z",
    "type" : 3
  }, {
    "name" : "com.vantiq.pothole.Pothole.UpdateState0",
    "resourceReference" : "/collaborationtypes/com.vantiq.pothole.Pothole.UpdateState0",
    "timestamp" : "2023-02-03T18:25:18.074Z",
    "type" : 12
  }, {
    "name" : "com.vantiq.pothole.Pothole.computeRequiredChange",
    "packageName" : "com.vantiq.pothole",
    "procedureName" : "computeRequiredChange",
    "resourceReference" : "/procedures/com.vantiq.pothole.Pothole.computeRequiredChange",
    "serviceName" : "Pothole",
    "timestamp" : "2023-02-03T18:25:25.490Z",
    "type" : 3
  }, {
    "name" : "com.vantiq.pothole.Pothole.getTargetValue",
    "packageName" : "com.vantiq.pothole",
    "procedureName" : "getTargetValue",
    "resourceReference" : "/procedures/com.vantiq.pothole.Pothole.getTargetValue",
    "serviceName" : "Pothole",
    "timestamp" : "2023-02-03T18:25:23.289Z",
    "type" : 3
  }, {
    "name" : "com.vantiq.pothole.Pothole.js",
    "resourceReference" : "/documents/com.vantiq.pothole.Pothole.js",
    "timestamp" : "2023-02-03T18:25:21.779Z",
    "type" : 19
  }, {
    "name" : "com.vantiq.pothole.Pothole.setTargetValue",
    "packageName" : "com.vantiq.pothole",
    "procedureName" : "setTargetValue",
    "resourceReference" : "/procedures/com.vantiq.pothole.Pothole.setTargetValue",
    "serviceName" : "Pothole",
    "timestamp" : "2023-02-03T18:25:23.131Z",
    "type" : 3
  }, {
    "name" : "com.vantiq.pothole.PotholeSensors",
    "resourceReference" : "/system.services/com.vantiq.pothole.PotholeSensors",
    "timestamp" : "2023-02-03T18:25:17.915Z",
    "type" : 63
  }, {
    "name" : "com.vantiq.pothole.PotholeSensors.IngestSensor0",
    "resourceReference" : "/collaborationtypes/com.vantiq.pothole.PotholeSensors.IngestSensor0",
    "timestamp" : "2023-02-03T18:25:22.454Z",
    "type" : 12
  } ],
  "tools" : [ {
    "isPinned" : false,
    "name" : "Errors",
    "type" : 13
  }, {
    "dockLocation" : "top",
    "isPinned" : false,
    "name" : "Inactive Panes",
    "type" : 99
  }, {
    "isPinned" : false,
    "name" : "Pothole",
    "pane" : {
      "c" : 1,
      "r" : 0
    },
    "resourceKey" : "systemmodel/Pothole",
    "state" : 2,
    "type" : 71
  }, {
    "isPinned" : false,
    "name" : "Project Contents",
    "type" : 2
  }, {
    "isPinned" : false,
    "name" : "Project Description",
    "pane" : {
      "c" : 0,
      "r" : 0
    },
    "state" : 2,
    "type" : 82
  }, {
    "isPinned" : false,
    "name" : "com.vantiq.pothole.Pothole",
    "pane" : {
      "c" : 0,
      "r" : 1
    },
    "resourceKey" : "designmodel/com.vantiq.pothole.Pothole",
    "state" : 2,
    "type" : 121
  } ],
  "type" : "dev",
  "views" : [ {
    "name" : "Project Contents",
    "projectToolKeys" : [ "errorviewer/Errors", "tiledock/Inactive Panes", "systemmodel/Pothole", "list/Project Contents", "projectdescription/Project Description", "designmodel/com.vantiq.pothole.Pothole" ]
  } ]
}