{
  "ars_relationships" : [ ],
  "description" : null,
  "eventTypes" : {
    "EvacuationEvent" : {
      "direction" : "OUTBOUND",
      "eventSchema" : "com.vantiq.weatherEmergencies.weatherMessage",
      "isReliable" : false
    },
    "WarningEvent" : {
      "direction" : "OUTBOUND",
      "eventSchema" : "com.vantiq.weatherEmergencies.weatherMessage",
      "isReliable" : false
    }
  },
  "globalType" : null,
  "name" : "com.vantiq.weatherEmergencies.DetectWeatherEmergency",
  "internalEventHandlers": [
    "/collaborationtypes/com.vantiq.weatherEmergencies.DetectWeatherEmergency"
  ],
  "partitionedType" : null,
  "resourceBinding" : {
    "optionalResources" : [ ],
    "requiredResources" : [ {
      "resource" : "topics",
      "resourceId" : "/evacuation/event"
    }, {
      "resource" : "topics",
      "resourceId" : "/warning/event"
    } ]
  }
}