{
  "active" : true,
  "ars_relationships" : [ ],
  "description" : null,
  "eventTypes" : {
    "EvacuateNotification" : {
      "direction" : "INBOUND",
      "implementingResource" : "/collaborationtypes/com.vantiq.weatherEmergencies.DetectWeatherEmergency_EvacuateNotification/EventStream",
      "isPrivate" : true
    },
    "EvacuationEvent" : {
      "direction" : "OUTBOUND",
      "eventSchema" : "com.vantiq.weatherEmergencies.weatherMessage",
      "isReliable" : false
    },
    "WarnNotification" : {
      "direction" : "INBOUND",
      "implementingResource" : "/collaborationtypes/com.vantiq.weatherEmergencies.DetectWeatherEmergency_WarnNotification/EventStream",
      "isPrivate" : true
    },
    "WarningEvent" : {
      "direction" : "OUTBOUND",
      "eventSchema" : "com.vantiq.weatherEmergencies.weatherMessage",
      "isReliable" : false
    },
    "WeatherEvents" : {
      "direction" : "INBOUND",
      "eventSchema" : "com.vantiq.weatherEmergencies.weatherReading",
      "implementingResource" : "/collaborationtypes/com.vantiq.weatherEmergencies.DetectWeatherEmergency_WeatherEvents/WeatherReadings"
    }
  },
  "globalType" : null,
  "interface" : [ ],
  "internalEventHandlers" : [ "/collaborationtypes/ForwardSourceEvents" ],
  "name" : "com.vantiq.weatherEmergencies.DetectWeatherEmergency",
  "partitionedType" : null,
  "replicationFactor" : 1,
  "scheduledProcedures" : { }
}