{
  "ars_relationships" : [ ],
  "links" : [ {
    "source" : "services/com.vantiq.genai.TutorialService",
    "target" : "document/com.vantiq.genai.TutorialService.js"
  }, {
    "source" : "services/com.vantiq.genai.TutorialService",
    "target" : "procedure/com.vantiq.genai.TutorialService.tellAJoke"
  }, {
    "source" : "procedure/com.vantiq.genai.TutorialService.tellAJoke",
    "target" : "services/com.vantiq.genai.TutorialService"
  }, {
    "source" : "semanticindex/com.vantiq.genai.TutorialIndex",
    "target" : "llm/SentenceTransformer"
  }, {
    "source" : "services/com.vantiq.genai.TutorialService",
    "target" : "procedure/com.vantiq.genai.TutorialService.simpleRag"
  }, {
    "source" : "procedure/com.vantiq.genai.TutorialService.simpleRag",
    "target" : "services/com.vantiq.genai.TutorialService"
  }, {
    "source" : "services/com.vantiq.genai.TutorialService",
    "target" : "procedure/com.vantiq.genai.TutorialService.workedAtForte"
  }, {
    "source" : "procedure/com.vantiq.genai.TutorialService.workedAtForte",
    "target" : "services/com.vantiq.genai.TutorialService"
  }, {
    "source" : "services/com.vantiq.genai.TutorialService",
    "target" : "procedure/com.vantiq.genai.TutorialService.runtimeConfig"
  }, {
    "source" : "procedure/com.vantiq.genai.TutorialService.runtimeConfig",
    "target" : "services/com.vantiq.genai.TutorialService"
  }, {
    "source" : "services/com.vantiq.genai.TutorialService",
    "target" : "procedure/com.vantiq.genai.TutorialService.startConversation"
  }, {
    "source" : "procedure/com.vantiq.genai.TutorialService.startConversation",
    "target" : "services/com.vantiq.genai.TutorialService"
  }, {
    "source" : "services/com.vantiq.genai.TutorialService",
    "target" : "procedure/com.vantiq.genai.TutorialService.getConversation"
  }, {
    "source" : "procedure/com.vantiq.genai.TutorialService.getConversation",
    "target" : "services/com.vantiq.genai.TutorialService"
  }, {
    "source" : "services/com.vantiq.genai.TutorialService",
    "target" : "procedure/com.vantiq.genai.TutorialService.resetConversation"
  }, {
    "source" : "procedure/com.vantiq.genai.TutorialService.resetConversation",
    "target" : "services/com.vantiq.genai.TutorialService"
  }, {
    "source" : "procedure/com.vantiq.genai.TutorialService.endConversation",
    "target" : "services/com.vantiq.genai.TutorialService"
  }, {
    "source" : "services/com.vantiq.genai.TutorialService",
    "target" : "procedure/com.vantiq.genai.TutorialService.endConversation"
  }, {
    "source" : "services/com.vantiq.genai.TutorialService",
    "target" : "procedure/com.vantiq.genai.TutorialService.simpleConversation"
  }, {
    "source" : "procedure/com.vantiq.genai.TutorialService.simpleConversation",
    "target" : "services/com.vantiq.genai.TutorialService"
  }, {
    "source" : "services/com.vantiq.genai.TutorialService",
    "target" : "procedure/com.vantiq.genai.TutorialService.configuredConversation"
  }, {
    "source" : "procedure/com.vantiq.genai.TutorialService.configuredConversation",
    "target" : "services/com.vantiq.genai.TutorialService"
  }, {
    "source" : "services/com.vantiq.genai.TutorialService",
    "target" : "procedure/com.vantiq.genai.TutorialService.choosePrompt"
  }, {
    "source" : "procedure/com.vantiq.genai.TutorialService.choosePrompt",
    "target" : "services/com.vantiq.genai.TutorialService"
  }, {
    "source" : "services/com.vantiq.genai.TutorialService",
    "target" : "procedure/com.vantiq.genai.TutorialService.loadFromUrl"
  }, {
    "source" : "procedure/com.vantiq.genai.TutorialService.loadFromUrl",
    "target" : "services/com.vantiq.genai.TutorialService"
  }, {
    "source" : "semanticindex/com.vantiq.genai.TestLoadingIndex",
    "target" : "llm/SentenceTransformer"
  }, {
    "source" : "genaiflow/com.vantiq.genai.TutorialService:loadFromUrl",
    "target" : "semanticindex/com.vantiq.genai.TestLoadingIndex"
  }, {
    "source" : "genaiflow/com.vantiq.genai.TutorialService:storeTutorialEntry",
    "target" : "semanticindex/com.vantiq.genai.TutorialIndex"
  }, {
    "source" : "services/com.vantiq.genai.TutorialService",
    "target" : "procedure/com.vantiq.genai.TutorialService.storeTutorialEntry"
  }, {
    "source" : "procedure/com.vantiq.genai.TutorialService.storeTutorialEntry",
    "target" : "services/com.vantiq.genai.TutorialService"
  }, {
    "source" : "services/com.vantiq.genai.TutorialService",
    "target" : "procedure/com.vantiq.genai.TutorialService.loadIndexContent"
  }, {
    "source" : "procedure/com.vantiq.genai.TutorialService.loadIndexContent",
    "target" : "services/com.vantiq.genai.TutorialService"
  }, {
    "source" : "procedure/com.vantiq.genai.TutorialService.loadIndexContent",
    "target" : "procedure/com.vantiq.genai.TutorialService.storeTutorialEntry"
  }, {
    "source" : "services/com.vantiq.genai.TutorialService",
    "target" : "procedure/com.vantiq.genai.TutorialService.streamFromLLM"
  }, {
    "source" : "procedure/com.vantiq.genai.TutorialService.streamFromLLM",
    "target" : "services/com.vantiq.genai.TutorialService"
  }, {
    "source" : "procedure/com.vantiq.genai.TutorialService.logLLMStream",
    "target" : "procedure/com.vantiq.genai.TutorialService.streamFromLLM"
  }, {
    "source" : "procedure/com.vantiq.genai.TutorialService.logLLMStream",
    "target" : "services/com.vantiq.genai.TutorialService"
  }, {
    "source" : "services/com.vantiq.genai.TutorialService",
    "target" : "procedure/com.vantiq.genai.TutorialService.logLLMStream"
  }, {
    "source" : "genaiflow/com.vantiq.genai.TutorialService:streamFromLLM",
    "target" : "llm/GPT_LLM"
  }, {
    "source" : "genaiflow/com.vantiq.genai.TutorialService:simpleRag",
    "target" : "semanticindex/com.vantiq.genai.TutorialIndex"
  }, {
    "source" : "genaiflow/com.vantiq.genai.TutorialService:simpleRag",
    "target" : "document/ragPrompt.txt"
  }, {
    "source" : "genaiflow/com.vantiq.genai.TutorialService:workedAtForte",
    "target" : "semanticindex/com.vantiq.genai.TutorialIndex"
  }, {
    "source" : "genaiflow/com.vantiq.genai.TutorialService:workedAtForte",
    "target" : "document/ragPromptBoolean.txt"
  }, {
    "source" : "genaiflow/com.vantiq.genai.TutorialService:workedAtForte",
    "target" : "llm/GPT_LLM"
  }, {
    "source" : "genaiflow/com.vantiq.genai.TutorialService:simpleRag",
    "target" : "llm/GPT_LLM"
  }, {
    "source" : "genaiflow/com.vantiq.genai.TutorialService:tellAJoke",
    "target" : "llm/GPT_LLM"
  }, {
    "source" : "semanticindex/com.vantiq.genai.StateOfUnion",
    "target" : "llm/SentenceTransformer"
  }, {
    "source" : "services/com.vantiq.genai.TutorialService",
    "target" : "procedure/com.vantiq.genai.TutorialService.contextualCompression"
  }, {
    "source" : "procedure/com.vantiq.genai.TutorialService.contextualCompression",
    "target" : "services/com.vantiq.genai.TutorialService"
  }, {
    "source" : "genaiflow/com.vantiq.genai.TutorialService:sportsOnly",
    "target" : "llm/GPT_LLM"
  }, {
    "source" : "services/com.vantiq.genai.TutorialService",
    "target" : "procedure/com.vantiq.genai.TutorialService.sportsOnly"
  }, {
    "source" : "procedure/com.vantiq.genai.TutorialService.sportsOnly",
    "target" : "services/com.vantiq.genai.TutorialService"
  }, {
    "source" : "genaiflow/com.vantiq.genai.TutorialService:dialogRails",
    "target" : "llm/SentenceTransformer"
  }, {
    "source" : "genaiflow/com.vantiq.genai.TutorialService:dialogRails",
    "target" : "llm/GPT_LLM"
  }, {
    "source" : "genaiflow/com.vantiq.genai.TutorialService:dialogRails",
    "target" : "document/nemo/dialogRails.co"
  }, {
    "source" : "services/com.vantiq.genai.TutorialService",
    "target" : "procedure/com.vantiq.genai.TutorialService.dialogRails"
  }, {
    "source" : "procedure/com.vantiq.genai.TutorialService.dialogRails",
    "target" : "services/com.vantiq.genai.TutorialService"
  }, {
    "source" : "genaiflow/com.vantiq.genai.TutorialService:inputRails",
    "target" : "llm/GPT_LLM"
  }, {
    "source" : "genaiflow/com.vantiq.genai.TutorialService:inputRails",
    "target" : "llm/SentenceTransformer"
  }, {
    "source" : "genaiflow/com.vantiq.genai.TutorialService:inputRails",
    "target" : "document/nemo/inputRailPrompt.yml"
  }, {
    "source" : "genaiflow/com.vantiq.genai.TutorialService:inputRails",
    "target" : "document/nemo/inputRails.co"
  }, {
    "source" : "services/com.vantiq.genai.TutorialService",
    "target" : "procedure/com.vantiq.genai.TutorialService.inputRails"
  }, {
    "source" : "procedure/com.vantiq.genai.TutorialService.inputRails",
    "target" : "services/com.vantiq.genai.TutorialService"
  }, {
    "source" : "genaiflow/com.vantiq.genai.TutorialService:outputRails",
    "target" : "llm/SentenceTransformer"
  }, {
    "source" : "genaiflow/com.vantiq.genai.TutorialService:outputRails",
    "target" : "llm/GPT_LLM"
  }, {
    "source" : "genaiflow/com.vantiq.genai.TutorialService:outputRails",
    "target" : "document/nemo/outputRailPrompt.yml"
  }, {
    "source" : "genaiflow/com.vantiq.genai.TutorialService:outputRails",
    "target" : "document/nemo/outputResponse.co"
  }, {
    "source" : "services/com.vantiq.genai.TutorialService",
    "target" : "procedure/com.vantiq.genai.TutorialService.outputRails"
  }, {
    "source" : "procedure/com.vantiq.genai.TutorialService.outputRails",
    "target" : "services/com.vantiq.genai.TutorialService"
  }, {
    "source" : "genaiflow/com.vantiq.genai.TutorialService:nemoActions",
    "target" : "llm/GPT_LLM"
  }, {
    "source" : "genaiflow/com.vantiq.genai.TutorialService:nemoActions",
    "target" : "llm/SentenceTransformer"
  }, {
    "source" : "genaiflow/com.vantiq.genai.TutorialService:nemoActions",
    "target" : "document/nemo/actions.co"
  }, {
    "source" : "services/com.vantiq.genai.TutorialService",
    "target" : "procedure/com.vantiq.genai.TutorialService.nemoActions"
  }, {
    "source" : "procedure/com.vantiq.genai.TutorialService.nemoActions",
    "target" : "services/com.vantiq.genai.TutorialService"
  } ],
  "name" : "genAITutorial",
  "options" : {
    "description" : "This project contains the service and supporting resources created during the [GenAI Builder Tutorial](/docs/system/tutorials/genaibuilder/index.html).  It demonstrates how to use the [Gen AI Builder](/docs/system/genaibuilder/index.html) to construct custom GenAI functionality for your applications.  \n\nTo use the examples provided by the service you will need to:\n\n1. Create the secret `OPENAI_KEY` containing a valid OpenAI API key.\n1. Load the semantic index with the content as described in the tutorial.",
    "dockCollapsed" : {
      "bottom" : false,
      "left" : false,
      "right" : false,
      "top" : false,
      "viewtabs" : false
    },
    "dockDimensions" : {
      "bottom" : 200,
      "debug" : [ 955.4817780934578, 961.5182219065423 ],
      "left" : 210,
      "right" : 220,
      "top" : 0,
      "viewtabs" : 0
    },
    "filterBitArray" : "ffffffffffffffffffffffffffffffff",
    "isModeloProject" : true,
    "layoutStyle" : "flex",
    "openFolders" : [ "com.vantiq.genai", "com.vantiq.genai/semanticindex", "com.vantiq.genai/services", "document", "llm", "services/com.vantiq.genai.TutorialService" ],
    "partitionsSettings" : { },
    "rootViewFlavor" : 5,
    "showGrid" : true,
    "structure" : {
      "fraction" : 1,
      "groups" : [ {
        "fraction" : 0.75,
        "type" : "L[7]"
      }, {
        "fraction" : 0.25,
        "type" : "L[1]"
      } ],
      "type" : "RH"
    },
    "type" : "dev",
    "v" : 6,
    "viewUUID" : "MAINVIEW"
  },
  "partitions" : [ ],
  "resources" : [ {
    "label" : "GPT_LLM",
    "name" : "GPT_LLM",
    "resourceReference" : "/system.llms/GPT_LLM",
    "timestamp" : "2025-05-09T16:33:15.677Z",
    "type" : 80
  }, {
    "label" : "SentenceTransformer",
    "name" : "SentenceTransformer",
    "resourceReference" : "/system.llms/SentenceTransformer",
    "timestamp" : "2025-05-09T16:33:15.741Z",
    "type" : 80
  }, {
    "label" : "com.vantiq.genai.StateOfUnion",
    "name" : "com.vantiq.genai.StateOfUnion",
    "resourceReference" : "/system.semanticindexes/com.vantiq.genai.StateOfUnion",
    "timestamp" : "2025-05-09T16:33:17.000Z",
    "type" : 79
  }, {
    "label" : "com.vantiq.genai.TestLoadingIndex",
    "name" : "com.vantiq.genai.TestLoadingIndex",
    "resourceReference" : "/system.semanticindexes/com.vantiq.genai.TestLoadingIndex",
    "timestamp" : "2025-05-09T16:33:16.997Z",
    "type" : 79
  }, {
    "label" : "com.vantiq.genai.TutorialIndex",
    "name" : "com.vantiq.genai.TutorialIndex",
    "resourceReference" : "/system.semanticindexes/com.vantiq.genai.TutorialIndex",
    "timestamp" : "2025-05-09T16:33:16.999Z",
    "type" : 79
  }, {
    "label" : "com.vantiq.genai.TutorialService",
    "name" : "com.vantiq.genai.TutorialService",
    "resourceReference" : "/services/com.vantiq.genai.TutorialService",
    "timestamp" : "2025-05-09T17:27:44.798Z",
    "type" : 63
  }, {
    "label" : "com.vantiq.genai.TutorialService.choosePrompt",
    "name" : "com.vantiq.genai.TutorialService.choosePrompt",
    "packageName" : "com.vantiq.genai",
    "procedureName" : "choosePrompt",
    "resourceReference" : "/procedures/com.vantiq.genai.TutorialService.choosePrompt",
    "serviceName" : "TutorialService",
    "timestamp" : "2025-05-09T16:33:31.307Z",
    "type" : 3
  }, {
    "label" : "com.vantiq.genai.TutorialService.configuredConversation",
    "name" : "com.vantiq.genai.TutorialService.configuredConversation",
    "packageName" : "com.vantiq.genai",
    "procedureName" : "configuredConversation",
    "resourceReference" : "/procedures/com.vantiq.genai.TutorialService.configuredConversation",
    "serviceName" : "TutorialService",
    "timestamp" : "2025-05-09T16:33:30.863Z",
    "type" : 3
  }, {
    "label" : "com.vantiq.genai.TutorialService.contextualCompression",
    "name" : "com.vantiq.genai.TutorialService.contextualCompression",
    "packageName" : "com.vantiq.genai",
    "procedureName" : "contextualCompression",
    "resourceReference" : "/procedures/com.vantiq.genai.TutorialService.contextualCompression",
    "serviceName" : "TutorialService",
    "timestamp" : "2025-05-09T16:33:29.647Z",
    "type" : 3
  }, {
    "name" : "com.vantiq.genai.TutorialService.dialogRails",
    "packageName" : "com.vantiq.genai",
    "procedureName" : "dialogRails",
    "resourceReference" : "/procedures/com.vantiq.genai.TutorialService.dialogRails",
    "serviceName" : "TutorialService",
    "timestamp" : "2025-05-09T16:47:09.324Z",
    "type" : 3
  }, {
    "label" : "com.vantiq.genai.TutorialService.endConversation",
    "name" : "com.vantiq.genai.TutorialService.endConversation",
    "packageName" : "com.vantiq.genai",
    "procedureName" : "endConversation",
    "resourceReference" : "/procedures/com.vantiq.genai.TutorialService.endConversation",
    "serviceName" : "TutorialService",
    "timestamp" : "2025-05-09T16:33:25.757Z",
    "type" : 3
  }, {
    "label" : "com.vantiq.genai.TutorialService.getConversation",
    "name" : "com.vantiq.genai.TutorialService.getConversation",
    "packageName" : "com.vantiq.genai",
    "procedureName" : "getConversation",
    "resourceReference" : "/procedures/com.vantiq.genai.TutorialService.getConversation",
    "serviceName" : "TutorialService",
    "timestamp" : "2025-05-09T16:33:25.754Z",
    "type" : 3
  }, {
    "name" : "com.vantiq.genai.TutorialService.inputRails",
    "packageName" : "com.vantiq.genai",
    "procedureName" : "inputRails",
    "resourceReference" : "/procedures/com.vantiq.genai.TutorialService.inputRails",
    "serviceName" : "TutorialService",
    "timestamp" : "2025-05-09T16:50:30.641Z",
    "type" : 3
  }, {
    "label" : "com.vantiq.genai.TutorialService.js",
    "name" : "com.vantiq.genai.TutorialService.js",
    "resourceReference" : "/documents/com.vantiq.genai.TutorialService.js",
    "timestamp" : "2025-05-09T16:33:34.983Z",
    "type" : 19
  }, {
    "label" : "com.vantiq.genai.TutorialService.loadFromUrl",
    "name" : "com.vantiq.genai.TutorialService.loadFromUrl",
    "packageName" : "com.vantiq.genai",
    "procedureName" : "loadFromUrl",
    "resourceReference" : "/procedures/com.vantiq.genai.TutorialService.loadFromUrl",
    "serviceName" : "TutorialService",
    "timestamp" : "2025-05-09T16:33:30.854Z",
    "type" : 3
  }, {
    "label" : "com.vantiq.genai.TutorialService.loadIndexContent",
    "name" : "com.vantiq.genai.TutorialService.loadIndexContent",
    "packageName" : "com.vantiq.genai",
    "procedureName" : "loadIndexContent",
    "resourceReference" : "/procedures/com.vantiq.genai.TutorialService.loadIndexContent",
    "serviceName" : "TutorialService",
    "timestamp" : "2025-05-09T16:33:25.760Z",
    "type" : 3
  }, {
    "label" : "com.vantiq.genai.TutorialService.logLLMStream",
    "name" : "com.vantiq.genai.TutorialService.logLLMStream",
    "packageName" : "com.vantiq.genai",
    "procedureName" : "logLLMStream",
    "resourceReference" : "/procedures/com.vantiq.genai.TutorialService.logLLMStream",
    "serviceName" : "TutorialService",
    "timestamp" : "2025-05-09T16:33:25.754Z",
    "type" : 3
  }, {
    "name" : "com.vantiq.genai.TutorialService.nemoActions",
    "packageName" : "com.vantiq.genai",
    "procedureName" : "nemoActions",
    "resourceReference" : "/procedures/com.vantiq.genai.TutorialService.nemoActions",
    "serviceName" : "TutorialService",
    "timestamp" : "2025-05-09T17:22:13.162Z",
    "type" : 3
  }, {
    "name" : "com.vantiq.genai.TutorialService.outputRails",
    "packageName" : "com.vantiq.genai",
    "procedureName" : "outputRails",
    "resourceReference" : "/procedures/com.vantiq.genai.TutorialService.outputRails",
    "serviceName" : "TutorialService",
    "timestamp" : "2025-05-09T16:53:32.003Z",
    "type" : 3
  }, {
    "label" : "com.vantiq.genai.TutorialService.resetConversation",
    "name" : "com.vantiq.genai.TutorialService.resetConversation",
    "packageName" : "com.vantiq.genai",
    "procedureName" : "resetConversation",
    "resourceReference" : "/procedures/com.vantiq.genai.TutorialService.resetConversation",
    "serviceName" : "TutorialService",
    "timestamp" : "2025-05-09T16:33:25.755Z",
    "type" : 3
  }, {
    "label" : "com.vantiq.genai.TutorialService.runtimeConfig",
    "name" : "com.vantiq.genai.TutorialService.runtimeConfig",
    "packageName" : "com.vantiq.genai",
    "procedureName" : "runtimeConfig",
    "resourceReference" : "/procedures/com.vantiq.genai.TutorialService.runtimeConfig",
    "serviceName" : "TutorialService",
    "timestamp" : "2025-05-09T16:33:29.357Z",
    "type" : 3
  }, {
    "label" : "com.vantiq.genai.TutorialService.simpleConversation",
    "name" : "com.vantiq.genai.TutorialService.simpleConversation",
    "packageName" : "com.vantiq.genai",
    "procedureName" : "simpleConversation",
    "resourceReference" : "/procedures/com.vantiq.genai.TutorialService.simpleConversation",
    "serviceName" : "TutorialService",
    "timestamp" : "2025-05-09T16:33:30.568Z",
    "type" : 3
  }, {
    "label" : "com.vantiq.genai.TutorialService.simpleRag",
    "name" : "com.vantiq.genai.TutorialService.simpleRag",
    "packageName" : "com.vantiq.genai",
    "procedureName" : "simpleRag",
    "resourceReference" : "/procedures/com.vantiq.genai.TutorialService.simpleRag",
    "serviceName" : "TutorialService",
    "timestamp" : "2025-05-09T16:33:30.515Z",
    "type" : 3
  }, {
    "name" : "com.vantiq.genai.TutorialService.sportsOnly",
    "packageName" : "com.vantiq.genai",
    "procedureName" : "sportsOnly",
    "resourceReference" : "/procedures/com.vantiq.genai.TutorialService.sportsOnly",
    "serviceName" : "TutorialService",
    "timestamp" : "2025-05-09T16:35:40.695Z",
    "type" : 3
  }, {
    "label" : "com.vantiq.genai.TutorialService.startConversation",
    "name" : "com.vantiq.genai.TutorialService.startConversation",
    "packageName" : "com.vantiq.genai",
    "procedureName" : "startConversation",
    "resourceReference" : "/procedures/com.vantiq.genai.TutorialService.startConversation",
    "serviceName" : "TutorialService",
    "timestamp" : "2025-05-09T16:33:25.757Z",
    "type" : 3
  }, {
    "label" : "com.vantiq.genai.TutorialService.storeTutorialEntry",
    "name" : "com.vantiq.genai.TutorialService.storeTutorialEntry",
    "packageName" : "com.vantiq.genai",
    "procedureName" : "storeTutorialEntry",
    "resourceReference" : "/procedures/com.vantiq.genai.TutorialService.storeTutorialEntry",
    "serviceName" : "TutorialService",
    "timestamp" : "2025-05-09T16:33:31.082Z",
    "type" : 3
  }, {
    "label" : "com.vantiq.genai.TutorialService.streamFromLLM",
    "name" : "com.vantiq.genai.TutorialService.streamFromLLM",
    "packageName" : "com.vantiq.genai",
    "procedureName" : "streamFromLLM",
    "resourceReference" : "/procedures/com.vantiq.genai.TutorialService.streamFromLLM",
    "serviceName" : "TutorialService",
    "timestamp" : "2025-05-09T16:33:29.844Z",
    "type" : 3
  }, {
    "label" : "com.vantiq.genai.TutorialService.tellAJoke",
    "name" : "com.vantiq.genai.TutorialService.tellAJoke",
    "packageName" : "com.vantiq.genai",
    "procedureName" : "tellAJoke",
    "resourceReference" : "/procedures/com.vantiq.genai.TutorialService.tellAJoke",
    "serviceName" : "TutorialService",
    "timestamp" : "2025-05-09T16:33:30.282Z",
    "type" : 3
  }, {
    "label" : "com.vantiq.genai.TutorialService.workedAtForte",
    "name" : "com.vantiq.genai.TutorialService.workedAtForte",
    "packageName" : "com.vantiq.genai",
    "procedureName" : "workedAtForte",
    "resourceReference" : "/procedures/com.vantiq.genai.TutorialService.workedAtForte",
    "serviceName" : "TutorialService",
    "timestamp" : "2025-05-09T16:33:30.219Z",
    "type" : 3
  }, {
    "label" : "com.vantiq.genai.TutorialService:choosePrompt",
    "name" : "com.vantiq.genai.TutorialService:choosePrompt",
    "resourceReference" : "/system.genaiflows/com.vantiq.genai.TutorialService:choosePrompt",
    "timestamp" : "2025-05-09T16:33:32.424Z",
    "type" : 81
  }, {
    "label" : "com.vantiq.genai.TutorialService:configuredConversation",
    "name" : "com.vantiq.genai.TutorialService:configuredConversation",
    "resourceReference" : "/system.genaiflows/com.vantiq.genai.TutorialService:configuredConversation",
    "timestamp" : "2025-05-09T16:33:32.410Z",
    "type" : 81
  }, {
    "label" : "com.vantiq.genai.TutorialService:contextualCompression",
    "name" : "com.vantiq.genai.TutorialService:contextualCompression",
    "resourceReference" : "/system.genaiflows/com.vantiq.genai.TutorialService:contextualCompression",
    "timestamp" : "2025-05-09T16:33:33.776Z",
    "type" : 81
  }, {
    "name" : "com.vantiq.genai.TutorialService:dialogRails",
    "resourceReference" : "/system.genaiflows/com.vantiq.genai.TutorialService:dialogRails",
    "timestamp" : "2025-05-09T16:59:12.057Z",
    "type" : 81
  }, {
    "name" : "com.vantiq.genai.TutorialService:inputRails",
    "resourceReference" : "/system.genaiflows/com.vantiq.genai.TutorialService:inputRails",
    "timestamp" : "2025-05-09T16:59:11.804Z",
    "type" : 81
  }, {
    "label" : "com.vantiq.genai.TutorialService:loadFromUrl",
    "name" : "com.vantiq.genai.TutorialService:loadFromUrl",
    "resourceReference" : "/system.genaiflows/com.vantiq.genai.TutorialService:loadFromUrl",
    "timestamp" : "2025-05-09T16:33:32.327Z",
    "type" : 81
  }, {
    "name" : "com.vantiq.genai.TutorialService:nemoActions",
    "resourceReference" : "/system.genaiflows/com.vantiq.genai.TutorialService:nemoActions",
    "timestamp" : "2025-05-09T17:27:41.425Z",
    "type" : 81
  }, {
    "name" : "com.vantiq.genai.TutorialService:outputRails",
    "resourceReference" : "/system.genaiflows/com.vantiq.genai.TutorialService:outputRails",
    "timestamp" : "2025-05-09T17:17:07.623Z",
    "type" : 81
  }, {
    "label" : "com.vantiq.genai.TutorialService:runtimeConfig",
    "name" : "com.vantiq.genai.TutorialService:runtimeConfig",
    "resourceReference" : "/system.genaiflows/com.vantiq.genai.TutorialService:runtimeConfig",
    "timestamp" : "2025-05-09T16:33:32.115Z",
    "type" : 81
  }, {
    "label" : "com.vantiq.genai.TutorialService:simpleConversation",
    "name" : "com.vantiq.genai.TutorialService:simpleConversation",
    "resourceReference" : "/system.genaiflows/com.vantiq.genai.TutorialService:simpleConversation",
    "timestamp" : "2025-05-09T16:33:32.419Z",
    "type" : 81
  }, {
    "label" : "com.vantiq.genai.TutorialService:simpleRag",
    "name" : "com.vantiq.genai.TutorialService:simpleRag",
    "resourceReference" : "/system.genaiflows/com.vantiq.genai.TutorialService:simpleRag",
    "timestamp" : "2025-05-09T16:33:35.052Z",
    "type" : 81
  }, {
    "name" : "com.vantiq.genai.TutorialService:sportsOnly",
    "resourceReference" : "/system.genaiflows/com.vantiq.genai.TutorialService:sportsOnly",
    "timestamp" : "2025-05-09T16:59:12.249Z",
    "type" : 81
  }, {
    "label" : "com.vantiq.genai.TutorialService:storeTutorialEntry",
    "name" : "com.vantiq.genai.TutorialService:storeTutorialEntry",
    "resourceReference" : "/system.genaiflows/com.vantiq.genai.TutorialService:storeTutorialEntry",
    "timestamp" : "2025-05-09T16:33:31.579Z",
    "type" : 81
  }, {
    "label" : "com.vantiq.genai.TutorialService:streamFromLLM",
    "name" : "com.vantiq.genai.TutorialService:streamFromLLM",
    "resourceReference" : "/system.genaiflows/com.vantiq.genai.TutorialService:streamFromLLM",
    "timestamp" : "2025-05-09T16:33:32.019Z",
    "type" : 81
  }, {
    "label" : "com.vantiq.genai.TutorialService:tellAJoke",
    "name" : "com.vantiq.genai.TutorialService:tellAJoke",
    "resourceReference" : "/system.genaiflows/com.vantiq.genai.TutorialService:tellAJoke",
    "timestamp" : "2025-05-09T16:33:32.276Z",
    "type" : 81
  }, {
    "label" : "com.vantiq.genai.TutorialService:workedAtForte",
    "name" : "com.vantiq.genai.TutorialService:workedAtForte",
    "resourceReference" : "/system.genaiflows/com.vantiq.genai.TutorialService:workedAtForte",
    "timestamp" : "2025-05-09T16:33:32.426Z",
    "type" : 81
  }, {
    "label" : "com.vantiq.genai.TutorialService:workedAtForte",
    "name" : "com.vantiq.genai.TutorialService:workedAtForte",
    "resourceReference" : "/system.genaiflows/com.vantiq.genai.TutorialService:workedAtForte",
    "timestamp" : "2025-05-09T16:33:32.426Z",
    "type" : 81
  }, {
    "name" : "nemo/actions.co",
    "resourceReference" : "/documents/nemo/actions.co",
    "timestamp" : "2025-05-09T17:27:30.435Z",
    "type" : 19
  }, {
    "name" : "nemo/dialogRails.co",
    "resourceReference" : "/documents/nemo/dialogRails.co",
    "timestamp" : "2025-05-09T16:44:03.175Z",
    "type" : 19
  }, {
    "name" : "nemo/inputRailPrompt.yml",
    "resourceReference" : "/documents/nemo/inputRailPrompt.yml",
    "timestamp" : "2025-05-09T16:50:16.177Z",
    "type" : 19
  }, {
    "name" : "nemo/inputRails.co",
    "resourceReference" : "/documents/nemo/inputRails.co",
    "timestamp" : "2025-05-09T16:49:50.604Z",
    "type" : 19
  }, {
    "name" : "nemo/outputRailPrompt.yml",
    "resourceReference" : "/documents/nemo/outputRailPrompt.yml",
    "timestamp" : "2025-05-09T16:53:22.118Z",
    "type" : 19
  }, {
    "name" : "nemo/outputResponse.co",
    "resourceReference" : "/documents/nemo/outputResponse.co",
    "timestamp" : "2025-05-09T16:53:04.639Z",
    "type" : 19
  }, {
    "label" : "promptWithHistory.txt",
    "name" : "promptWithHistory.txt",
    "resourceReference" : "/documents/promptWithHistory.txt",
    "timestamp" : "2025-05-09T16:33:19.666Z",
    "type" : 19
  }, {
    "label" : "ragPrompt.txt",
    "name" : "ragPrompt.txt",
    "resourceReference" : "/documents/ragPrompt.txt",
    "timestamp" : "2025-05-09T16:33:19.666Z",
    "type" : 19
  }, {
    "label" : "ragPromptBoolean.txt",
    "name" : "ragPromptBoolean.txt",
    "resourceReference" : "/documents/ragPromptBoolean.txt",
    "timestamp" : "2025-05-09T16:33:19.667Z",
    "type" : 19
  }, {
    "label" : "ragPromptJson.txt",
    "name" : "ragPromptJson.txt",
    "resourceReference" : "/documents/ragPromptJson.txt",
    "timestamp" : "2025-05-09T16:33:19.666Z",
    "type" : 19
  } ],
  "tools" : [ {
    "isPinned" : false,
    "name" : "Audits",
    "pane" : {
      "address" : "RH[0]/L[5]"
    },
    "state" : 8,
    "type" : 58
  }, {
    "isPinned" : false,
    "name" : "Documents",
    "pane" : {
      "address" : "RH[0]/L[1]"
    },
    "state" : 8,
    "type" : 26
  }, {
    "isPinned" : false,
    "name" : "Errors",
    "type" : 13
  }, {
    "dockLocation" : "top",
    "isPinned" : false,
    "name" : "Inactive Panes",
    "type" : 99
  }, {
    "isPinned" : false,
    "name" : "Log Messages",
    "type" : 12
  }, {
    "isPinned" : false,
    "name" : "Log Records Query",
    "pane" : {
      "address" : "RH[0]/L[4]"
    },
    "state" : 8,
    "type" : 18
  }, {
    "isPinned" : false,
    "name" : "Project Contents",
    "type" : 2
  }, {
    "isPinned" : false,
    "name" : "Project Description",
    "pane" : {
      "address" : "RH[1]/L[0]",
      "isActive" : true
    },
    "state" : 8,
    "type" : 82
  }, {
    "isPinned" : false,
    "name" : "com.vantiq.genai.StateOfUnion",
    "pane" : {
      "address" : "RH[0]/L[2]"
    },
    "resourceKey" : "semanticindex/com.vantiq.genai.StateOfUnion",
    "state" : 8,
    "type" : 10
  }, {
    "isPinned" : false,
    "name" : "com.vantiq.genai.TestLoadingIndex",
    "pane" : {
      "address" : "RH[0]/L[3]"
    },
    "resourceKey" : "semanticindex/com.vantiq.genai.TestLoadingIndex",
    "state" : 8,
    "type" : 10
  }, {
    "isPinned" : false,
    "name" : "com.vantiq.genai.TutorialIndex",
    "pane" : {
      "address" : "RH[0]/L[6]"
    },
    "resourceKey" : "semanticindex/com.vantiq.genai.TutorialIndex",
    "state" : 8,
    "type" : 10
  }, {
    "isPinned" : false,
    "name" : "com.vantiq.genai.TutorialService",
    "pane" : {
      "address" : "RH[0]/L[0]",
      "isActive" : true,
      "isActiveTool" : true
    },
    "resourceKey" : "services/com.vantiq.genai.TutorialService",
    "state" : 8,
    "type" : 109
  } ],
  "type" : "dev",
  "views" : [ {
    "name" : "Project Contents",
    "projectToolKeys" : [ "audits/Audits", "documents/Documents", "errorviewer/Errors", "tiledock/Inactive Panes", "logviewer/Log Messages", "logquery/Log Records Query", "list/Project Contents", "projectdescription/Project Description", "semanticindexeditor/com.vantiq.genai.StateOfUnion", "semanticindexeditor/com.vantiq.genai.TestLoadingIndex", "semanticindexeditor/com.vantiq.genai.TutorialIndex", "services/com.vantiq.genai.TutorialService" ]
  } ]
}