{
  "controllers" : {
    "client" : { },
    "dataStream" : {
      "Resident" : { }
    },
    "page" : {
      "Start" : {
        "widgets" : { }
      }
    }
  },
  "isLaunchable" : false,
  "models" : {
    "dataObjects" : {
      "__GLOBAL__" : {
        "properties" : { }
      },
      "__PARAMETERS__" : {
        "properties" : { }
      }
    },
    "dataStreams" : [ {
      "advancedWhereClause" : null,
      "dataObjectName" : null,
      "dataTypeList" : [ {
        "isSeries" : false,
        "label" : null,
        "type" : "Resident"
      } ],
      "isDeleteOp" : false,
      "isInsertOp" : true,
      "isUpdateOp" : false,
      "maxRecords" : 0,
      "name" : "Resident",
      "property" : "name",
      "sortByProperty" : null,
      "sortDescending" : false,
      "type" : 1,
      "updateInterval" : 60,
      "uuid" : "460e293f-53f5-4c75-a79f-e6fc815b6f8e",
      "v" : 1
    } ]
  },
  "name" : "Resident",
  "options" : {
    "description" : "",
    "isLaunchable" : false,
    "showGridWhileEditing" : true,
    "theme" : {
      "accentColor1" : "#040fdb",
      "backgroundColor" : "#f0f2f5",
      "borderColor" : "#000000",
      "foregroundColor" : "#000000",
      "label" : "Light",
      "name" : "light",
      "v" : 2
    },
    "v" : 2
  },
  "targetDevice" : "browser",
  "views" : {
    "Start" : {
      "bodyChildren" : [ {
        "actionMenuLabel" : null,
        "actionMenuTopic" : null,
        "borderColor" : "Default",
        "borderWidth" : 0,
        "h" : 42,
        "heightPolicy" : 0,
        "horzGravity" : 4,
        "horzMargin" : 10,
        "innerMargin" : 0,
        "isDraggable" : true,
        "isSelectable" : true,
        "label" : "First Floor",
        "labelAlign" : "center",
        "labelColor" : "#000000",
        "labelFontSize" : 20,
        "labelStyle" : "plain",
        "name" : "text1",
        "type" : "PIText",
        "v" : 11,
        "vertGravity" : 4,
        "vertMargin" : 10,
        "w" : 110,
        "widthPolicy" : 2,
        "x" : 170,
        "y" : 40
      }, {
        "actionMenuLabel" : null,
        "actionMenuTopic" : null,
        "borderColor" : "Default",
        "borderWidth" : 0,
        "h" : 42,
        "heightPolicy" : 0,
        "horzGravity" : 4,
        "horzMargin" : 10,
        "innerMargin" : 0,
        "isDraggable" : true,
        "isSelectable" : true,
        "label" : "Second Floor",
        "labelAlign" : "center",
        "labelColor" : "#000000",
        "labelFontSize" : 20,
        "labelStyle" : "plain",
        "name" : "text3",
        "type" : "PIText",
        "v" : 11,
        "vertGravity" : 4,
        "vertMargin" : 10,
        "w" : 139,
        "widthPolicy" : 2,
        "x" : 540,
        "y" : 40
      }, {
        "actionMenuLabel" : null,
        "actionMenuTopic" : null,
        "borderColor" : "Default",
        "borderWidth" : 0,
        "dataStreamGroupedByFiltersString" : "",
        "dataStreamPropertyList" : [ ],
        "dataStreamUUID" : "460e293f-53f5-4c75-a79f-e6fc815b6f8e",
        "dataType" : null,
        "filterObject" : "{\"floor\":\"one\"}",
        "flheight" : 25,
        "flwidth" : 30,
        "h" : 244,
        "heightPolicy" : 0,
        "horzGravity" : 4,
        "isDraggable" : true,
        "isScaleable" : false,
        "isSelectable" : true,
        "labelName" : "name",
        "name" : "floorPlan1",
        "naturalKey" : null,
        "operation" : "insert",
        "propertyName" : "location",
        "scale" : 1,
        "type" : "FloorPlanWidget",
        "url" : "../cmn/img/floorplan.png",
        "v" : 11,
        "vertGravity" : 4,
        "w" : 300,
        "widthPolicy" : 0,
        "x" : 70,
        "y" : 80
      }, {
        "actionMenuLabel" : null,
        "actionMenuTopic" : null,
        "borderColor" : "Default",
        "borderWidth" : 0,
        "dataStreamGroupedByFiltersString" : "",
        "dataStreamPropertyList" : [ ],
        "dataStreamUUID" : "460e293f-53f5-4c75-a79f-e6fc815b6f8e",
        "dataType" : null,
        "filterObject" : "{\"floor\":\"two\"}",
        "flheight" : 25,
        "flwidth" : 30,
        "h" : 244,
        "heightPolicy" : 0,
        "horzGravity" : 4,
        "isDraggable" : true,
        "isScaleable" : false,
        "isSelectable" : true,
        "labelName" : "name",
        "name" : "floorPlan4",
        "naturalKey" : null,
        "operation" : "insert",
        "propertyName" : "location",
        "scale" : 1,
        "type" : "FloorPlanWidget",
        "url" : "../cmn/img/floorplan.png",
        "v" : 11,
        "vertGravity" : 4,
        "w" : 300,
        "widthPolicy" : 0,
        "x" : 460,
        "y" : 80
      } ],
      "data" : {
        "properties" : { }
      },
      "fields" : [ {
        "id" : "text1",
        "label" : "First Floor",
        "size" : 20,
        "type" : "text"
      }, {
        "id" : "text3",
        "label" : "Second Floor",
        "size" : 20,
        "type" : "text"
      } ],
      "footerChildren" : [ ],
      "responseTopic" : "/my/response/topic"
    }
  }
}