{
  "ars_relationships" : [ ],
  "links" : [ {
    "source" : "services/patient.monitoring.HeartRate",
    "target" : "document/patient.monitoring.HeartRate.js"
  }, {
    "source" : "services/patient.monitoring.HeartRate",
    "target" : "topic//patient.monitoring.HeartRate/MonitorReading/handler/inbound"
  }, {
    "source" : "services/patient.monitoring.HeartRate",
    "target" : "procedure/patient.monitoring.HeartRate.generateHeartRate"
  }, {
    "source" : "procedure/patient.monitoring.HeartRate.generateHeartRate",
    "target" : "services/patient.monitoring.HeartRate"
  }, {
    "source" : "client/PatientResponse",
    "target" : "topic//vantiq/systemmodel/PatientResponse/submitTopic"
  }, {
    "source" : "services/patient.monitoring.HeartRate",
    "target" : "type/patient.monitoring.HeartRate.PartitionedState"
  }, {
    "source" : "client/FirstResponderResponse",
    "target" : "topic//vantiq/systemmodel/FirstResponderResponse/submitTopic"
  }, {
    "source" : "services/patient.monitoring.HeartRate",
    "target" : "procedure/patient.monitoring.HeartRate.ActiveCollabsUpdateNotifyPatient_MonitorReading"
  }, {
    "source" : "services/patient.monitoring.HeartRate",
    "target" : "procedure/patient.monitoring.HeartRate.ActiveCollabsWriteAll_MonitorReading"
  }, {
    "source" : "services/patient.monitoring.HeartRate",
    "target" : "procedure/patient.monitoring.HeartRate.ActiveCollabsUpdateAssignPatient_MonitorReading"
  }, {
    "source" : "services/patient.monitoring.HeartRate",
    "target" : "procedure/patient.monitoring.HeartRate.ActiveCollabsGetAll_MonitorReading"
  }, {
    "source" : "services/patient.monitoring.HeartRate",
    "target" : "procedure/patient.monitoring.HeartRate.ActiveCollabsCloseAll_MonitorReading"
  }, {
    "source" : "services/patient.monitoring.HeartRate",
    "target" : "procedure/patient.monitoring.HeartRate.CollabIdsByEntityStoreId_MonitorReading"
  }, {
    "source" : "services/patient.monitoring.HeartRate",
    "target" : "procedure/patient.monitoring.HeartRate.ActiveCollabsGetById_MonitorReading"
  }, {
    "source" : "services/patient.monitoring.HeartRate",
    "target" : "procedure/patient.monitoring.HeartRate.ActiveCollabsUpdateNotifyFirstResponder_MonitorReading"
  }, {
    "source" : "services/patient.monitoring.HeartRate",
    "target" : "procedure/patient.monitoring.HeartRate.ActiveCollabsUpdateStatus_MonitorReading"
  }, {
    "source" : "services/patient.monitoring.HeartRate",
    "target" : "procedure/patient.monitoring.HeartRate.ActiveCollabsReset_MonitorReading"
  }, {
    "source" : "procedure/patient.monitoring.HeartRate.ActiveCollabsUpdateNotifyPatient_MonitorReading",
    "target" : "procedure/patient.monitoring.HeartRate.ActiveCollabsGetById_MonitorReading"
  }, {
    "source" : "procedure/patient.monitoring.HeartRate.ActiveCollabsUpdateNotifyPatient_MonitorReading",
    "target" : "services/patient.monitoring.HeartRate"
  }, {
    "source" : "procedure/patient.monitoring.HeartRate.ActiveCollabsCloseAll_MonitorReading",
    "target" : "services/patient.monitoring.HeartRate"
  }, {
    "source" : "procedure/patient.monitoring.HeartRate.ActiveCollabsCloseAll_MonitorReading",
    "target" : "procedure/patient.monitoring.HeartRate.ActiveCollabsWriteAll_MonitorReading"
  }, {
    "source" : "procedure/patient.monitoring.HeartRate.ActiveCollabsUpdateAssignPatient_MonitorReading",
    "target" : "procedure/patient.monitoring.HeartRate.CollabIdsByEntityStoreId_MonitorReading"
  }, {
    "source" : "procedure/patient.monitoring.HeartRate.ActiveCollabsUpdateAssignPatient_MonitorReading",
    "target" : "procedure/patient.monitoring.HeartRate.ActiveCollabsGetById_MonitorReading"
  }, {
    "source" : "procedure/patient.monitoring.HeartRate.ActiveCollabsUpdateAssignPatient_MonitorReading",
    "target" : "services/patient.monitoring.HeartRate"
  }, {
    "source" : "procedure/patient.monitoring.HeartRate.ActiveCollabsGetAll_MonitorReading",
    "target" : "services/patient.monitoring.HeartRate"
  }, {
    "source" : "procedure/patient.monitoring.HeartRate.ActiveCollabsUpdateNotifyFirstResponder_MonitorReading",
    "target" : "services/patient.monitoring.HeartRate"
  }, {
    "source" : "procedure/patient.monitoring.HeartRate.ActiveCollabsUpdateNotifyFirstResponder_MonitorReading",
    "target" : "procedure/patient.monitoring.HeartRate.ActiveCollabsGetById_MonitorReading"
  }, {
    "source" : "procedure/patient.monitoring.HeartRate.CollabIdsByEntityStoreId_MonitorReading",
    "target" : "services/patient.monitoring.HeartRate"
  }, {
    "source" : "procedure/patient.monitoring.HeartRate.ActiveCollabsReset_MonitorReading",
    "target" : "services/patient.monitoring.HeartRate"
  }, {
    "source" : "procedure/patient.monitoring.HeartRate.ActiveCollabsUpdateStatus_MonitorReading",
    "target" : "services/patient.monitoring.HeartRate"
  }, {
    "source" : "procedure/patient.monitoring.HeartRate.ActiveCollabsWriteAll_MonitorReading",
    "target" : "services/patient.monitoring.HeartRate"
  }, {
    "source" : "procedure/patient.monitoring.HeartRate.ActiveCollabsGetById_MonitorReading",
    "target" : "services/patient.monitoring.HeartRate"
  }, {
    "source" : "services/patient.monitoring.HeartRate",
    "target" : "type/patient.monitoring.HeartRate.MonitorReading"
  }, {
    "source" : "app/patient.monitoring.HeartRate.MonitorReading",
    "target" : "services/patient.monitoring.HeartRate"
  }, {
    "source" : "app/patient.monitoring.HeartRate.MonitorReading",
    "target" : "procedure/patient.monitoring.HeartRate.ActiveCollabsUpdateNotifyFirstResponder_MonitorReading"
  }, {
    "source" : "app/patient.monitoring.HeartRate.MonitorReading",
    "target" : "procedure/patient.monitoring.HeartRate.ActiveCollabsUpdateAssignPatient_MonitorReading"
  }, {
    "source" : "app/patient.monitoring.HeartRate.MonitorReading",
    "target" : "procedure/patient.monitoring.HeartRate.ActiveCollabsUpdateStatus_MonitorReading"
  }, {
    "source" : "app/patient.monitoring.HeartRate.MonitorReading",
    "target" : "procedure/patient.monitoring.HeartRate.ActiveCollabsGetById_MonitorReading"
  }, {
    "source" : "app/patient.monitoring.HeartRate.MonitorReading",
    "target" : "procedure/patient.monitoring.HeartRate.ActiveCollabsUpdateNotifyPatient_MonitorReading"
  }, {
    "source" : "services/patient.monitoring.HeartRate",
    "target" : "app/patient.monitoring.HeartRate.MonitorReading"
  }, {
    "source" : "app/patient.monitoring.HeartRate.MonitorReading",
    "target" : "type/patient.monitoring.HeartRate.MonitorReading"
  } ],
  "name" : "PatientMonitor",
  "options" : {
    "description" : "Introduction to Collaborations\n\nThis project contains the patient.monitoringHeartRate Service which defines the MonitorReading Event Handler. This event Handler detects when a patient has an unusual and dangerous heart rate. First, the patient is asked whether they are okay or require assistance. If the patient replies that they require assistance or does not reply within 90 seconds, a first responder is notified and dispatched.\n",
    "dockCollapsed" : {
      "bottom" : true,
      "left" : false,
      "right" : false,
      "top" : false,
      "viewtabs" : false
    },
    "dockDimensions" : {
      "bottom" : 200,
      "debug" : [ 0, 0, 0 ],
      "left" : 210,
      "right" : 220,
      "top" : 0,
      "viewtabs" : 0
    },
    "dockSort" : 1,
    "filterBitArray" : "ffffffffffffffffffffffffffffffff",
    "isModeloProject" : true,
    "layoutStyle" : "tile",
    "openFolders" : [ "client" ],
    "rootViewFlavor" : 5,
    "showGrid" : true,
    "tileColumns" : 2,
    "tileRows" : 1,
    "type" : "dev",
    "v" : 5,
    "viewUUID" : "MAINVIEW"
  },
  "resources" : [ {
    "label" : "/patient.monitoring.HeartRate/MonitorReading/handler/inbound",
    "name" : "/patient.monitoring.HeartRate/MonitorReading/handler/inbound",
    "resourceReference" : "/topics//patient.monitoring.HeartRate/MonitorReading/handler/inbound",
    "type" : 10
  }, {
    "label" : "/vantiq/systemmodel/FirstResponderResponse/submitTopic",
    "name" : "/vantiq/systemmodel/FirstResponderResponse/submitTopic",
    "resourceReference" : "/topics//vantiq/systemmodel/FirstResponderResponse/submitTopic",
    "type" : 10
  }, {
    "label" : "/vantiq/systemmodel/PatientResponse/submitTopic",
    "name" : "/vantiq/systemmodel/PatientResponse/submitTopic",
    "resourceReference" : "/topics//vantiq/systemmodel/PatientResponse/submitTopic",
    "type" : 10
  }, {
    "label" : "FirstResponderResponse",
    "name" : "FirstResponderResponse",
    "resourceReference" : "/system.clients/FirstResponderResponse",
    "timestamp" : "2023-01-26T16:17:07.108Z",
    "type" : 15
  }, {
    "label" : "PatientResponse",
    "name" : "PatientResponse",
    "resourceReference" : "/system.clients/PatientResponse",
    "timestamp" : "2023-01-26T16:17:07.108Z",
    "type" : 15
  }, {
    "label" : "patient.monitoring.HeartRate",
    "name" : "patient.monitoring.HeartRate",
    "resourceReference" : "/system.services/patient.monitoring.HeartRate",
    "timestamp" : "2023-01-26T16:17:18.071Z",
    "type" : 63
  }, {
    "label" : "patient.monitoring.HeartRate.ActiveCollabsCloseAll_MonitorReading",
    "name" : "patient.monitoring.HeartRate.ActiveCollabsCloseAll_MonitorReading",
    "packageName" : "patient.monitoring",
    "procedureName" : "ActiveCollabsCloseAll_MonitorReading",
    "resourceReference" : "/procedures/patient.monitoring.HeartRate.ActiveCollabsCloseAll_MonitorReading",
    "serviceName" : "HeartRate",
    "timestamp" : "2023-01-26T16:17:12.696Z",
    "type" : 3
  }, {
    "label" : "patient.monitoring.HeartRate.ActiveCollabsGetAll_MonitorReading",
    "name" : "patient.monitoring.HeartRate.ActiveCollabsGetAll_MonitorReading",
    "packageName" : "patient.monitoring",
    "procedureName" : "ActiveCollabsGetAll_MonitorReading",
    "resourceReference" : "/procedures/patient.monitoring.HeartRate.ActiveCollabsGetAll_MonitorReading",
    "serviceName" : "HeartRate",
    "timestamp" : "2023-01-26T16:17:10.506Z",
    "type" : 3
  }, {
    "label" : "patient.monitoring.HeartRate.ActiveCollabsGetById_MonitorReading",
    "name" : "patient.monitoring.HeartRate.ActiveCollabsGetById_MonitorReading",
    "packageName" : "patient.monitoring",
    "procedureName" : "ActiveCollabsGetById_MonitorReading",
    "resourceReference" : "/procedures/patient.monitoring.HeartRate.ActiveCollabsGetById_MonitorReading",
    "serviceName" : "HeartRate",
    "timestamp" : "2023-01-26T16:17:09.529Z",
    "type" : 3
  }, {
    "label" : "patient.monitoring.HeartRate.ActiveCollabsReset_MonitorReading",
    "name" : "patient.monitoring.HeartRate.ActiveCollabsReset_MonitorReading",
    "packageName" : "patient.monitoring",
    "procedureName" : "ActiveCollabsReset_MonitorReading",
    "resourceReference" : "/procedures/patient.monitoring.HeartRate.ActiveCollabsReset_MonitorReading",
    "serviceName" : "HeartRate",
    "timestamp" : "2023-01-26T16:17:11.061Z",
    "type" : 3
  }, {
    "label" : "patient.monitoring.HeartRate.ActiveCollabsUpdateAssignPatient_MonitorReading",
    "name" : "patient.monitoring.HeartRate.ActiveCollabsUpdateAssignPatient_MonitorReading",
    "packageName" : "patient.monitoring",
    "procedureName" : "ActiveCollabsUpdateAssignPatient_MonitorReading",
    "resourceReference" : "/procedures/patient.monitoring.HeartRate.ActiveCollabsUpdateAssignPatient_MonitorReading",
    "serviceName" : "HeartRate",
    "timestamp" : "2023-01-26T16:17:14.755Z",
    "type" : 3
  }, {
    "label" : "patient.monitoring.HeartRate.ActiveCollabsUpdateNotifyFirstResponder_MonitorReading",
    "name" : "patient.monitoring.HeartRate.ActiveCollabsUpdateNotifyFirstResponder_MonitorReading",
    "packageName" : "patient.monitoring",
    "procedureName" : "ActiveCollabsUpdateNotifyFirstResponder_MonitorReading",
    "resourceReference" : "/procedures/patient.monitoring.HeartRate.ActiveCollabsUpdateNotifyFirstResponder_MonitorReading",
    "serviceName" : "HeartRate",
    "timestamp" : "2023-01-26T16:17:13.888Z",
    "type" : 3
  }, {
    "label" : "patient.monitoring.HeartRate.ActiveCollabsUpdateNotifyPatient_MonitorReading",
    "name" : "patient.monitoring.HeartRate.ActiveCollabsUpdateNotifyPatient_MonitorReading",
    "packageName" : "patient.monitoring",
    "procedureName" : "ActiveCollabsUpdateNotifyPatient_MonitorReading",
    "resourceReference" : "/procedures/patient.monitoring.HeartRate.ActiveCollabsUpdateNotifyPatient_MonitorReading",
    "serviceName" : "HeartRate",
    "timestamp" : "2023-01-26T16:17:13.659Z",
    "type" : 3
  }, {
    "label" : "patient.monitoring.HeartRate.ActiveCollabsUpdateStatus_MonitorReading",
    "name" : "patient.monitoring.HeartRate.ActiveCollabsUpdateStatus_MonitorReading",
    "packageName" : "patient.monitoring",
    "procedureName" : "ActiveCollabsUpdateStatus_MonitorReading",
    "resourceReference" : "/procedures/patient.monitoring.HeartRate.ActiveCollabsUpdateStatus_MonitorReading",
    "serviceName" : "HeartRate",
    "timestamp" : "2023-01-26T16:17:11.738Z",
    "type" : 3
  }, {
    "label" : "patient.monitoring.HeartRate.ActiveCollabsWriteAll_MonitorReading",
    "name" : "patient.monitoring.HeartRate.ActiveCollabsWriteAll_MonitorReading",
    "packageName" : "patient.monitoring",
    "procedureName" : "ActiveCollabsWriteAll_MonitorReading",
    "resourceReference" : "/procedures/patient.monitoring.HeartRate.ActiveCollabsWriteAll_MonitorReading",
    "serviceName" : "HeartRate",
    "timestamp" : "2023-01-26T16:17:13.411Z",
    "type" : 3
  }, {
    "label" : "patient.monitoring.HeartRate.CollabIdsByEntityStoreId_MonitorReading",
    "name" : "patient.monitoring.HeartRate.CollabIdsByEntityStoreId_MonitorReading",
    "packageName" : "patient.monitoring",
    "procedureName" : "CollabIdsByEntityStoreId_MonitorReading",
    "resourceReference" : "/procedures/patient.monitoring.HeartRate.CollabIdsByEntityStoreId_MonitorReading",
    "serviceName" : "HeartRate",
    "timestamp" : "2023-01-26T16:17:17.434Z",
    "type" : 3
  }, {
    "name" : "patient.monitoring.HeartRate.MonitorReading",
    "resourceReference" : "/types/patient.monitoring.HeartRate.MonitorReading",
    "timestamp" : "2023-01-26T16:17:07.039Z",
    "type" : 1
  }, {
    "name" : "patient.monitoring.HeartRate.MonitorReading",
    "resourceReference" : "/collaborationtypes/patient.monitoring.HeartRate.MonitorReading",
    "timestamp" : "2023-01-26T16:17:07.684Z",
    "type" : 12
  }, {
    "label" : "patient.monitoring.HeartRate.PartitionedState",
    "name" : "patient.monitoring.HeartRate.PartitionedState",
    "resourceReference" : "/types/patient.monitoring.HeartRate.PartitionedState",
    "timestamp" : "2023-01-26T16:17:08.672Z",
    "type" : 1
  }, {
    "label" : "patient.monitoring.HeartRate.generateHeartRate",
    "name" : "patient.monitoring.HeartRate.generateHeartRate",
    "packageName" : "patient.monitoring",
    "procedureName" : "generateHeartRate",
    "resourceReference" : "/procedures/patient.monitoring.HeartRate.generateHeartRate",
    "serviceName" : "HeartRate",
    "timestamp" : "2023-01-26T16:17:07.412Z",
    "type" : 3
  }, {
    "label" : "patient.monitoring.HeartRate.js",
    "name" : "patient.monitoring.HeartRate.js",
    "resourceReference" : "/documents/patient.monitoring.HeartRate.js",
    "timestamp" : "2023-01-26T16:17:18.934Z",
    "type" : 19
  } ],
  "tools" : [ {
    "isPinned" : false,
    "name" : "Errors",
    "type" : 13
  }, {
    "dockLocation" : "top",
    "isPinned" : false,
    "name" : "Inactive Panes",
    "type" : 99
  }, {
    "isPinned" : false,
    "name" : "Project Contents",
    "type" : 2
  }, {
    "isPinned" : false,
    "name" : "Project Description",
    "pane" : {
      "c" : 0,
      "r" : 0
    },
    "state" : 2,
    "type" : 82
  }, {
    "isPinned" : false,
    "name" : "patient.monitoring.HeartRate",
    "pane" : {
      "c" : 1,
      "r" : 0
    },
    "resourceKey" : "services/patient.monitoring.HeartRate",
    "state" : 2,
    "type" : 109
  } ],
  "type" : "dev",
  "views" : [ {
    "name" : "Project Contents",
    "projectToolKeys" : [ "errorviewer/Errors", "tiledock/Inactive Panes", "list/Project Contents", "projectdescription/Project Description", "services/patient.monitoring.HeartRate" ]
  } ]
}