{
  "ars_relationships" : [ ],
  "links" : [ {
    "source" : "services/com.vantiq.engines.EngineMonitor",
    "target" : "type/com.vantiq.engines.EngineMonitor_SpeedEvent"
  }, {
    "source" : "services/com.vantiq.engines.EngineMonitor",
    "target" : "type/com.vantiq.engines.EngineMonitor_TempEvent"
  }, {
    "source" : "services/com.vantiq.engines.EngineMonitor",
    "target" : "type/com.vantiq.engines.EngineMonitor_EngineMalfunction"
  }, {
    "source" : "services/com.vantiq.engines.EngineMonitor",
    "target" : "procedure/com.vantiq.engines.EngineMonitor.generateAlertMessage"
  }, {
    "source" : "procedure/com.vantiq.engines.EngineMonitor.generateAlertMessage",
    "target" : "type/com.vantiq.engines.EngineMonitor_EngineMalfunction"
  }, {
    "source" : "procedure/com.vantiq.engines.EngineMonitor.generateAlertMessage",
    "target" : "services/com.vantiq.engines.EngineMonitor"
  }, {
    "source" : "app/com.vantiq.engines.EngineMonitor_SpeedEvent_EventHandler",
    "target" : "topic//com.vantiq.engines.EngineMonitor/EngineMalfunction/outbound"
  }, {
    "source" : "topic//com.vantiq.engines.EngineMonitor/SpeedEvent/handler/inbound",
    "target" : "app/com.vantiq.engines.EngineMonitor_SpeedEvent_EventHandler"
  }, {
    "source" : "app/com.vantiq.engines.EngineMonitor_SpeedEvent_EventHandler",
    "target" : "procedure/com.vantiq.engines.EngineMonitor.generateAlertMessage"
  }, {
    "source" : "app/com.vantiq.engines.EngineMonitor_SpeedEvent_EventHandler",
    "target" : "services/com.vantiq.engines.EngineMonitor"
  }, {
    "source" : "services/com.vantiq.engines.EngineMonitor",
    "target" : "topic//com.vantiq.engines.EngineMonitor/SpeedEvent/handler/inbound"
  }, {
    "source" : "topic//com.vantiq.engines.EngineMonitor/TempEvent/handler/inbound",
    "target" : "app/com.vantiq.engines.EngineMonitor_TempEvent_EventHandler"
  }, {
    "source" : "app/com.vantiq.engines.EngineMonitor_TempEvent_EventHandler",
    "target" : "topic//com.vantiq.engines.EngineMonitor/EngineMalfunction/outbound"
  }, {
    "source" : "app/com.vantiq.engines.EngineMonitor_TempEvent_EventHandler",
    "target" : "procedure/com.vantiq.engines.EngineMonitor.generateAlertMessage"
  }, {
    "source" : "app/com.vantiq.engines.EngineMonitor_TempEvent_EventHandler",
    "target" : "services/com.vantiq.engines.EngineMonitor"
  }, {
    "source" : "services/com.vantiq.engines.EngineMonitor",
    "target" : "topic//com.vantiq.engines.EngineMonitor/TempEvent/handler/inbound"
  }, {
    "source" : "app/com.vantiq.engines.EngineMonitor_SpeedEvent_EventHandler",
    "target" : "topic//outbound/engine/speed"
  }, {
    "source" : "app/com.vantiq.engines.EngineMonitor_TempEvent_EventHandler",
    "target" : "topic//outbound/engine/temp"
  }, {
    "source" : "client/EngineSimulation",
    "target" : "topic//my/response/topic"
  }, {
    "source" : "services/DetectMalfunction",
    "target" : "procedure/DetectMalfunction.generate"
  }, {
    "source" : "procedure/DetectMalfunction.generate",
    "target" : "services/DetectMalfunction"
  }, {
    "source" : "app/DetectMalfunction",
    "target" : "procedure/DetectMalfunction.generate"
  }, {
    "source" : "app/com.vantiq.engines.EngineMonitor_SpeedEvent_EventHandler",
    "target" : "procedure/com.vantiq.engines.EngineMonitor.DetectMalfunction_UpdateTempAndSpeedStateUpdate"
  }, {
    "source" : "services/com.vantiq.engines.EngineMonitor",
    "target" : "procedure/com.vantiq.engines.EngineMonitor.DetectMalfunction_UpdateTempAndSpeedStateGet"
  }, {
    "source" : "services/com.vantiq.engines.EngineMonitor",
    "target" : "procedure/com.vantiq.engines.EngineMonitor.DetectMalfunction_UpdateTempAndSpeedStateUpdate"
  }, {
    "source" : "services/com.vantiq.engines.EngineMonitor",
    "target" : "procedure/com.vantiq.engines.EngineMonitor.DetectMalfunction_UpdateTempAndSpeedStateReset"
  }, {
    "source" : "procedure/com.vantiq.engines.EngineMonitor.DetectMalfunction_UpdateTempAndSpeedStateUpdate",
    "target" : "services/com.vantiq.engines.EngineMonitor"
  }, {
    "source" : "procedure/com.vantiq.engines.EngineMonitor.DetectMalfunction_UpdateTempAndSpeedStateGet",
    "target" : "services/com.vantiq.engines.EngineMonitor"
  }, {
    "source" : "procedure/com.vantiq.engines.EngineMonitor.DetectMalfunction_UpdateTempAndSpeedStateReset",
    "target" : "services/com.vantiq.engines.EngineMonitor"
  }, {
    "source" : "app/com.vantiq.engines.EngineMonitor_TempEvent_EventHandler",
    "target" : "procedure/com.vantiq.engines.EngineMonitor.DetectMalfunction_UpdateTempAndSpeedStateUpdate"
  }, {
    "source" : "services/com.vantiq.engines.EngineMonitor",
    "target" : "procedure/com.vantiq.engines.EngineMonitor.writeEngineStatus"
  }, {
    "source" : "procedure/com.vantiq.engines.EngineMonitor.writeEngineStatus",
    "target" : "services/com.vantiq.engines.EngineMonitor"
  }, {
    "source" : "procedure/com.vantiq.engines.EngineMonitor.writeEngineStatus",
    "target" : "type/com.vantiq.engines.SystemStatus"
  }, {
    "source" : "services/com.vantiq.engines.EngineMonitor",
    "target" : "type/com.vantiq.engines.EngineMonitor_SpeedEvent_EventHandler.PartitionedAppState"
  }, {
    "source" : "services/com.vantiq.engines.EngineMonitor",
    "target" : "document/com.vantiq.engines.EngineMonitor.js"
  }, {
    "source" : "app/com.vantiq.engines.EngineMonitor_SpeedEvent_EventHandler",
    "target" : "app/DetectMalfunction"
  }, {
    "source" : "app/com.vantiq.engines.EngineMonitor_TempEvent_EventHandler",
    "target" : "app/DetectMalfunction"
  }, {
    "source" : "app/com.vantiq.engines.EngineMonitor_SpeedEvent_EventHandler",
    "target" : "procedure/com.vantiq.engines.EngineMonitor_SpeedEvent_EventHandler.DetectMalfunction_Transformation"
  }, {
    "source" : "app/com.vantiq.engines.EngineMonitor_TempEvent_EventHandler",
    "target" : "procedure/com.vantiq.engines.EngineMonitor_TempEvent_EventHandler.DetectMalfunction_Transformation"
  }, {
    "source" : "test/EngineMonitorTest",
    "target" : "services/com.vantiq.engines.EngineMonitor"
  } ],
  "name" : "EngineMonitorProject",
  "options" : {
    "description" : "The Engine Monitor tutorial walks through developing and testing a Vantiq Service to monitor the speed and temperature of an engine. This Tutorial walks through using Stateful Services to store the engine's most recent sensor event in memory and then write the values to the database at an infrequent interval. This approach to storing state optimizes for performance at scale. \n\n\nBelow is a brief description of the EngineMonitorService: The SpeedEvent and TempEvent Inbound Event Types are implemented with Visual Event Handlers to process the stream of sensor readings and detect malfunction conditions in the engine. Outbound EngineMalfunction Events are produced if a malfunction is detected. A Client is used\nto visualize the data and display any alerts as they occur.\nUse the Event Generator to simulate sensor events.",
    "dockCollapsed" : {
      "bottom" : true,
      "left" : false,
      "right" : false,
      "top" : false,
      "viewtabs" : false
    },
    "dockDimensions" : {
      "bottom" : 200,
      "debug" : [ 0, 0, 0 ],
      "left" : 210,
      "right" : 220,
      "top" : 0,
      "viewtabs" : 0
    },
    "dockSort" : 1,
    "exclusionList" : [ "document/com.vantiq.engines.EngineMonitor.js" ],
    "filterBitArray" : "ffffffffffffffffffffffffffffffff",
    "isModeloProject" : true,
    "layoutStyle" : "tile",
    "openFolders" : [ "client", "VIEWROOT/com.vantiq.engines", "VIEWROOT/com.vantiq.engines/services", "document", "VIEWROOT/com.vantiq.engines/type" ],
    "rootViewFlavor" : 5,
    "service" : "EngineMonitor",
    "showGrid" : true,
    "tileColumns" : 2,
    "tileRows" : 2,
    "type" : "dev",
    "v" : 4,
    "viewUUID" : "MAINVIEW"
  },
  "resources" : [ {
    "label" : "/com.vantiq.engines.EngineMonitor/EngineMalfunction/outbound",
    "name" : "/com.vantiq.engines.EngineMonitor/EngineMalfunction/outbound",
    "resourceReference" : "/topics//com.vantiq.engines.EngineMonitor/EngineMalfunction/outbound",
    "type" : 10
  }, {
    "label" : "/com.vantiq.engines.EngineMonitor/SpeedEvent/handler/inbound",
    "name" : "/com.vantiq.engines.EngineMonitor/SpeedEvent/handler/inbound",
    "resourceReference" : "/topics//com.vantiq.engines.EngineMonitor/SpeedEvent/handler/inbound",
    "type" : 10
  }, {
    "label" : "/com.vantiq.engines.EngineMonitor/TempEvent/handler/inbound",
    "name" : "/com.vantiq.engines.EngineMonitor/TempEvent/handler/inbound",
    "resourceReference" : "/topics//com.vantiq.engines.EngineMonitor/TempEvent/handler/inbound",
    "type" : 10
  }, {
    "label" : "/my/response/topic",
    "name" : "/my/response/topic",
    "resourceReference" : "/topics//my/response/topic",
    "type" : 10
  }, {
    "label" : "/outbound/engine/speed",
    "name" : "/outbound/engine/speed",
    "resourceReference" : "/topics//outbound/engine/speed",
    "type" : 10
  }, {
    "label" : "/outbound/engine/temp",
    "name" : "/outbound/engine/temp",
    "resourceReference" : "/topics//outbound/engine/temp",
    "type" : 10
  }, {
    "label" : "DetectMalfunction",
    "name" : "DetectMalfunction",
    "resourceReference" : "/collaborationtypes/DetectMalfunction",
    "timestamp" : "2021-11-20T00:23:26.629Z",
    "type" : 12
  }, {
    "label" : "DetectMalfunction",
    "name" : "DetectMalfunction",
    "resourceReference" : "/system.services/DetectMalfunction",
    "timestamp" : "2021-11-20T00:21:40.860Z",
    "type" : 63
  }, {
    "label" : "DetectMalfunction.generate",
    "name" : "DetectMalfunction.generate",
    "procedureName" : "generate",
    "resourceReference" : "/procedures/DetectMalfunction.generate",
    "serviceName" : "DetectMalfunction",
    "timestamp" : "2021-11-20T00:23:24.585Z",
    "type" : 3
  }, {
    "label" : "EngineMonitorTest",
    "name" : "EngineMonitorTest",
    "resourceReference" : "/system.tests/EngineMonitorTest",
    "timestamp" : "2021-11-20T00:00:35.463Z",
    "type" : 56
  }, {
    "label" : "EngineSimulation",
    "name" : "EngineSimulation",
    "resourceReference" : "/system.clients/EngineSimulation",
    "timestamp" : "2021-11-20T00:21:40.816Z",
    "type" : 15
  }, {
    "label" : "com.vantiq.engines.EngineMonitor",
    "name" : "com.vantiq.engines.EngineMonitor",
    "resourceReference" : "/system.services/com.vantiq.engines.EngineMonitor",
    "timestamp" : "2021-11-20T00:24:18.516Z",
    "type" : 63
  }, {
    "label" : "com.vantiq.engines.EngineMonitor.DetectMalfunction_UpdateTempAndSpeedStateGet",
    "name" : "com.vantiq.engines.EngineMonitor.DetectMalfunction_UpdateTempAndSpeedStateGet",
    "packageName" : "com.vantiq.engines",
    "procedureName" : "DetectMalfunction_UpdateTempAndSpeedStateGet",
    "resourceReference" : "/procedures/com.vantiq.engines.EngineMonitor.DetectMalfunction_UpdateTempAndSpeedStateGet",
    "serviceName" : "EngineMonitor",
    "timestamp" : "2021-11-20T00:21:54.213Z",
    "type" : 3
  }, {
    "label" : "com.vantiq.engines.EngineMonitor.DetectMalfunction_UpdateTempAndSpeedStateReset",
    "name" : "com.vantiq.engines.EngineMonitor.DetectMalfunction_UpdateTempAndSpeedStateReset",
    "packageName" : "com.vantiq.engines",
    "procedureName" : "DetectMalfunction_UpdateTempAndSpeedStateReset",
    "resourceReference" : "/procedures/com.vantiq.engines.EngineMonitor.DetectMalfunction_UpdateTempAndSpeedStateReset",
    "serviceName" : "EngineMonitor",
    "timestamp" : "2021-11-20T00:21:54.565Z",
    "type" : 3
  }, {
    "label" : "com.vantiq.engines.EngineMonitor.DetectMalfunction_UpdateTempAndSpeedStateUpdate",
    "name" : "com.vantiq.engines.EngineMonitor.DetectMalfunction_UpdateTempAndSpeedStateUpdate",
    "packageName" : "com.vantiq.engines",
    "procedureName" : "DetectMalfunction_UpdateTempAndSpeedStateUpdate",
    "resourceReference" : "/procedures/com.vantiq.engines.EngineMonitor.DetectMalfunction_UpdateTempAndSpeedStateUpdate",
    "serviceName" : "EngineMonitor",
    "timestamp" : "2021-11-20T00:21:54.437Z",
    "type" : 3
  }, {
    "label" : "com.vantiq.engines.EngineMonitor.generateAlertMessage",
    "name" : "com.vantiq.engines.EngineMonitor.generateAlertMessage",
    "packageName" : "com.vantiq.engines",
    "procedureName" : "generateAlertMessage",
    "resourceReference" : "/procedures/com.vantiq.engines.EngineMonitor.generateAlertMessage",
    "serviceName" : "EngineMonitor",
    "timestamp" : "2021-11-20T00:23:40.236Z",
    "type" : 3
  }, {
    "name" : "com.vantiq.engines.EngineMonitor.js",
    "resourceReference" : "/documents/com.vantiq.engines.EngineMonitor.js",
    "type" : 19
  }, {
    "label" : "com.vantiq.engines.EngineMonitor.writeEngineStatus",
    "name" : "com.vantiq.engines.EngineMonitor.writeEngineStatus",
    "packageName" : "com.vantiq.engines",
    "procedureName" : "writeEngineStatus",
    "resourceReference" : "/procedures/com.vantiq.engines.EngineMonitor.writeEngineStatus",
    "serviceName" : "EngineMonitor",
    "timestamp" : "2021-11-20T00:08:56.409Z",
    "type" : 3
  }, {
    "label" : "com.vantiq.engines.EngineMonitor_EngineMalfunction",
    "name" : "com.vantiq.engines.EngineMonitor_EngineMalfunction",
    "resourceReference" : "/types/com.vantiq.engines.EngineMonitor_EngineMalfunction",
    "timestamp" : "2021-11-20T00:00:28.491Z",
    "type" : 1
  }, {
    "label" : "com.vantiq.engines.EngineMonitor_SpeedEvent",
    "name" : "com.vantiq.engines.EngineMonitor_SpeedEvent",
    "resourceReference" : "/types/com.vantiq.engines.EngineMonitor_SpeedEvent",
    "timestamp" : "2021-11-20T00:00:28.491Z",
    "type" : 1
  }, {
    "label" : "com.vantiq.engines.EngineMonitor_SpeedEvent_EventHandler",
    "name" : "com.vantiq.engines.EngineMonitor_SpeedEvent_EventHandler",
    "resourceReference" : "/collaborationtypes/com.vantiq.engines.EngineMonitor_SpeedEvent_EventHandler",
    "type" : 12
  }, {
    "name" : "com.vantiq.engines.EngineMonitor_SpeedEvent_EventHandler.DetectMalfunction_Transformation",
    "packageName" : "com.vantiq.engines.EngineMonitor_SpeedEvent_EventHandler",
    "procedureName" : "DetectMalfunction_Transformation",
    "resourceReference" : "/procedures/com.vantiq.engines.EngineMonitor_SpeedEvent_EventHandler.DetectMalfunction_Transformation",
    "timestamp" : "2021-11-20T00:24:13.252Z",
    "type" : 3
  }, {
    "label" : "com.vantiq.engines.EngineMonitor_SpeedEvent_EventHandler.PartitionedAppState",
    "name" : "com.vantiq.engines.EngineMonitor_SpeedEvent_EventHandler.PartitionedAppState",
    "resourceReference" : "/types/com.vantiq.engines.EngineMonitor_SpeedEvent_EventHandler.PartitionedAppState",
    "timestamp" : "2021-11-20T00:21:44.300Z",
    "type" : 1
  }, {
    "label" : "com.vantiq.engines.EngineMonitor_TempEvent",
    "name" : "com.vantiq.engines.EngineMonitor_TempEvent",
    "resourceReference" : "/types/com.vantiq.engines.EngineMonitor_TempEvent",
    "timestamp" : "2021-11-20T00:00:28.491Z",
    "type" : 1
  }, {
    "label" : "com.vantiq.engines.EngineMonitor_TempEvent_EventHandler",
    "name" : "com.vantiq.engines.EngineMonitor_TempEvent_EventHandler",
    "resourceReference" : "/collaborationtypes/com.vantiq.engines.EngineMonitor_TempEvent_EventHandler",
    "timestamp" : "2021-11-20T00:24:15.508Z",
    "type" : 12
  }, {
    "name" : "com.vantiq.engines.EngineMonitor_TempEvent_EventHandler.DetectMalfunction_Transformation",
    "packageName" : "com.vantiq.engines.EngineMonitor_TempEvent_EventHandler",
    "procedureName" : "DetectMalfunction_Transformation",
    "resourceReference" : "/procedures/com.vantiq.engines.EngineMonitor_TempEvent_EventHandler.DetectMalfunction_Transformation",
    "timestamp" : "2021-11-20T00:24:16.011Z",
    "type" : 3
  }, {
    "label" : "com.vantiq.engines.EngineSimulation",
    "name" : "com.vantiq.engines.EngineSimulation",
    "resourceReference" : "/system.eventgenerators/com.vantiq.engines.EngineSimulation",
    "timestamp" : "2021-11-20T00:00:35.009Z",
    "type" : 65
  }, {
    "label" : "com.vantiq.engines.SystemStatus",
    "name" : "com.vantiq.engines.SystemStatus",
    "resourceReference" : "/types/com.vantiq.engines.SystemStatus",
    "timestamp" : "2021-11-20T00:21:40.698Z",
    "type" : 1
  } ],
  "tools" : [ {
    "isPinned" : false,
    "name" : "DetectMalfunction",
    "pane" : {
      "c" : 1,
      "r" : 1
    },
    "resourceKey" : "app/DetectMalfunction",
    "state" : 2,
    "toolOptions" : { },
    "type" : 15
  }, {
    "isPinned" : false,
    "name" : "EngineSimulation",
    "pane" : {
      "c" : -1,
      "r" : -1
    },
    "resourceKey" : "client/EngineSimulation",
    "state" : 4,
    "toolOptions" : {
      "isRunning" : false
    },
    "type" : 63
  }, {
    "isPinned" : false,
    "name" : "Errors",
    "type" : 13
  }, {
    "dockLocation" : "top",
    "isPinned" : false,
    "name" : "Inactive Panes",
    "type" : 99
  }, {
    "isPinned" : false,
    "name" : "Project Contents",
    "type" : 2
  }, {
    "isPinned" : false,
    "name" : "Project Description",
    "pane" : {
      "c" : 0,
      "r" : 0
    },
    "state" : 2,
    "type" : 82
  }, {
    "isPinned" : false,
    "name" : "com.vantiq.engines.EngineMonitor",
    "pane" : {
      "c" : 1,
      "r" : 0
    },
    "resourceKey" : "services/com.vantiq.engines.EngineMonitor",
    "state" : 2,
    "type" : 109
  }, {
    "isPinned" : false,
    "name" : "com.vantiq.engines.SystemStatus",
    "pane" : {
      "c" : 0,
      "r" : 1
    },
    "resourceKey" : "type/com.vantiq.engines.SystemStatus",
    "state" : 2,
    "type" : 6
  } ],
  "type" : "dev",
  "views" : [ {
    "name" : "Project Contents",
    "projectToolKeys" : [ "app/DetectMalfunction", "client/EngineSimulation", "errorviewer/Errors", "tiledock/Inactive Panes", "list/Project Contents", "projectdescription/Project Description", "services/com.vantiq.engines.EngineMonitor", "subtypeeditor/com.vantiq.engines.SystemStatus" ]
  } ]
}