{
  "active" : true,
  "ars_properties" : {
    "filterGenerated" : false
  },
  "ars_relationships" : [ ],
  "collaborationStateConfig" : {
    "collaboratorRoles" : [ "firstResponder" ],
    "entityRoles" : [ {
      "name" : "patient",
      "type" : "patient.monitoring.HeartRate.MonitorReading"
    } ],
    "writeFrequency" : "5 minutes"
  },
  "description" : null,
  "eventTypes" : {
    "MonitorReading" : {
      "direction" : "INBOUND",
      "eventSchema" : "patient.monitoring.HeartRate.MonitorReading",
      "implementingResource" : "/collaborationtypes/patient.monitoring.HeartRate.MonitorReading/EventStream",
      "isReliable" : false
    }
  },
  "globalType" : null,
  "interface" : [ {
    "name" : "generateHeartRate",
    "parameters" : [ {
      "description" : null,
      "multi" : false,
      "name" : "heartRate",
      "required" : false,
      "type" : "Integer"
    } ]
  } ],
  "internalEventHandlers" : [ ],
  "name" : "patient.monitoring.HeartRate",
  "partitionedType" : "patient.monitoring.HeartRate.PartitionedState",
  "replicationFactor" : 1,
  "scheduledProcedures" : {
    "ActiveCollabsWriteAll" : {
      "interval" : 300000
    }
  }
}