{
  "active" : true,
  "ars_properties" : {
    "filterPrivateGenerated" : false,
    "filterPublicGenerated" : false
  },
  "ars_relationships" : [ ],
  "description" : null,
  "eventTypes" : { },
  "globalType" : null,
  "interface" : [ {
    "name" : "endConversation",
    "parameters" : [ {
      "description" : null,
      "multi" : false,
      "name" : "conversationId",
      "required" : true,
      "type" : "String"
    } ],
    "returnType" : {
      "multi" : true,
      "type" : "Object"
    }
  }, {
    "name" : "getConversation",
    "parameters" : [ {
      "description" : null,
      "multi" : false,
      "name" : "conversationId",
      "required" : true,
      "type" : "String"
    } ],
    "returnType" : {
      "multi" : true,
      "type" : "Object"
    }
  }, {
    "name" : "loadIndexContent",
    "parameters" : [ ]
  }, {
    "name" : "logLLMStream",
    "parameters" : [ {
      "description" : null,
      "multi" : false,
      "name" : "prompt",
      "required" : false,
      "type" : "String"
    } ]
  }, {
    "name" : "resetConversation",
    "parameters" : [ {
      "description" : null,
      "multi" : false,
      "name" : "conversationId",
      "required" : true,
      "type" : "String"
    } ],
    "returnType" : {
      "multi" : true,
      "type" : "Object"
    }
  }, {
    "name" : "startConversation",
    "parameters" : [ {
      "description" : null,
      "multi" : false,
      "name" : "conversationId",
      "required" : false,
      "type" : "String"
    } ],
    "returnType" : {
      "multi" : false,
      "type" : "String"
    }
  } ],
  "internalEventHandlers" : [ ],
  "name" : "com.vantiq.genai.TutorialService",
  "partitionedType" : null,
  "replicationFactor" : 1,
  "scheduledProcedures" : { }
}