{
  "links" : [ {
    "source" : "type/Invoice",
    "target" : "client/Invoice"
  } ],
  "name" : "Invoice",
  "options" : {
    "description" : "The Invoice Tutorial demonstrates how to create a simple client for submitting and tracking invoices.\n\nIf you're seeing this, the project has been successfully imported and the client should be running below. Try submitting an invoice by filling out the Amount, Description, First and Last Name fields and clicking Submit.\n\nThis should trigger a popup indicating the invoice was submitted successfully. Wait a few seconds and you should see the invoice show up in the table to the right of the form, and the gauge should be updated to show the amount submitted in the invoice. \n\nTo see how the client was implemented, pause the client using the rounded square button on the Invoice Client title bar.",
    "filterBitArray" : "ffffffffffffffffffffffffffffffff",
    "isModeloProject" : true,
    "showGrid" : true,
    "v" : 2
  },
  "resources" : [ {
    "label" : "Invoice",
    "name" : "Invoice",
    "node" : {
      "x" : 340.3667142185439,
      "y" : 72.61394722969649
    },
    "timestamp" : "2018-07-17T23:00:38.665Z",
    "type" : 1
  }, {
    "inventory" : {
      "appmodelHash" : [ ],
      "appmodels" : [ ],
      "clientHash" : [ ],
      "clients" : [ ],
      "collaborationHash" : [ ],
      "collaborations" : [ ],
      "pagesetHash" : [ ],
      "pagesets" : [ ],
      "procedureHash" : [ ],
      "procedures" : [ ],
      "sourceHash" : [ ],
      "sources" : [ ],
      "systemmodelHash" : [ ],
      "systemmodels" : [ ],
      "topicHash" : [ "out" ],
      "topics" : [ "/my/response/topic" ],
      "typeHash" : [ "in" ],
      "types" : [ "Invoice" ]
    },
    "label" : "Invoice",
    "name" : "Invoice",
    "node" : {
      "x" : 341.57003611016313,
      "y" : 242.5550561382223
    },
    "timestamp" : "2018-07-17T23:00:39.025Z",
    "type" : 15
  } ],
  "tools" : [ {
    "name" : "Project Resource Graph",
    "pane" : {
      "h" : 400,
      "w" : 590,
      "x" : 690,
      "y" : 20
    },
    "toolOptions" : {
      "scaleAndTranslationState" : {
        "lastZoomRequest" : 0,
        "scale" : 0.9889702469452182,
        "translate" : [ 0.22071739212390895, 2.884387463475207 ]
      }
    },
    "type" : 1
  }, {
    "name" : "Invoice",
    "pane" : {
      "h" : 700,
      "w" : 1260,
      "x" : 20,
      "y" : 440
    },
    "resourceKey" : "client/Invoice",
    "toolOptions" : {
      "isRunning" : true
    },
    "type" : 63
  }, {
    "name" : "Project Description",
    "pane" : {
      "h" : 400,
      "w" : 650,
      "x" : 20,
      "y" : 20
    },
    "type" : 82
  } ],
  "type" : "dev",
  "views" : [ {
    "name" : "Main",
    "projectToolKeys" : [ "graph/Project Resource Graph", "client/Invoice", "projectdescription/Project Description" ]
  } ]
}