{
  "ars_relationships" : [ ],
  "controllers" : { },
  "isComponent" : false,
  "isLaunchable" : false,
  "models" : {
    "dataStreams" : [ {
      "advancedWhereClause" : null,
      "dataObjectName" : null,
      "dataTypeList" : [ ],
      "isDeleteOp" : false,
      "isInsertOp" : false,
      "isUpdateOp" : false,
      "maxRecords" : 0,
      "name" : "SendToControlSystem0",
      "pauseAtStartup" : false,
      "service" : "com.vantiq.pothole.Pothole",
      "serviceEventName" : "SendToControlSystem0",
      "sortByProperty" : null,
      "sortDescending" : false,
      "type" : 8,
      "updateInterval" : 60,
      "uuid" : "1be4a040-a3f0-11ed-9869-98fa9bd0b455",
      "v" : 1
    } ]
  },
  "name" : "com.vantiq.pothole.Pothole",
  "options" : { },
  "targetDevice" : "browser",
  "views" : {
    "Start" : { }
  }
}