{
  "ars_relationships" : [ ],
  "events" : [ {
    "duration" : null,
    "interval" : 1000,
    "iterations" : 20,
    "op" : "INSERT",
    "resource" : "/types/Resident",
    "ruleList" : [ {
      "name" : "floor",
      "rule" : {
        "randomSet" : [ "one", "two" ]
      }
    }, {
      "name" : "location",
      "rule" : {
        "randomRange" : [ {
          "coordinates" : [ 5, 5 ],
          "type" : "Point"
        }, {
          "coordinates" : [ 25, 20 ],
          "type" : "Point"
        } ]
      }
    }, {
      "name" : "name",
      "rule" : {
        "step" : [ "alice", "bob", "carol" ]
      }
    } ]
  } ],
  "name" : "ResidentGenerator"
}