{
  "ars_public" : false,
  "controllers" : {
    "client" : { },
    "dataStream" : {
      "SystemHUD" : { },
      "SystemStatus" : { }
    },
    "page" : { }
  },
  "isLaunchable" : false,
  "models" : {
    "dataObjects" : {
      "__GLOBAL__" : {
        "properties" : { }
      },
      "__PARAMETERS__" : {
        "properties" : { }
      }
    },
    "dataStreams" : [ {
      "advancedWhereClause" : null,
      "dataObjectName" : null,
      "dataTypeList" : [ {
        "label" : null,
        "type" : "com.vantiq.engines.SystemStatus"
      } ],
      "isDeleteOp" : false,
      "isInsertOp" : false,
      "isUpdateOp" : true,
      "maxRecords" : 0,
      "name" : "SystemStatus",
      "pauseAtStartup" : false,
      "property" : null,
      "sortByProperty" : null,
      "sortDescending" : false,
      "type" : 1,
      "updateInterval" : 60,
      "uuid" : "5de62336-afe6-4345-b674-06c14a9e3874",
      "v" : 1
    }, {
      "advancedWhereClause" : null,
      "dataObjectName" : null,
      "dataTypeList" : [ {
        "label" : null,
        "type" : "com.vantiq.engines.SystemHUD"
      } ],
      "isDeleteOp" : false,
      "isInsertOp" : false,
      "isUpdateOp" : true,
      "maxRecords" : 0,
      "name" : "SystemHUD",
      "pauseAtStartup" : false,
      "property" : null,
      "sortByProperty" : null,
      "sortDescending" : false,
      "type" : 1,
      "updateInterval" : 60,
      "uuid" : "f59d8e3c-8eb0-4800-89a8-e1a720e2a5e9",
      "v" : 1
    } ]
  },
  "name" : "EngineSimulation",
  "options" : {
    "RELOCATE" : [ {
      "path" : "controllers",
      "type" : "js"
    }, {
      "path" : "views",
      "type" : "json"
    } ],
    "activeTab" : "add",
    "badgeCount" : 0,
    "description" : "",
    "docAssets" : [ ],
    "productV" : "7.6",
    "showCategoryButtons" : false,
    "showCategoryDataDisplay" : true,
    "showCategoryDataInput" : false,
    "showCategoryLayout" : false,
    "showGridWhileEditing" : false,
    "theme" : {
      "backgroundColor" : "#ffffff",
      "borderColor" : "#8b572a",
      "cardAccentColor" : "#8b572a",
      "cardColor" : "#fee3b7",
      "dataDisplayColor" : "#ffffff",
      "dataDisplayColors" : [ "#3cbce1", "#996db8", "#86d557", "#ff9800", "#425b71", "#cc467c", "#01aa93", "#ffca28", "#f583a9", "#1c84d4", "#ff6767", "#4caf50" ],
      "dataInputColor" : "#ffffff",
      "foregroundColor" : "#8b572a",
      "label" : "Classic",
      "name" : "classic",
      "titleBarColor" : "#fee3b7",
      "titleForegroundColor" : "#1f1d17",
      "v" : 3
    },
    "v" : 5
  },
  "targetDevice" : "all",
  "userList" : [ ],
  "views" : {
    "Start" : "RELOCATED to views/Start.json"
  }
}