{
  "links" : [ {
    "source" : "procedure/UpdatePatient",
    "target" : "type/Patient"
  }, {
    "source" : "type/Patient",
    "target" : "collaborationtype/RateCollaboration"
  }, {
    "source" : "client/FirstResponderResponse",
    "target" : "topic//my/response/topic"
  }, {
    "source" : "client/PatientResponse",
    "target" : "topic//my/response/topic"
  }, {
    "source" : "procedure/CollaborationUtils.triggerEscalation",
    "target" : "type/ArsEscalationDeadline"
  }, {
    "source" : "collaborationtype/RateCollaboration",
    "target" : "procedure/CollaborationUtils.triggerEscalation"
  } ],
  "name" : "Patient",
  "options" : {
    "description" : "",
    "filterBitArray" : "000000ffffffffffffffffff00ffffff",
    "isModeloProject" : true,
    "showGrid" : true,
    "v" : 2
  },
  "resources" : [ {
    "label" : "/my/response/topic",
    "name" : "/my/response/topic",
    "node" : {
      "x" : 499.6924038610856,
      "y" : 218.9740310133328
    },
    "type" : 10
  }, {
    "label" : "ArsEscalationDeadline",
    "name" : "ArsEscalationDeadline",
    "node" : {
      "x" : 166.33356900496096,
      "y" : 312.2133825698792
    },
    "timestamp" : "2017-06-29T18:04:12.927Z",
    "type" : 1
  }, {
    "inventory" : {
      "appmodelHash" : [ ],
      "appmodels" : [ ],
      "collaborationHash" : [ ],
      "collaborations" : [ ],
      "pagesetHash" : [ ],
      "pagesets" : [ ],
      "procedureHash" : [ ],
      "procedures" : [ ],
      "sourceHash" : [ ],
      "sources" : [ ],
      "topicHash" : [ ],
      "topics" : [ ],
      "typeHash" : [ "both" ],
      "types" : [ "ArsEscalationDeadline" ]
    },
    "label" : "CollaborationUtils.triggerEscalation",
    "name" : "CollaborationUtils.triggerEscalation",
    "node" : {
      "x" : 167.93898797346952,
      "y" : 241.71026250138777
    },
    "timestamp" : "2018-01-10T00:17:38.248Z",
    "type" : 3
  }, {
    "inventory" : {
      "appmodelHash" : [ ],
      "appmodels" : [ ],
      "collaborationHash" : [ ],
      "collaborations" : [ ],
      "pagesetHash" : [ ],
      "pagesets" : [ ],
      "procedureHash" : [ ],
      "procedures" : [ ],
      "sourceHash" : [ ],
      "sources" : [ ],
      "topicHash" : [ "out" ],
      "topics" : [ "/my/response/topic" ],
      "typeHash" : [ ],
      "types" : [ ]
    },
    "label" : "FirstResponderResponse",
    "name" : "FirstResponderResponse",
    "node" : {
      "x" : 450.6273129198447,
      "y" : 100.88537092727998
    },
    "timestamp" : "2018-09-19T23:57:52.240Z",
    "type" : 15
  }, {
    "label" : "Patient",
    "name" : "Patient",
    "node" : {
      "x" : 167.1935105625812,
      "y" : 84.79219732358163
    },
    "timestamp" : "2018-09-19T23:57:51.808Z",
    "type" : 1
  }, {
    "inventory" : {
      "appmodelHash" : [ ],
      "appmodels" : [ ],
      "collaborationHash" : [ ],
      "collaborations" : [ ],
      "pagesetHash" : [ ],
      "pagesets" : [ ],
      "procedureHash" : [ ],
      "procedures" : [ ],
      "sourceHash" : [ ],
      "sources" : [ ],
      "topicHash" : [ "out" ],
      "topics" : [ "/my/response/topic" ],
      "typeHash" : [ ],
      "types" : [ ]
    },
    "label" : "PatientResponse",
    "name" : "PatientResponse",
    "node" : {
      "x" : 594.3229780251593,
      "y" : 139.9555290708101
    },
    "timestamp" : "2018-09-19T23:57:52.241Z",
    "type" : 15
  }, {
    "inventory" : {
      "appmodelHash" : [ ],
      "appmodels" : [ ],
      "collaborationHash" : [ ],
      "collaborations" : [ ],
      "pagesetHash" : [ ],
      "pagesets" : [ ],
      "procedureHash" : [ "out", "out" ],
      "procedures" : [ "CollaborationUtils.closeCollaboration", "CollaborationUtils.triggerEscalation" ],
      "sourceHash" : [ ],
      "sources" : [ ],
      "topicHash" : [ ],
      "topics" : [ ],
      "typeHash" : [ "in" ],
      "types" : [ "Patient" ]
    },
    "label" : "RateCollaboration",
    "name" : "RateCollaboration",
    "node" : {
      "x" : 166.18377520625603,
      "y" : 160.34998381256423
    },
    "timestamp" : "2018-09-19T23:57:52.242Z",
    "type" : 11
  }, {
    "inventory" : {
      "appmodelHash" : [ ],
      "appmodels" : [ ],
      "collaborationHash" : [ ],
      "collaborations" : [ ],
      "pagesetHash" : [ ],
      "pagesets" : [ ],
      "procedureHash" : [ "out" ],
      "procedures" : [ "Context.username" ],
      "sourceHash" : [ ],
      "sources" : [ ],
      "topicHash" : [ ],
      "topics" : [ ],
      "typeHash" : [ "out" ],
      "types" : [ "Patient" ]
    },
    "label" : "UpdatePatient",
    "name" : "UpdatePatient",
    "node" : {
      "x" : 167.4004173748769,
      "y" : -9.838822004209476
    },
    "timestamp" : "2018-09-19T23:57:51.812Z",
    "type" : 3
  }, {
    "label" : "VantiqPushNotification",
    "name" : "VantiqPushNotification",
    "node" : {
      "x" : 525.5439429987788,
      "y" : 40.093821954100726
    },
    "timestamp" : "2018-09-19T23:55:48.853Z",
    "type" : 4
  } ],
  "tools" : [ {
    "isPinned" : false,
    "name" : "Project Resource Graph",
    "pane" : {
      "h" : 310,
      "w" : 600,
      "x" : 20,
      "y" : 20
    },
    "toolOptions" : {
      "scaleAndTranslationState" : {
        "lastZoomRequest" : 0,
        "scale" : 0.6346354430099026,
        "translate" : [ 152.45675658672945, 39.7403021840256 ]
      }
    },
    "type" : 1
  }, {
    "isPinned" : false,
    "name" : "UpdatePatient",
    "pane" : {
      "h" : 310,
      "w" : 600,
      "x" : 640,
      "y" : 20
    },
    "resourceKey" : "procedure/UpdatePatient",
    "type" : 24
  }, {
    "isPinned" : false,
    "name" : "RateCollaboration",
    "pane" : {
      "h" : 370,
      "w" : 1110,
      "x" : 20,
      "y" : 340
    },
    "resourceKey" : "collaborationtype/RateCollaboration",
    "toolOptions" : {
      "propertyPaneWidth" : 250,
      "scaleAndTranslationState" : {
        "lastZoomRequest" : 0,
        "scale" : 0.5656572314229498,
        "translate" : [ 449.5662317923288, 58.84490059450498 ]
      }
    },
    "type" : 14
  }, {
    "isPinned" : false,
    "name" : "FirstResponderResponse",
    "pane" : {
      "h" : 700,
      "w" : 1350,
      "x" : 20,
      "y" : 720
    },
    "resourceKey" : "client/FirstResponderResponse",
    "type" : 63
  }, {
    "isPinned" : false,
    "name" : "Patient",
    "pane" : {
      "h" : 400,
      "w" : 600,
      "x" : 1390,
      "y" : 720
    },
    "resourceKey" : "type/Patient",
    "type" : 6
  }, {
    "isPinned" : false,
    "name" : "PatientResponse",
    "pane" : {
      "h" : 700,
      "w" : 1130,
      "x" : 20,
      "y" : 1440
    },
    "resourceKey" : "client/PatientResponse",
    "type" : 63
  }, {
    "isPinned" : false,
    "name" : "VantiqPushNotification",
    "pane" : {
      "h" : 400,
      "w" : 600,
      "x" : 20,
      "y" : 2160
    },
    "resourceKey" : "source/VantiqPushNotification",
    "type" : 5
  } ],
  "type" : "dev",
  "views" : [ {
    "name" : "Main",
    "projectToolKeys" : [ "graph/Project Resource Graph", "cmeditorprocedure/UpdatePatient", "collaborationgraph/RateCollaboration", "client/FirstResponderResponse", "subtypeeditor/Patient", "client/PatientResponse", "subsourceeditor/VantiqPushNotification", "errorqueryresults/Unseen Errors @ 2:07:24 PM" ]
  } ]
}