{
  "ars_relationships" : [ ],
  "contents" : {
    "connectors" : [ {
      "key" : "8d69c4a2-7d78-11ed-b416-ce99d91ceb09&EXTERNALIN1",
      "name" : "NEW-EXT-IN",
      "parent" : "8d69c4a2-7d78-11ed-b416-ce99d91ceb09",
      "type" : 13
    }, {
      "key" : "8d69c4a2-7d78-11ed-b416-ce99d91ceb09&EXTERNALOUT1",
      "name" : "NEW-EXT-OUT",
      "parent" : "8d69c4a2-7d78-11ed-b416-ce99d91ceb09",
      "type" : 8
    }, {
      "key" : "8d6caad1-7d78-11ed-b416-ce99d91ceb09&EXTERNALIN1",
      "name" : "NEW-EXT-IN",
      "parent" : "8d6caad1-7d78-11ed-b416-ce99d91ceb09",
      "type" : 13
    }, {
      "key" : "8d6caad1-7d78-11ed-b416-ce99d91ceb09&EXTERNALOUT1",
      "name" : "NEW-EXT-OUT",
      "parent" : "8d6caad1-7d78-11ed-b416-ce99d91ceb09",
      "type" : 8
    }, {
      "key" : "8d6caad0-7d78-11ed-b416-ce99d91ceb09&EXTOUTBOUND1",
      "name" : "EXTOUTBOUND",
      "parent" : "8d6caad0-7d78-11ed-b416-ce99d91ceb09",
      "type" : 15
    }, {
      "key" : "8d6caad0-7d78-11ed-b416-ce99d91ceb09&EXTINBOUND1",
      "name" : "EXTINBOUND",
      "parent" : "8d6caad0-7d78-11ed-b416-ce99d91ceb09",
      "type" : 14
    }, {
      "key" : "8d6caad1-7d78-11ed-b416-ce99d91ceb09&EXTERNALIN2",
      "name" : "ExternalSensorEvents",
      "parent" : "8d6caad1-7d78-11ed-b416-ce99d91ceb09",
      "type" : 12
    }, {
      "key" : "8d6dbc41-7d78-11ed-b416-ce99d91ceb09&EXTERNAL1",
      "name" : "DataWarehouse",
      "parent" : "8d69c4a2-7d78-11ed-b416-ce99d91ceb09",
      "type" : 7
    }, {
      "key" : "8d6dbc43-7d78-11ed-b416-ce99d91ceb09&EXTERNAL2",
      "name" : "OutsideWorld",
      "parent" : "8d69c4a2-7d78-11ed-b416-ce99d91ceb09",
      "type" : 7
    }, {
      "key" : "8d69c4a2-7d78-11ed-b416-ce99d91ceb09&INPUT1",
      "name" : "NEW-IN",
      "parent" : "8d69c4a2-7d78-11ed-b416-ce99d91ceb09",
      "type" : 3
    }, {
      "key" : "8d69c4a2-7d78-11ed-b416-ce99d91ceb09&OUTPUT1",
      "name" : "NEW-OUT",
      "parent" : "8d69c4a2-7d78-11ed-b416-ce99d91ceb09",
      "type" : 4
    }, {
      "key" : "8d69c4a3-7d78-11ed-b416-ce99d91ceb09&DATASTREAM1",
      "name" : "NEW-DS",
      "parent" : "8d69c4a3-7d78-11ed-b416-ce99d91ceb09",
      "type" : 11
    }, {
      "key" : "8d6caad1-7d78-11ed-b416-ce99d91ceb09&INPUT1",
      "name" : "NEW-IN",
      "parent" : "8d6caad1-7d78-11ed-b416-ce99d91ceb09",
      "type" : 3
    }, {
      "key" : "8d6caad1-7d78-11ed-b416-ce99d91ceb09&OUTPUT1",
      "name" : "NEW-OUT",
      "parent" : "8d6caad1-7d78-11ed-b416-ce99d91ceb09",
      "type" : 4
    }, {
      "key" : "51&8d6caad1-7d78-11ed-b416-ce99d91ceb09&OUTPUT1",
      "name" : "SpeedEvent",
      "parent" : "8d6caad1-7d78-11ed-b416-ce99d91ceb09",
      "type" : 2
    }, {
      "key" : "51&8d6caad1-7d78-11ed-b416-ce99d91ceb09&OUTPUT2",
      "name" : "TemperatureEvent",
      "parent" : "8d6caad1-7d78-11ed-b416-ce99d91ceb09",
      "type" : 2
    }, {
      "key" : "51&8d69c4a2-7d78-11ed-b416-ce99d91ceb09&INPUT1",
      "name" : "SpeedEvent",
      "parent" : "8d69c4a2-7d78-11ed-b416-ce99d91ceb09",
      "type" : 1
    }, {
      "key" : "51&8d69c4a2-7d78-11ed-b416-ce99d91ceb09&INPUT2",
      "name" : "TemperatureEvent",
      "parent" : "8d69c4a2-7d78-11ed-b416-ce99d91ceb09",
      "type" : 1
    }, {
      "key" : "51&8d69c4a2-7d78-11ed-b416-ce99d91ceb09&OUTPUT1",
      "name" : "EngineStatus",
      "parent" : "8d69c4a2-7d78-11ed-b416-ce99d91ceb09",
      "type" : 2
    }, {
      "key" : "51&8d69c4a2-7d78-11ed-b416-ce99d91ceb09&OUTPUT2",
      "name" : "EngineSpeed",
      "parent" : "8d69c4a2-7d78-11ed-b416-ce99d91ceb09",
      "type" : 2
    }, {
      "key" : "52&8d69c4a3-7d78-11ed-b416-ce99d91ceb09&DATASTREAM1",
      "name" : "EngineStatus",
      "parent" : "8d69c4a3-7d78-11ed-b416-ce99d91ceb09",
      "type" : 10
    }, {
      "key" : "52&8d69c4a3-7d78-11ed-b416-ce99d91ceb09&DATASTREAM2",
      "name" : "EngineSpeed",
      "parent" : "8d69c4a3-7d78-11ed-b416-ce99d91ceb09",
      "type" : 10
    }, {
      "key" : "51&8d69c4a2-7d78-11ed-b416-ce99d91ceb09&CALLIN1",
      "name" : "speedGet",
      "parent" : "8d69c4a2-7d78-11ed-b416-ce99d91ceb09",
      "type" : 5
    }, {
      "key" : "51&8d69c4a2-7d78-11ed-b416-ce99d91ceb09&CALLIN2",
      "name" : "speedUpdate",
      "parent" : "8d69c4a2-7d78-11ed-b416-ce99d91ceb09",
      "type" : 5
    }, {
      "key" : "51&8d69c4a2-7d78-11ed-b416-ce99d91ceb09&CALLIN3",
      "name" : "speedReset",
      "parent" : "8d69c4a2-7d78-11ed-b416-ce99d91ceb09",
      "type" : 5
    } ],
    "links" : [ {
      "isBidirectional" : false,
      "source" : "8d6caad0-7d78-11ed-b416-ce99d91ceb09&EXTOUTBOUND1",
      "target" : "8d6caad1-7d78-11ed-b416-ce99d91ceb09&EXTERNALIN2"
    }, {
      "isBidirectional" : false,
      "source" : "51&8d69c4a2-7d78-11ed-b416-ce99d91ceb09&OUTPUT2",
      "target" : "52&8d69c4a3-7d78-11ed-b416-ce99d91ceb09&DATASTREAM2"
    }, {
      "isBidirectional" : false,
      "source" : "51&8d69c4a2-7d78-11ed-b416-ce99d91ceb09&OUTPUT1",
      "target" : "52&8d69c4a3-7d78-11ed-b416-ce99d91ceb09&DATASTREAM1"
    }, {
      "isBidirectional" : false,
      "source" : "51&8d6caad1-7d78-11ed-b416-ce99d91ceb09&OUTPUT1",
      "target" : "51&8d69c4a2-7d78-11ed-b416-ce99d91ceb09&INPUT1"
    }, {
      "isBidirectional" : false,
      "source" : "51&8d6caad1-7d78-11ed-b416-ce99d91ceb09&OUTPUT2",
      "target" : "51&8d69c4a2-7d78-11ed-b416-ce99d91ceb09&INPUT2"
    } ],
    "objects" : [ {
      "h" : 100,
      "label" : "EngineMonitor",
      "resourceName" : "com.vantiq.engines.EngineMonitor",
      "resourceType" : "system.services",
      "type" : 51,
      "uuid" : "8d69c4a2-7d78-11ed-b416-ce99d91ceb09",
      "w" : 148,
      "x" : 0,
      "y" : 0
    }, {
      "h" : 100,
      "label" : "EngineMonitor",
      "resourceName" : "com.vantiq.engines.EngineMonitor",
      "resourceType" : "system.clients",
      "type" : 52,
      "uuid" : "8d69c4a3-7d78-11ed-b416-ce99d91ceb09",
      "w" : 100,
      "x" : 348,
      "y" : 0
    }, {
      "h" : 100,
      "label" : "IngestExternalSensorEventsService",
      "resourceName" : "com.vantiq.engines.IngestExternalSensorEventsService",
      "resourceType" : "system.services",
      "type" : 51,
      "uuid" : "8d6caad1-7d78-11ed-b416-ce99d91ceb09",
      "w" : 300,
      "x" : -374,
      "y" : 0
    }, {
      "h" : 60,
      "label" : "ExternalSensorEvents",
      "resourceName" : null,
      "type" : 56,
      "uuid" : "8d6caad0-7d78-11ed-b416-ce99d91ceb09",
      "w" : 110.234375,
      "x" : -374,
      "y" : -200
    } ],
    "prefs" : {
      "scaleAndTranslationState" : {
        "lastZoomRequest" : 0,
        "scale" : 0.7932960893854749,
        "translate" : [ 622.4229224860335, 213.39664804469274 ]
      }
    },
    "v" : 1
  },
  "description" : "No description given",
  "name" : "com.vantiq.engines.EngineMonitor",
  "serviceEventRoutes" : [ {
    "eventSource" : {
      "eventTypeName" : "ExternalEvent0",
      "serviceName" : "com.vantiq.engines.IngestExternalSensorEventsService"
    },
    "eventTarget" : {
      "eventTypeName" : "SensorReading0",
      "serviceName" : "com.vantiq.engines.EngineMonitor"
    }
  }, {
    "eventSource" : {
      "eventTypeName" : "ExternalEvent1",
      "serviceName" : "com.vantiq.engines.IngestExternalSensorEventsService"
    },
    "eventTarget" : {
      "eventTypeName" : "SensorReading1",
      "serviceName" : "com.vantiq.engines.EngineMonitor"
    }
  }, {
    "eventSource" : {
      "eventTypeName" : "SpeedEvent",
      "serviceName" : "com.vantiq.engines.IngestExternalSensorEventsService"
    },
    "eventTarget" : {
      "eventTypeName" : "SpeedEvent",
      "serviceName" : "com.vantiq.engines.EngineMonitor"
    }
  }, {
    "eventSource" : {
      "eventTypeName" : "TemperatureEvent",
      "serviceName" : "com.vantiq.engines.IngestExternalSensorEventsService"
    },
    "eventTarget" : {
      "eventTypeName" : "TemperatureEvent",
      "serviceName" : "com.vantiq.engines.EngineMonitor"
    }
  } ]
}