{
  "ars_relationships" : [ ],
  "links" : [ {
    "source" : "services/com.vantiq.genai.TutorialService",
    "target" : "document/com.vantiq.genai.TutorialService.js"
  }, {
    "source" : "services/com.vantiq.genai.TutorialService",
    "target" : "procedure/com.vantiq.genai.TutorialService.tellAJoke"
  }, {
    "source" : "procedure/com.vantiq.genai.TutorialService.tellAJoke",
    "target" : "services/com.vantiq.genai.TutorialService"
  }, {
    "source" : "semanticindex/com.vantiq.genai.TutorialIndex",
    "target" : "llm/SentenceTransformer"
  }, {
    "source" : "services/com.vantiq.genai.TutorialService",
    "target" : "procedure/com.vantiq.genai.TutorialService.simpleRag"
  }, {
    "source" : "procedure/com.vantiq.genai.TutorialService.simpleRag",
    "target" : "services/com.vantiq.genai.TutorialService"
  }, {
    "source" : "services/com.vantiq.genai.TutorialService",
    "target" : "procedure/com.vantiq.genai.TutorialService.workedAtForte"
  }, {
    "source" : "procedure/com.vantiq.genai.TutorialService.workedAtForte",
    "target" : "services/com.vantiq.genai.TutorialService"
  }, {
    "source" : "services/com.vantiq.genai.TutorialService",
    "target" : "procedure/com.vantiq.genai.TutorialService.runtimeConfig"
  }, {
    "source" : "procedure/com.vantiq.genai.TutorialService.runtimeConfig",
    "target" : "services/com.vantiq.genai.TutorialService"
  }, {
    "source" : "services/com.vantiq.genai.TutorialService",
    "target" : "procedure/com.vantiq.genai.TutorialService.startConversation"
  }, {
    "source" : "procedure/com.vantiq.genai.TutorialService.startConversation",
    "target" : "services/com.vantiq.genai.TutorialService"
  }, {
    "source" : "services/com.vantiq.genai.TutorialService",
    "target" : "procedure/com.vantiq.genai.TutorialService.getConversation"
  }, {
    "source" : "procedure/com.vantiq.genai.TutorialService.getConversation",
    "target" : "services/com.vantiq.genai.TutorialService"
  }, {
    "source" : "services/com.vantiq.genai.TutorialService",
    "target" : "procedure/com.vantiq.genai.TutorialService.resetConversation"
  }, {
    "source" : "procedure/com.vantiq.genai.TutorialService.resetConversation",
    "target" : "services/com.vantiq.genai.TutorialService"
  }, {
    "source" : "procedure/com.vantiq.genai.TutorialService.endConversation",
    "target" : "services/com.vantiq.genai.TutorialService"
  }, {
    "source" : "services/com.vantiq.genai.TutorialService",
    "target" : "procedure/com.vantiq.genai.TutorialService.endConversation"
  }, {
    "source" : "services/com.vantiq.genai.TutorialService",
    "target" : "procedure/com.vantiq.genai.TutorialService.simpleConversation"
  }, {
    "source" : "procedure/com.vantiq.genai.TutorialService.simpleConversation",
    "target" : "services/com.vantiq.genai.TutorialService"
  }, {
    "source" : "services/com.vantiq.genai.TutorialService",
    "target" : "procedure/com.vantiq.genai.TutorialService.configuredConversation"
  }, {
    "source" : "procedure/com.vantiq.genai.TutorialService.configuredConversation",
    "target" : "services/com.vantiq.genai.TutorialService"
  }, {
    "source" : "services/com.vantiq.genai.TutorialService",
    "target" : "procedure/com.vantiq.genai.TutorialService.choosePrompt"
  }, {
    "source" : "procedure/com.vantiq.genai.TutorialService.choosePrompt",
    "target" : "services/com.vantiq.genai.TutorialService"
  }, {
    "source" : "services/com.vantiq.genai.TutorialService",
    "target" : "procedure/com.vantiq.genai.TutorialService.loadFromUrl"
  }, {
    "source" : "procedure/com.vantiq.genai.TutorialService.loadFromUrl",
    "target" : "services/com.vantiq.genai.TutorialService"
  }, {
    "source" : "semanticindex/com.vantiq.genai.TestLoadingIndex",
    "target" : "llm/SentenceTransformer"
  }, {
    "source" : "genaiflow/com.vantiq.genai.TutorialService:loadFromUrl",
    "target" : "semanticindex/com.vantiq.genai.TestLoadingIndex"
  }, {
    "source" : "genaiflow/com.vantiq.genai.TutorialService:storeTutorialEntry",
    "target" : "semanticindex/com.vantiq.genai.TutorialIndex"
  }, {
    "source" : "services/com.vantiq.genai.TutorialService",
    "target" : "procedure/com.vantiq.genai.TutorialService.storeTutorialEntry"
  }, {
    "source" : "procedure/com.vantiq.genai.TutorialService.storeTutorialEntry",
    "target" : "services/com.vantiq.genai.TutorialService"
  }, {
    "source" : "services/com.vantiq.genai.TutorialService",
    "target" : "procedure/com.vantiq.genai.TutorialService.loadIndexContent"
  }, {
    "source" : "procedure/com.vantiq.genai.TutorialService.loadIndexContent",
    "target" : "services/com.vantiq.genai.TutorialService"
  }, {
    "source" : "procedure/com.vantiq.genai.TutorialService.loadIndexContent",
    "target" : "procedure/com.vantiq.genai.TutorialService.storeTutorialEntry"
  }, {
    "source" : "services/com.vantiq.genai.TutorialService",
    "target" : "procedure/com.vantiq.genai.TutorialService.streamFromLLM"
  }, {
    "source" : "procedure/com.vantiq.genai.TutorialService.streamFromLLM",
    "target" : "services/com.vantiq.genai.TutorialService"
  }, {
    "source" : "procedure/com.vantiq.genai.TutorialService.logLLMStream",
    "target" : "procedure/com.vantiq.genai.TutorialService.streamFromLLM"
  }, {
    "source" : "procedure/com.vantiq.genai.TutorialService.logLLMStream",
    "target" : "services/com.vantiq.genai.TutorialService"
  }, {
    "source" : "services/com.vantiq.genai.TutorialService",
    "target" : "procedure/com.vantiq.genai.TutorialService.logLLMStream"
  }, {
    "source" : "genaiflow/com.vantiq.genai.TutorialService:streamFromLLM",
    "target" : "llm/GPT_LLM"
  }, {
    "source" : "genaiflow/com.vantiq.genai.TutorialService:simpleRag",
    "target" : "semanticindex/com.vantiq.genai.TutorialIndex"
  }, {
    "source" : "genaiflow/com.vantiq.genai.TutorialService:simpleRag",
    "target" : "document/ragPrompt.txt"
  }, {
    "source" : "genaiflow/com.vantiq.genai.TutorialService:workedAtForte",
    "target" : "semanticindex/com.vantiq.genai.TutorialIndex"
  }, {
    "source" : "genaiflow/com.vantiq.genai.TutorialService:workedAtForte",
    "target" : "document/ragPromptBoolean.txt"
  }, {
    "source" : "genaiflow/com.vantiq.genai.TutorialService:workedAtForte",
    "target" : "llm/GPT_LLM"
  }, {
    "source" : "genaiflow/com.vantiq.genai.TutorialService:simpleRag",
    "target" : "llm/GPT_LLM"
  }, {
    "source" : "genaiflow/com.vantiq.genai.TutorialService:tellAJoke",
    "target" : "llm/GPT_LLM"
  }, {
    "source" : "semanticindex/com.vantiq.genai.StateOfUnion",
    "target" : "llm/SentenceTransformer"
  }, {
    "source" : "services/com.vantiq.genai.TutorialService",
    "target" : "procedure/com.vantiq.genai.TutorialService.contextualCompression"
  }, {
    "source" : "procedure/com.vantiq.genai.TutorialService.contextualCompression",
    "target" : "services/com.vantiq.genai.TutorialService"
  } ],
  "name" : "genAITutorial",
  "options" : {
    "description" : "This project contains the service and supporting resources created during the [GenAI Builder Tutorial](/docs/system/tutorials/genaibuilder/index.html).  It demonstrates how to use the [Gen AI Builder](/docs/system/genaibuilder/index.html) to construct custom GenAI functionality for your applications.  \n\nTo use the examples provided by the service you will need to:\n\n1. Create the secret `OPENAI_KEY` containing a valid OpenAI API key.\n1. Load the semantic index with the content as described in the tutorial.",
    "dockCollapsed" : {
      "bottom" : false,
      "left" : false,
      "right" : false,
      "top" : false,
      "viewtabs" : false
    },
    "dockDimensions" : {
      "bottom" : 200,
      "debug" : [ 920.8191991461058, 925.1808008538942 ],
      "left" : 210,
      "right" : 220,
      "top" : 0,
      "viewtabs" : 0
    },
    "filterBitArray" : "ffffffffffffffffffffffffffffffff",
    "isModeloProject" : true,
    "layoutStyle" : "flex",
    "openFolders" : [ "com.vantiq.genai", "com.vantiq.genai/semanticindex", "document", "llm" ],
    "partitionsSettings" : { },
    "rootViewFlavor" : 5,
    "showGrid" : true,
    "structure" : {
      "fraction" : 1,
      "groups" : [ {
        "fraction" : 0.75,
        "type" : "L[6]"
      }, {
        "fraction" : 0.25,
        "type" : "L[1]"
      } ],
      "type" : "RH"
    },
    "type" : "dev",
    "v" : 6,
    "viewUUID" : "MAINVIEW"
  },
  "partitions" : [ ],
  "resources" : [ {
    "label" : "GPT_LLM",
    "name" : "GPT_LLM",
    "resourceReference" : "/system.llms/GPT_LLM",
    "timestamp" : "2024-10-15T18:32:42.585Z",
    "type" : 80
  }, {
    "label" : "SentenceTransformer",
    "name" : "SentenceTransformer",
    "resourceReference" : "/system.llms/SentenceTransformer",
    "timestamp" : "2024-10-15T18:32:42.597Z",
    "type" : 80
  }, {
    "label" : "com.vantiq.genai.StateOfUnion",
    "name" : "com.vantiq.genai.StateOfUnion",
    "resourceReference" : "/system.semanticindexes/com.vantiq.genai.StateOfUnion",
    "timestamp" : "2024-10-16T17:18:09.629Z",
    "type" : 79
  }, {
    "label" : "com.vantiq.genai.TestLoadingIndex",
    "name" : "com.vantiq.genai.TestLoadingIndex",
    "resourceReference" : "/system.semanticindexes/com.vantiq.genai.TestLoadingIndex",
    "timestamp" : "2024-10-15T18:32:42.701Z",
    "type" : 79
  }, {
    "label" : "com.vantiq.genai.TutorialIndex",
    "name" : "com.vantiq.genai.TutorialIndex",
    "resourceReference" : "/system.semanticindexes/com.vantiq.genai.TutorialIndex",
    "timestamp" : "2024-10-15T18:32:42.699Z",
    "type" : 79
  }, {
    "label" : "com.vantiq.genai.TutorialService",
    "name" : "com.vantiq.genai.TutorialService",
    "resourceReference" : "/services/com.vantiq.genai.TutorialService",
    "timestamp" : "2024-10-16T22:22:15.801Z",
    "type" : 63
  }, {
    "label" : "com.vantiq.genai.TutorialService.choosePrompt",
    "name" : "com.vantiq.genai.TutorialService.choosePrompt",
    "packageName" : "com.vantiq.genai",
    "procedureName" : "choosePrompt",
    "resourceReference" : "/procedures/com.vantiq.genai.TutorialService.choosePrompt",
    "serviceName" : "TutorialService",
    "timestamp" : "2024-10-15T18:32:44.306Z",
    "type" : 3
  }, {
    "label" : "com.vantiq.genai.TutorialService.configuredConversation",
    "name" : "com.vantiq.genai.TutorialService.configuredConversation",
    "packageName" : "com.vantiq.genai",
    "procedureName" : "configuredConversation",
    "resourceReference" : "/procedures/com.vantiq.genai.TutorialService.configuredConversation",
    "serviceName" : "TutorialService",
    "timestamp" : "2024-10-15T18:32:44.151Z",
    "type" : 3
  }, {
    "name" : "com.vantiq.genai.TutorialService.contextualCompression",
    "packageName" : "com.vantiq.genai",
    "procedureName" : "contextualCompression",
    "resourceReference" : "/procedures/com.vantiq.genai.TutorialService.contextualCompression",
    "serviceName" : "TutorialService",
    "timestamp" : "2024-10-16T22:22:14.671Z",
    "type" : 3
  }, {
    "label" : "com.vantiq.genai.TutorialService.endConversation",
    "name" : "com.vantiq.genai.TutorialService.endConversation",
    "packageName" : "com.vantiq.genai",
    "procedureName" : "endConversation",
    "resourceReference" : "/procedures/com.vantiq.genai.TutorialService.endConversation",
    "serviceName" : "TutorialService",
    "timestamp" : "2024-10-15T18:32:43.823Z",
    "type" : 3
  }, {
    "label" : "com.vantiq.genai.TutorialService.getConversation",
    "name" : "com.vantiq.genai.TutorialService.getConversation",
    "packageName" : "com.vantiq.genai",
    "procedureName" : "getConversation",
    "resourceReference" : "/procedures/com.vantiq.genai.TutorialService.getConversation",
    "serviceName" : "TutorialService",
    "timestamp" : "2024-10-15T18:32:43.745Z",
    "type" : 3
  }, {
    "label" : "com.vantiq.genai.TutorialService.js",
    "name" : "com.vantiq.genai.TutorialService.js",
    "resourceReference" : "/documents/com.vantiq.genai.TutorialService.js",
    "timestamp" : "2024-10-16T20:25:32.111Z",
    "type" : 19
  }, {
    "label" : "com.vantiq.genai.TutorialService.loadFromUrl",
    "name" : "com.vantiq.genai.TutorialService.loadFromUrl",
    "packageName" : "com.vantiq.genai",
    "procedureName" : "loadFromUrl",
    "resourceReference" : "/procedures/com.vantiq.genai.TutorialService.loadFromUrl",
    "serviceName" : "TutorialService",
    "timestamp" : "2024-10-15T18:32:44.231Z",
    "type" : 3
  }, {
    "label" : "com.vantiq.genai.TutorialService.loadIndexContent",
    "name" : "com.vantiq.genai.TutorialService.loadIndexContent",
    "packageName" : "com.vantiq.genai",
    "procedureName" : "loadIndexContent",
    "resourceReference" : "/procedures/com.vantiq.genai.TutorialService.loadIndexContent",
    "serviceName" : "TutorialService",
    "timestamp" : "2024-10-15T18:32:43.715Z",
    "type" : 3
  }, {
    "label" : "com.vantiq.genai.TutorialService.logLLMStream",
    "name" : "com.vantiq.genai.TutorialService.logLLMStream",
    "packageName" : "com.vantiq.genai",
    "procedureName" : "logLLMStream",
    "resourceReference" : "/procedures/com.vantiq.genai.TutorialService.logLLMStream",
    "serviceName" : "TutorialService",
    "timestamp" : "2024-10-15T18:32:43.976Z",
    "type" : 3
  }, {
    "label" : "com.vantiq.genai.TutorialService.resetConversation",
    "name" : "com.vantiq.genai.TutorialService.resetConversation",
    "packageName" : "com.vantiq.genai",
    "procedureName" : "resetConversation",
    "resourceReference" : "/procedures/com.vantiq.genai.TutorialService.resetConversation",
    "serviceName" : "TutorialService",
    "timestamp" : "2024-10-15T18:32:43.745Z",
    "type" : 3
  }, {
    "label" : "com.vantiq.genai.TutorialService.runtimeConfig",
    "name" : "com.vantiq.genai.TutorialService.runtimeConfig",
    "packageName" : "com.vantiq.genai",
    "procedureName" : "runtimeConfig",
    "resourceReference" : "/procedures/com.vantiq.genai.TutorialService.runtimeConfig",
    "serviceName" : "TutorialService",
    "timestamp" : "2024-10-15T18:32:44.164Z",
    "type" : 3
  }, {
    "label" : "com.vantiq.genai.TutorialService.simpleConversation",
    "name" : "com.vantiq.genai.TutorialService.simpleConversation",
    "packageName" : "com.vantiq.genai",
    "procedureName" : "simpleConversation",
    "resourceReference" : "/procedures/com.vantiq.genai.TutorialService.simpleConversation",
    "serviceName" : "TutorialService",
    "timestamp" : "2024-10-15T18:32:44.188Z",
    "type" : 3
  }, {
    "label" : "com.vantiq.genai.TutorialService.simpleRag",
    "name" : "com.vantiq.genai.TutorialService.simpleRag",
    "packageName" : "com.vantiq.genai",
    "procedureName" : "simpleRag",
    "resourceReference" : "/procedures/com.vantiq.genai.TutorialService.simpleRag",
    "serviceName" : "TutorialService",
    "timestamp" : "2024-10-15T18:32:44.176Z",
    "type" : 3
  }, {
    "label" : "com.vantiq.genai.TutorialService.startConversation",
    "name" : "com.vantiq.genai.TutorialService.startConversation",
    "packageName" : "com.vantiq.genai",
    "procedureName" : "startConversation",
    "resourceReference" : "/procedures/com.vantiq.genai.TutorialService.startConversation",
    "serviceName" : "TutorialService",
    "timestamp" : "2024-10-15T18:32:43.714Z",
    "type" : 3
  }, {
    "label" : "com.vantiq.genai.TutorialService.storeTutorialEntry",
    "name" : "com.vantiq.genai.TutorialService.storeTutorialEntry",
    "packageName" : "com.vantiq.genai",
    "procedureName" : "storeTutorialEntry",
    "resourceReference" : "/procedures/com.vantiq.genai.TutorialService.storeTutorialEntry",
    "serviceName" : "TutorialService",
    "timestamp" : "2024-10-15T18:32:44.171Z",
    "type" : 3
  }, {
    "label" : "com.vantiq.genai.TutorialService.streamFromLLM",
    "name" : "com.vantiq.genai.TutorialService.streamFromLLM",
    "packageName" : "com.vantiq.genai",
    "procedureName" : "streamFromLLM",
    "resourceReference" : "/procedures/com.vantiq.genai.TutorialService.streamFromLLM",
    "serviceName" : "TutorialService",
    "timestamp" : "2024-10-15T18:32:44.137Z",
    "type" : 3
  }, {
    "label" : "com.vantiq.genai.TutorialService.tellAJoke",
    "name" : "com.vantiq.genai.TutorialService.tellAJoke",
    "packageName" : "com.vantiq.genai",
    "procedureName" : "tellAJoke",
    "resourceReference" : "/procedures/com.vantiq.genai.TutorialService.tellAJoke",
    "serviceName" : "TutorialService",
    "timestamp" : "2024-10-15T18:32:44.130Z",
    "type" : 3
  }, {
    "label" : "com.vantiq.genai.TutorialService.workedAtForte",
    "name" : "com.vantiq.genai.TutorialService.workedAtForte",
    "packageName" : "com.vantiq.genai",
    "procedureName" : "workedAtForte",
    "resourceReference" : "/procedures/com.vantiq.genai.TutorialService.workedAtForte",
    "serviceName" : "TutorialService",
    "timestamp" : "2024-10-15T18:32:44.132Z",
    "type" : 3
  }, {
    "label" : "com.vantiq.genai.TutorialService:choosePrompt",
    "name" : "com.vantiq.genai.TutorialService:choosePrompt",
    "resourceReference" : "/system.genaiflows/com.vantiq.genai.TutorialService:choosePrompt",
    "timestamp" : "2024-10-15T18:32:44.828Z",
    "type" : 81
  }, {
    "label" : "com.vantiq.genai.TutorialService:configuredConversation",
    "name" : "com.vantiq.genai.TutorialService:configuredConversation",
    "resourceReference" : "/system.genaiflows/com.vantiq.genai.TutorialService:configuredConversation",
    "timestamp" : "2024-10-15T18:32:45.005Z",
    "type" : 81
  }, {
    "label" : "com.vantiq.genai.TutorialService:contextualCompression",
    "name" : "com.vantiq.genai.TutorialService:contextualCompression",
    "resourceReference" : "/system.genaiflows/com.vantiq.genai.TutorialService:contextualCompression",
    "timestamp" : "2024-10-16T22:22:15.039Z",
    "type" : 81
  }, {
    "label" : "com.vantiq.genai.TutorialService:loadFromUrl",
    "name" : "com.vantiq.genai.TutorialService:loadFromUrl",
    "resourceReference" : "/system.genaiflows/com.vantiq.genai.TutorialService:loadFromUrl",
    "timestamp" : "2024-10-15T18:32:45.008Z",
    "type" : 81
  }, {
    "label" : "com.vantiq.genai.TutorialService:runtimeConfig",
    "name" : "com.vantiq.genai.TutorialService:runtimeConfig",
    "resourceReference" : "/system.genaiflows/com.vantiq.genai.TutorialService:runtimeConfig",
    "timestamp" : "2024-10-15T18:32:44.965Z",
    "type" : 81
  }, {
    "label" : "com.vantiq.genai.TutorialService:simpleConversation",
    "name" : "com.vantiq.genai.TutorialService:simpleConversation",
    "resourceReference" : "/system.genaiflows/com.vantiq.genai.TutorialService:simpleConversation",
    "timestamp" : "2024-10-15T18:32:44.944Z",
    "type" : 81
  }, {
    "label" : "com.vantiq.genai.TutorialService:simpleRag",
    "name" : "com.vantiq.genai.TutorialService:simpleRag",
    "resourceReference" : "/system.genaiflows/com.vantiq.genai.TutorialService:simpleRag",
    "timestamp" : "2024-10-15T19:09:48.773Z",
    "type" : 81
  }, {
    "label" : "com.vantiq.genai.TutorialService:storeTutorialEntry",
    "name" : "com.vantiq.genai.TutorialService:storeTutorialEntry",
    "resourceReference" : "/system.genaiflows/com.vantiq.genai.TutorialService:storeTutorialEntry",
    "timestamp" : "2024-10-15T18:32:44.953Z",
    "type" : 81
  }, {
    "label" : "com.vantiq.genai.TutorialService:streamFromLLM",
    "name" : "com.vantiq.genai.TutorialService:streamFromLLM",
    "resourceReference" : "/system.genaiflows/com.vantiq.genai.TutorialService:streamFromLLM",
    "timestamp" : "2024-10-15T18:32:44.933Z",
    "type" : 81
  }, {
    "label" : "com.vantiq.genai.TutorialService:tellAJoke",
    "name" : "com.vantiq.genai.TutorialService:tellAJoke",
    "resourceReference" : "/system.genaiflows/com.vantiq.genai.TutorialService:tellAJoke",
    "timestamp" : "2024-10-15T18:32:45.260Z",
    "type" : 81
  }, {
    "label" : "com.vantiq.genai.TutorialService:workedAtForte",
    "name" : "com.vantiq.genai.TutorialService:workedAtForte",
    "resourceReference" : "/system.genaiflows/com.vantiq.genai.TutorialService:workedAtForte",
    "timestamp" : "2024-10-15T18:32:44.948Z",
    "type" : 81
  }, {
    "label" : "com.vantiq.genai.TutorialService:workedAtForte",
    "name" : "com.vantiq.genai.TutorialService:workedAtForte",
    "resourceReference" : "/system.genaiflows/com.vantiq.genai.TutorialService:workedAtForte",
    "timestamp" : "2024-10-15T18:32:44.948Z",
    "type" : 81
  }, {
    "label" : "promptWithHistory.txt",
    "name" : "promptWithHistory.txt",
    "resourceReference" : "/documents/promptWithHistory.txt",
    "timestamp" : "2024-10-15T18:32:43.253Z",
    "type" : 19
  }, {
    "label" : "ragPrompt.txt",
    "name" : "ragPrompt.txt",
    "resourceReference" : "/documents/ragPrompt.txt",
    "timestamp" : "2024-10-15T18:32:43.251Z",
    "type" : 19
  }, {
    "label" : "ragPromptBoolean.txt",
    "name" : "ragPromptBoolean.txt",
    "resourceReference" : "/documents/ragPromptBoolean.txt",
    "timestamp" : "2024-10-15T18:32:43.250Z",
    "type" : 19
  }, {
    "label" : "ragPromptJson.txt",
    "name" : "ragPromptJson.txt",
    "resourceReference" : "/documents/ragPromptJson.txt",
    "timestamp" : "2024-10-15T18:32:43.251Z",
    "type" : 19
  } ],
  "tools" : [ {
    "isPinned" : false,
    "name" : "Audits",
    "pane" : {
      "address" : "RH[0]/L[4]"
    },
    "state" : 8,
    "type" : 58
  }, {
    "isPinned" : false,
    "name" : "Errors",
    "type" : 13
  }, {
    "dockLocation" : "top",
    "isPinned" : false,
    "name" : "Inactive Panes",
    "type" : 99
  }, {
    "isPinned" : false,
    "name" : "Log Messages",
    "type" : 12
  }, {
    "isPinned" : false,
    "name" : "Log Records Query",
    "pane" : {
      "address" : "RH[0]/L[3]"
    },
    "state" : 8,
    "type" : 18
  }, {
    "isPinned" : false,
    "name" : "Project Contents",
    "type" : 2
  }, {
    "isPinned" : false,
    "name" : "Project Description",
    "pane" : {
      "address" : "RH[1]/L[0]",
      "isActive" : true
    },
    "state" : 8,
    "type" : 82
  }, {
    "isPinned" : false,
    "name" : "com.vantiq.genai.StateOfUnion",
    "pane" : {
      "address" : "RH[0]/L[1]"
    },
    "resourceKey" : "semanticindex/com.vantiq.genai.StateOfUnion",
    "state" : 8,
    "type" : 10
  }, {
    "isPinned" : false,
    "name" : "com.vantiq.genai.TestLoadingIndex",
    "pane" : {
      "address" : "RH[0]/L[2]"
    },
    "resourceKey" : "semanticindex/com.vantiq.genai.TestLoadingIndex",
    "state" : 8,
    "type" : 10
  }, {
    "isPinned" : false,
    "name" : "com.vantiq.genai.TutorialIndex",
    "pane" : {
      "address" : "RH[0]/L[5]"
    },
    "resourceKey" : "semanticindex/com.vantiq.genai.TutorialIndex",
    "state" : 8,
    "type" : 10
  }, {
    "isPinned" : false,
    "name" : "com.vantiq.genai.TutorialService",
    "pane" : {
      "address" : "RH[0]/L[0]",
      "isActive" : true,
      "isActiveTool" : true
    },
    "resourceKey" : "services/com.vantiq.genai.TutorialService",
    "state" : 8,
    "type" : 109
  } ],
  "type" : "dev",
  "views" : [ {
    "name" : "Project Contents",
    "projectToolKeys" : [ "audits/Audits", "errorviewer/Errors", "tiledock/Inactive Panes", "logviewer/Log Messages", "logquery/Log Records Query", "list/Project Contents", "projectdescription/Project Description", "semanticindexeditor/com.vantiq.genai.StateOfUnion", "semanticindexeditor/com.vantiq.genai.TestLoadingIndex", "semanticindexeditor/com.vantiq.genai.TutorialIndex", "services/com.vantiq.genai.TutorialService" ]
  } ]
}