{
  "active" : true,
  "ars_relationships" : [ ],
  "description" : null,
  "eventTypes" : {
    "EngineSpeed" : {
      "direction" : "OUTBOUND",
      "eventSchema" : "com.vantiq.engines.SpeedEvent",
      "isReliable" : false
    },
    "EngineStatus" : {
      "direction" : "OUTBOUND",
      "eventSchema" : "com.vantiq.engines.StatusEvent",
      "isReliable" : false
    },
    "SpeedEvent" : {
      "direction" : "INBOUND",
      "implementingResource" : "/collaborationtypes/com.vantiq.engines.EngineMonitor_SensorReading0_EventHandler/SensorReading"
    },
    "TemperatureEvent" : {
      "direction" : "INBOUND",
      "implementingResource" : "/collaborationtypes/com.vantiq.engines.EngineMonitor_SensorReading1_EventHandler/SensorReading"
    }
  },
  "globalType" : "com.vantiq.engines.EngineMonitor.GlobalAppState",
  "interface" : [ {
    "name" : "speedGet",
    "parameters" : [ ]
  }, {
    "name" : "speedReset",
    "parameters" : [ ]
  }, {
    "name" : "speedUpdate",
    "parameters" : [ {
      "default" : null,
      "description" : null,
      "multi" : false,
      "name" : "event",
      "required" : false,
      "type" : "Object"
    } ]
  } ],
  "internalEventHandlers" : [ ],
  "name" : "com.vantiq.engines.EngineMonitor",
  "partitionedType" : null,
  "replicationFactor" : 1,
  "scheduledProcedures" : { }
}