{
  "links" : [ {
    "source" : "type/SystemHUD",
    "target" : "subscription/SystemHUD"
  }, {
    "source" : "type/EngineTemp",
    "target" : "app/EngineMonitor"
  }, {
    "source" : "type/EngineSpeed",
    "target" : "app/EngineMonitor"
  }, {
    "source" : "type/SystemStatus",
    "target" : "client/EngineSimulation"
  }, {
    "source" : "type/SystemHUD",
    "target" : "client/EngineSimulation"
  }, {
    "source" : "app/EngineMonitor",
    "target" : "type/SystemHUD"
  }, {
    "source" : "app/EngineMonitor",
    "target" : "type/SystemStatus"
  }, {
    "source" : "client/EngineSimulation",
    "target" : "topic//my/response/topic"
  } ],
  "name" : "EngineMonitor",
  "options" : {
    "blacklist" : [ "eventgenerator/SteamEngineTempAndSpeed", "test/EngineMonitorTest" ],
    "description" : "The EngineMonitor (Introductory) Tutorial walks through the creation of a simple app shown below.\n\nTo test the app out, start the event generator. When the event generator starts, you should see badges appear over each task indicating the execution count for each task.\n\nAs data flows through the app, you'll notice events show up in real time in the SystemHUD subscription to the right of the app. This shows the updates made to the HUD in real time. To view the raw output of any task in the app, right click on any of the tasks and select \"View Task Events\", which will open a subscription pane that shows each event as it flows out of the task.\n\nBelow the app you should see a client which visualizes different pieces of the simulation. When the event generator, app and client are all running you should see line charts in the client showing the independently changing speed and temperature readings, as well as guages showing the most recent values and a pie chart showing the ratios of the different alert messages.\n\nPause the client using the pause button in the title bar and click on any of the widgets or view the Data Streams to learn more about the client implementation. ",
    "dockCollapsed" : {
      "bottom" : false,
      "left" : false,
      "right" : false,
      "top" : false,
      "viewtabs" : false
    },
    "dockDimensions" : {
      "bottom" : 200,
      "debug" : [ 0, 0, 0 ],
      "left" : 210,
      "right" : 220,
      "top" : 0,
      "viewtabs" : 0
    },
    "filterBitArray" : "ffffffffffffffffffffffffffffffff",
    "isModeloProject" : true,
    "layoutStyle" : "custom",
    "openFolders" : [ "test" ],
    "rootViewFlavor" : 1,
    "showGrid" : true,
    "type" : "dev",
    "v" : 3,
    "viewUUID" : "MAINVIEW"
  },
  "resources" : [ {
    "label" : "/my/response/topic",
    "name" : "/my/response/topic",
    "node" : {
      "x" : 157.9,
      "y" : 305.1
    },
    "resourceReference" : "/topics//my/response/topic",
    "type" : 10
  }, {
    "inventory" : {
      "clientHash" : [ ],
      "clients" : [ ],
      "collaborationHash" : [ ],
      "collaborations" : [ ],
      "eventstreamHash" : [ ],
      "eventstreams" : [ ],
      "procedureHash" : [ ],
      "procedures" : [ ],
      "sourceHash" : [ ],
      "sources" : [ ],
      "systemmodelHash" : [ ],
      "systemmodels" : [ ],
      "topicHash" : [ ],
      "topics" : [ ],
      "typeHash" : [ "in", "in", "out", "out" ],
      "types" : [ "EngineSpeed", "EngineTemp", "SystemHUD", "SystemStatus" ]
    },
    "label" : "EngineMonitor",
    "name" : "EngineMonitor",
    "node" : {
      "x" : 303,
      "y" : 60
    },
    "resourceReference" : "/collaborationtypes/EngineMonitor",
    "timestamp" : "2020-12-03T22:33:07.566Z",
    "type" : 12
  }, {
    "inventory" : {
      "clientHash" : [ ],
      "clients" : [ ],
      "collaborationHash" : [ ],
      "collaborations" : [ ],
      "eventstreamHash" : [ ],
      "eventstreams" : [ ],
      "procedureHash" : [ ],
      "procedures" : [ ],
      "sourceHash" : [ ],
      "sources" : [ ],
      "systemmodelHash" : [ ],
      "systemmodels" : [ ],
      "topicHash" : [ "out" ],
      "topics" : [ "/my/response/topic" ],
      "typeHash" : [ "in", "in" ],
      "types" : [ "SystemStatus", "SystemHUD" ]
    },
    "label" : "EngineSimulation",
    "name" : "EngineSimulation",
    "node" : {
      "x" : 291.7,
      "y" : 240.8
    },
    "resourceReference" : "/system.clients/EngineSimulation",
    "timestamp" : "2020-12-03T22:32:56.889Z",
    "type" : 15
  }, {
    "label" : "EngineSimulation",
    "name" : "EngineSimulation",
    "resourceReference" : "/system.eventgenerators/EngineSimulation",
    "timestamp" : "2020-12-03T22:33:07.615Z",
    "type" : 65
  }, {
    "label" : "EngineSpeed",
    "name" : "EngineSpeed",
    "node" : {
      "x" : 418.5,
      "y" : -7.5
    },
    "resourceReference" : "/types/EngineSpeed",
    "timestamp" : "2020-12-03T22:32:56.846Z",
    "type" : 1
  }, {
    "label" : "EngineTemp",
    "name" : "EngineTemp",
    "node" : {
      "x" : 196.9,
      "y" : -7.8
    },
    "resourceReference" : "/types/EngineTemp",
    "timestamp" : "2020-12-03T22:32:56.846Z",
    "type" : 1
  }, {
    "label" : "SystemHUD",
    "name" : "SystemHUD",
    "node" : {
      "x" : 408.1,
      "y" : 168.2
    },
    "resourceReference" : "/types/SystemHUD",
    "timestamp" : "2020-12-03T22:32:56.845Z",
    "type" : 1
  }, {
    "inventory" : {
      "clientHash" : [ ],
      "clients" : [ ],
      "collaborationHash" : [ ],
      "collaborations" : [ ],
      "eventstreamHash" : [ ],
      "eventstreams" : [ ],
      "procedureHash" : [ ],
      "procedures" : [ ],
      "sourceHash" : [ ],
      "sources" : [ ],
      "systemmodelHash" : [ ],
      "systemmodels" : [ ],
      "topicHash" : [ ],
      "topics" : [ ],
      "typeHash" : [ "in" ],
      "types" : [ "SystemHUD" ]
    },
    "label" : "SystemHUD",
    "name" : "SystemHUD",
    "node" : {
      "x" : 572.8,
      "y" : 292.3
    },
    "resourceReference" : "/ArsSubscribe/SystemHUD",
    "timestamp" : "2020-12-03T22:32:57.895Z",
    "type" : 9
  }, {
    "label" : "SystemStatus",
    "name" : "SystemStatus",
    "node" : {
      "x" : 217.1,
      "y" : 167.5
    },
    "resourceReference" : "/types/SystemStatus",
    "timestamp" : "2020-12-03T22:32:56.845Z",
    "type" : 1
  } ],
  "tools" : [ {
    "isPinned" : false,
    "name" : "EngineMonitor",
    "pane" : {
      "h" : 500,
      "w" : 760,
      "x" : 20,
      "y" : 610
    },
    "resourceKey" : "app/EngineMonitor",
    "state" : 3,
    "toolOptions" : { },
    "type" : 15
  }, {
    "isPinned" : false,
    "name" : "EngineSimulation",
    "pane" : {
      "h" : 860,
      "w" : 1270,
      "x" : 20,
      "y" : 1130
    },
    "resourceKey" : "client/EngineSimulation",
    "state" : 3,
    "toolOptions" : {
      "isRunning" : true
    },
    "type" : 63
  }, {
    "isPinned" : false,
    "name" : "EngineSimulation",
    "pane" : {
      "h" : 270,
      "w" : 600,
      "x" : 800,
      "y" : 370
    },
    "resourceKey" : "eventgenerator/EngineSimulation",
    "state" : 3,
    "type" : 111
  }, {
    "isPinned" : false,
    "name" : "Errors",
    "type" : 13
  }, {
    "dockLocation" : "top",
    "isPinned" : false,
    "name" : "Inactive Panes",
    "type" : 99
  }, {
    "isPinned" : false,
    "name" : "Project Contents",
    "type" : 2
  }, {
    "isPinned" : false,
    "name" : "Project Description",
    "pane" : {
      "h" : 570,
      "w" : 760,
      "x" : 20,
      "y" : 20
    },
    "state" : 3,
    "type" : 82
  }, {
    "isPinned" : false,
    "name" : "Project Resource Graph",
    "pane" : {
      "h" : 330,
      "w" : 600,
      "x" : 800,
      "y" : 20
    },
    "state" : 3,
    "toolOptions" : {
      "scaleAndTranslationState" : {
        "lastZoomRequest" : 0,
        "scale" : 0.7065222966800032,
        "translate" : [ 90.29519784870621, 45.56218739355269 ]
      }
    },
    "type" : 1
  }, {
    "isPinned" : false,
    "name" : "SystemHUD",
    "pane" : {
      "h" : 450,
      "w" : 600,
      "x" : 800,
      "y" : 660
    },
    "resourceKey" : "subscription/SystemHUD",
    "state" : 3,
    "type" : 7
  } ],
  "type" : "dev",
  "views" : [ {
    "name" : "Project Contents",
    "projectToolKeys" : [ "app/EngineMonitor", "client/EngineSimulation", "eventgenerator/EngineSimulation", "errorviewer/Errors", "tiledock/Inactive Panes", "list/Project Contents", "projectdescription/Project Description", "graph/Project Resource Graph", "subsubscribeeditor/SystemHUD" ]
  } ]
}