{
  "active" : true,
  "appType" : true,
  "ars_properties" : {
    "dataVersion" : 5,
    "graph" : {
      "coordinates" : {
        "Ingest" : {
          "x" : 0,
          "y" : -5
        },
        "PublishSpeed" : {
          "x" : 0,
          "y" : 200
        },
        "React" : {
          "x" : 0,
          "y" : 163.04754658826113
        },
        "SaveSpeed" : {
          "x" : 0,
          "y" : 136.09509317652223
        },
        "SensorReading" : {
          "x" : 0,
          "y" : 0
        }
      },
      "lastZoomRequest" : 0,
      "scale" : 0.6960370911521178,
      "translate" : [ 301.09164819289714, 126.46572713906991 ]
    },
    "groupSettings" : {
      "appGroupOpenHash" : {
        "actions" : true,
        "collab" : true,
        "component" : true,
        "custom" : true,
        "filters" : true,
        "flowControl" : true,
        "math" : true,
        "mobile" : true,
        "modifiers" : true,
        "nlp" : true,
        "serviceevents" : true,
        "vision" : true
      },
      "ctGroupOpenHash" : {
        "actions" : true,
        "mobile" : true
      },
      "ctServiceOpen" : true,
      "serviceGroupOpenHash" : {
        "Chat" : true,
        "NLCustomTest" : true,
        "NLTest" : true,
        "NatLangTutorial" : true,
        "Notification" : true,
        "Recommend" : true,
        "Utils" : true,
        "a-b-c-daphne" : true,
        "apps-services-ChatApp" : true,
        "apps-services-TestApp" : true,
        "apps-services-TestNotifyClose" : true,
        "com-vantiq-aService" : true,
        "com-vantiq-engines-EngineMonitor" : true,
        "io-fred-test2-Recommender" : true,
        "io-fred-test2-Utils" : true,
        "patient-monitoring-HeartRate" : true
      }
    },
    "isHidden" : false,
    "paletteWidth" : 170,
    "propertyWidth" : 280
  },
  "ars_relationships" : [ ],
  "assembly" : {
    "PublishSpeed" : {
      "configuration" : {
        "childStreams" : null,
        "eventTypeName" : "EngineSpeed",
        "parentStreams" : [ "SaveSpeed" ],
        "processedByClause" : null,
        "service" : "com.vantiq.engines.EngineMonitor"
      },
      "context" : "React",
      "downstreamReferences" : { },
      "pattern" : "PublishToService",
      "patternVersion" : 1,
      "uuid" : "a251719d-8f22-41c5-8dce-f00a3026f19d"
    },
    "SaveSpeed" : {
      "configuration" : {
        "childStreams" : [ "PublishSpeed" ],
        "imports" : null,
        "outboundBehavior" : "Emit original event",
        "outboundProperty" : null,
        "parentStreams" : [ "SensorReading" ],
        "procedure" : {
          "vailScript" : "// Update the value of state using event.\nvar curSpeed = event.speed    \nstate = curSpeed"
        },
        "resetFrequency" : null,
        "schema" : null,
        "stateProperty" : "speed"
      },
      "context" : "React",
      "downstreamReferences" : { },
      "name" : "SaveSpeed",
      "pattern" : "AccumulateState",
      "patternVersion" : 2,
      "uuid" : "e4370a56-1d23-4851-8f3c-5710c072aeea"
    },
    "SensorReading" : {
      "configuration" : {
        "childStreams" : [ "SaveSpeed" ],
        "condition" : "",
        "eventTypeName" : "SpeedEvent",
        "inboundResource" : "services",
        "inboundResourceId" : "com.vantiq.engines.EngineMonitor",
        "op" : null,
        "outboundResource" : null,
        "outboundResourceConfig" : null,
        "outboundResourceId" : null,
        "parentStreams" : [ ],
        "schema" : null,
        "upsert" : false
      },
      "context" : "Ingest",
      "downstreamReferences" : { },
      "pattern" : "EventStream",
      "patternVersion" : 2,
      "uuid" : "16dd3051-0937-45e6-8a18-1051b1ac72ee"
    }
  },
  "collaboratorRoles" : [ ],
  "contextualizedAssembly" : {
    "Ingest" : {
      "children" : [ "Analyze" ],
      "description" : "The events arriving from the configured event path",
      "name" : "Ingest",
      "type" : "Ingest",
      "uuid" : "a6cfa7a0-9068-41c5-84ef-e79f62b129ee"
    },
    "React" : {
      "children" : [ ],
      "description" : "React to the situation detected by taking the appropriate action",
      "name" : "React",
      "type" : "React",
      "uuid" : "77f4fac3-995d-42b6-8df8-b6381ecd549d"
    }
  },
  "description" : null,
  "disableBadging" : false,
  "entityRoles" : [ ],
  "isComponent" : false,
  "isEventHandler" : true,
  "keyTypes" : [ "system.collaborations" ],
  "name" : "com.vantiq.engines.EngineMonitor_SensorReading0_EventHandler",
  "writeFrequency" : null
}