{
  "active" : true,
  "appType" : true,
  "ars_properties" : {
    "dataVersion" : 5,
    "graph" : {
      "coordinates" : {
        "DetectSituation" : {
          "x" : -60.27028104141205,
          "y" : 220.7388009698818
        },
        "Diagnosis" : {
          "x" : -11.552236760406188,
          "y" : 348.2388009698817
        },
        "Ingest" : {
          "x" : 0,
          "y" : -5
        },
        "NoAlert" : {
          "x" : 84.66418137732646,
          "y" : 106.95521910761444
        },
        "NonSpeedOverheat" : {
          "x" : -206.55223676040612,
          "y" : 268.2388009698818
        },
        "OverheatCheck" : {
          "x" : -109.05223676040619,
          "y" : 108.2388009698818
        },
        "PublishStatus" : {
          "x" : -102.63432744906942,
          "y" : 477.01491173604126
        },
        "React" : {
          "x" : -102.63432744906942,
          "y" : 472.01491173604126
        },
        "RetrieveSpeed" : {
          "x" : -109.05223676040619,
          "y" : 188.2388009698818
        },
        "SensorReading" : {
          "x" : 0,
          "y" : 0
        },
        "SpeedOverheat" : {
          "x" : -11.552236760406188,
          "y" : 268.2388009698818
        }
      },
      "lastZoomRequest" : 3,
      "scale" : 0.7790699053923781,
      "translate" : [ 402.99736844925167, 64.41934280213226 ]
    },
    "groupSettings" : {
      "appGroupOpenHash" : {
        "actions" : true,
        "component" : true,
        "custom" : true,
        "filters" : true,
        "modifiers" : true,
        "nlp" : true,
        "vision" : true
      },
      "ctGroupOpenHash" : {
        "actions" : true,
        "mobile" : true
      },
      "ctServiceOpen" : true,
      "serviceGroupOpenHash" : {
        "Chat" : true,
        "NLCustomTest" : true,
        "NLTest" : true,
        "NatLangTutorial" : true,
        "Notification" : true,
        "Recommend" : true,
        "Utils" : true,
        "a-b-c-daphne" : true,
        "apps-services-ChatApp" : true,
        "apps-services-TestApp" : true,
        "apps-services-TestNotifyClose" : true,
        "com-vantiq-aService" : true,
        "com-vantiq-engines-EngineMonitor" : true,
        "io-fred-test2-Recommender" : true,
        "io-fred-test2-Utils" : true,
        "patient-monitoring-HeartRate" : true
      }
    },
    "isHidden" : false,
    "paletteWidth" : 162,
    "propertyWidth" : 280
  },
  "ars_relationships" : [ ],
  "assembly" : {
    "NoAlert" : {
      "configuration" : {
        "Diagnosis" : [ "PublishStatus" ],
        "condition" : [ {
          "expression" : "210",
          "op" : "<",
          "prop" : "temperature"
        } ],
        "parentStreams" : [ ],
        "transformation" : {
          "alertMsg" : {
            "expression" : "\"\"",
            "type" : "expression"
          }
        }
      },
      "context" : "DetectSituation",
      "downstreamReferences" : { },
      "downstreamUUIDS" : {
        "Diagnosis" : "c647f151-f246-41d1-ba10-363a85e080e3"
      },
      "isComponent" : true,
      "name" : "NoAlert",
      "pattern" : "FilterAndDiagnose",
      "rootTasks" : [ "NoAlert_Diagnose" ],
      "uuid" : "94c1b854-5e21-4bc3-ae8e-2f6d459408fb"
    },
    "NoAlert_AddDiagnosis" : {
      "componentReference" : "NoAlert",
      "configuration" : {
        "childStreams" : [ "PublishStatus" ],
        "enableBadging" : true,
        "imports" : null,
        "outboundResource" : null,
        "outboundResourceConfig" : null,
        "outboundResourceId" : null,
        "parentStreams" : [ "NoAlert_Diagnose" ],
        "schema" : null,
        "transformInPlace" : true,
        "transformation" : {
          "alertMsg" : {
            "expression" : "\"\"",
            "type" : "expression"
          }
        },
        "upsert" : false
      },
      "context" : "React",
      "downstreamReferences" : {
        "event" : "Diagnosis"
      },
      "name" : "NoAlert_AddDiagnosis",
      "pattern" : "Transformation",
      "patternVersion" : 2,
      "uuid" : "5cc8275d-af8a-4bcd-bc67-7cc9fd6ea4de"
    },
    "NoAlert_Diagnose" : {
      "componentReference" : "NoAlert",
      "configuration" : {
        "childStreams" : [ "NoAlert_AddDiagnosis" ],
        "condition" : [ {
          "expression" : "210",
          "op" : "<",
          "prop" : "temperature"
        } ],
        "enableBadging" : true,
        "imports" : null,
        "outboundResource" : null,
        "outboundResourceConfig" : null,
        "outboundResourceId" : null,
        "parentStreams" : [ "SensorReading" ],
        "upsert" : false
      },
      "context" : "DetectSituation",
      "downstreamReferences" : { },
      "isRoot" : true,
      "name" : "NoAlert_Diagnose",
      "pattern" : "Filter",
      "patternVersion" : 2,
      "uuid" : "9346d6d0-bd1a-4951-871d-4cf5159a9cb6"
    },
    "NonSpeedOverheat" : {
      "configuration" : {
        "Diagnosis" : [ "PublishStatus" ],
        "condition" : [ {
          "expression" : "45",
          "op" : "<",
          "prop" : "speed"
        } ],
        "parentStreams" : [ ],
        "transformation" : {
          "alertMsg" : {
            "expression" : "\"Your engine is overheating: check for a malfunctioning fan or a coolant leak.\"",
            "type" : "expression"
          }
        }
      },
      "context" : "DetectSituation",
      "downstreamReferences" : { },
      "downstreamUUIDS" : {
        "Diagnosis" : "0d166ce0-57c5-4337-be19-c65389fe5472"
      },
      "isComponent" : true,
      "name" : "NonSpeedOverheat",
      "pattern" : "FilterAndDiagnose",
      "rootTasks" : [ "NonSpeedOverheat_Diagnose" ],
      "uuid" : "0a6b8f2d-799e-4502-88fc-2c7d2a67d3dd"
    },
    "NonSpeedOverheat_AddDiagnosis" : {
      "componentReference" : "NonSpeedOverheat",
      "configuration" : {
        "childStreams" : [ "PublishStatus" ],
        "enableBadging" : true,
        "imports" : null,
        "outboundResource" : null,
        "outboundResourceConfig" : null,
        "outboundResourceId" : null,
        "parentStreams" : [ "NonSpeedOverheat_Diagnose" ],
        "schema" : null,
        "transformInPlace" : true,
        "transformation" : {
          "alertMsg" : {
            "expression" : "\"Your engine is overheating: check for a malfunctioning fan or a coolant leak.\"",
            "type" : "expression"
          }
        },
        "upsert" : false
      },
      "context" : "React",
      "downstreamReferences" : {
        "event" : "Diagnosis"
      },
      "name" : "NonSpeedOverheat_AddDiagnosis",
      "pattern" : "Transformation",
      "patternVersion" : 2,
      "uuid" : "5cc8275d-af8a-4bcd-bc67-7cc9fd6ea4de"
    },
    "NonSpeedOverheat_Diagnose" : {
      "componentReference" : "NonSpeedOverheat",
      "configuration" : {
        "childStreams" : [ "NonSpeedOverheat_AddDiagnosis" ],
        "condition" : [ {
          "expression" : "45",
          "op" : "<",
          "prop" : "speed"
        } ],
        "enableBadging" : true,
        "imports" : null,
        "outboundResource" : null,
        "outboundResourceConfig" : null,
        "outboundResourceId" : null,
        "parentStreams" : [ "RetrieveSpeed" ],
        "upsert" : false
      },
      "context" : "DetectSituation",
      "downstreamReferences" : { },
      "isRoot" : true,
      "name" : "NonSpeedOverheat_Diagnose",
      "pattern" : "Filter",
      "patternVersion" : 2,
      "uuid" : "9346d6d0-bd1a-4951-871d-4cf5159a9cb6"
    },
    "OverheatCheck" : {
      "configuration" : {
        "childStreams" : [ "RetrieveSpeed" ],
        "condition" : [ {
          "expression" : "210",
          "op" : ">=",
          "prop" : "temperature"
        } ],
        "imports" : null,
        "outboundResource" : null,
        "outboundResourceConfig" : null,
        "outboundResourceId" : null,
        "parentStreams" : [ "SensorReading" ],
        "upsert" : false
      },
      "context" : "DetectSituation",
      "downstreamReferences" : { },
      "name" : "OverheatCheck",
      "pattern" : "Filter",
      "patternVersion" : 2,
      "uuid" : "78501b1e-440f-4900-896a-855db0551a57"
    },
    "PublishStatus" : {
      "configuration" : {
        "childStreams" : null,
        "eventTypeName" : "EngineStatus",
        "parentStreams" : [ "SpeedOverheat_AddDiagnosis", "NonSpeedOverheat_AddDiagnosis", "NoAlert_AddDiagnosis" ],
        "processedByClause" : null,
        "service" : "com.vantiq.engines.EngineMonitor"
      },
      "context" : "React",
      "downstreamReferences" : { },
      "name" : "PublishStatus",
      "pattern" : "PublishToService",
      "patternVersion" : 1,
      "uuid" : "a251719d-8f22-41c5-8dce-f00a3026f19d"
    },
    "RetrieveSpeed" : {
      "configuration" : {
        "childStreams" : [ "NonSpeedOverheat", "SpeedOverheat" ],
        "imports" : null,
        "outboundResource" : null,
        "outboundResourceConfig" : null,
        "outboundResourceId" : null,
        "parentStreams" : [ "OverheatCheck" ],
        "schema" : null,
        "transformInPlace" : true,
        "transformation" : {
          "speed" : {
            "expression" : "com.vantiq.engines.EngineMonitor.speedGet()",
            "type" : "expression"
          }
        },
        "upsert" : false
      },
      "context" : "DetectSituation",
      "downstreamReferences" : { },
      "name" : "RetrieveSpeed",
      "pattern" : "Transformation",
      "patternVersion" : 2,
      "uuid" : "8093e27d-09bd-432f-b63b-e3cf09a98b27"
    },
    "SensorReading" : {
      "configuration" : {
        "childStreams" : [ "OverheatCheck", "NoAlert" ],
        "condition" : "",
        "eventTypeName" : "TemperatureEvent",
        "inboundResource" : "services",
        "inboundResourceId" : "com.vantiq.engines.EngineMonitor",
        "op" : null,
        "outboundResource" : null,
        "outboundResourceConfig" : null,
        "outboundResourceId" : null,
        "parentStreams" : [ ],
        "schema" : null,
        "upsert" : false
      },
      "context" : "Ingest",
      "downstreamReferences" : { },
      "name" : "SensorReading",
      "pattern" : "EventStream",
      "patternVersion" : 2,
      "uuid" : "16dd3051-0937-45e6-8a18-1051b1ac72ee"
    },
    "SpeedOverheat" : {
      "configuration" : {
        "Diagnosis" : [ "PublishStatus" ],
        "condition" : [ {
          "expression" : "45",
          "op" : ">=",
          "prop" : "speed"
        } ],
        "parentStreams" : [ ],
        "transformation" : {
          "alertMsg" : {
            "expression" : "\"Your engine is overheating: please reduce your speed.\"",
            "type" : "expression"
          }
        }
      },
      "context" : "DetectSituation",
      "downstreamReferences" : { },
      "downstreamUUIDS" : {
        "Diagnosis" : "1ab83f26-61b6-49fc-8dac-46f188d3df59"
      },
      "isComponent" : true,
      "name" : "SpeedOverheat",
      "pattern" : "FilterAndDiagnose",
      "rootTasks" : [ "SpeedOverheat_Diagnose" ],
      "uuid" : "4b3318bf-1954-47be-853a-fe4973fea93d"
    },
    "SpeedOverheat_AddDiagnosis" : {
      "componentReference" : "SpeedOverheat",
      "configuration" : {
        "childStreams" : [ "PublishStatus" ],
        "enableBadging" : true,
        "imports" : null,
        "outboundResource" : null,
        "outboundResourceConfig" : null,
        "outboundResourceId" : null,
        "parentStreams" : [ "SpeedOverheat_Diagnose" ],
        "schema" : null,
        "transformInPlace" : true,
        "transformation" : {
          "alertMsg" : {
            "expression" : "\"Your engine is overheating: please reduce your speed.\"",
            "type" : "expression"
          }
        },
        "upsert" : false
      },
      "context" : "React",
      "downstreamReferences" : {
        "event" : "Diagnosis"
      },
      "name" : "SpeedOverheat_AddDiagnosis",
      "pattern" : "Transformation",
      "patternVersion" : 2,
      "uuid" : "5cc8275d-af8a-4bcd-bc67-7cc9fd6ea4de"
    },
    "SpeedOverheat_Diagnose" : {
      "componentReference" : "SpeedOverheat",
      "configuration" : {
        "childStreams" : [ "SpeedOverheat_AddDiagnosis" ],
        "condition" : [ {
          "expression" : "45",
          "op" : ">=",
          "prop" : "speed"
        } ],
        "enableBadging" : true,
        "imports" : null,
        "outboundResource" : null,
        "outboundResourceConfig" : null,
        "outboundResourceId" : null,
        "parentStreams" : [ "RetrieveSpeed" ],
        "upsert" : false
      },
      "context" : "DetectSituation",
      "downstreamReferences" : { },
      "isRoot" : true,
      "name" : "SpeedOverheat_Diagnose",
      "pattern" : "Filter",
      "patternVersion" : 2,
      "uuid" : "9346d6d0-bd1a-4951-871d-4cf5159a9cb6"
    }
  },
  "collaboratorRoles" : [ ],
  "contextualizedAssembly" : {
    "DetectSituation" : {
      "children" : [ "React" ],
      "description" : "Determine if there is a significant situation which must be reported",
      "name" : "DetectSituation",
      "type" : "Detect",
      "uuid" : "42777352-4653-453c-bf80-407ada83f758"
    },
    "Ingest" : {
      "children" : [ "Analyze" ],
      "description" : "The events arriving from the configured event path",
      "name" : "Ingest",
      "type" : "Ingest",
      "uuid" : "542254ac-93a2-4e6a-8010-092e03805eaa"
    },
    "React" : {
      "children" : [ ],
      "description" : "React to the situation detected by taking the appropriate action",
      "name" : "React",
      "type" : "React",
      "uuid" : "d3ae07df-30cd-4eb1-9e89-364fbc48a19c"
    }
  },
  "description" : null,
  "disableBadging" : false,
  "entityRoles" : [ ],
  "isComponent" : false,
  "isEventHandler" : true,
  "keyTypes" : [ "system.collaborations" ],
  "name" : "com.vantiq.engines.EngineMonitor_SensorReading1_EventHandler",
  "writeFrequency" : null
}