{
  "active" : true,
  "appType" : true,
  "ars_properties" : {
    "dataVersion" : 5,
    "graph" : {
      "lastZoomRequest" : 0,
      "scale" : 1.8960271901790695,
      "translate" : [ 440.91004187591943, 64.47973717851164 ]
    },
    "groupSettings" : {
      "appGroupOpenHash" : {
        "component" : true
      },
      "ctGroupOpenHash" : {
        "actions" : true,
        "mobile" : true
      },
      "ctServiceOpen" : false,
      "serviceGroupOpenHash" : { }
    },
    "paletteWidth" : 170,
    "propertyWidth" : 280
  },
  "ars_relationships" : [ ],
  "assembly" : {
    "DetectMalfunction" : {
      "configuration" : {
        "MalfunctionDetected" : [ "EngineMalfunction" ],
        "TransformedEvent" : [ "OutboundSpeed" ],
        "parentStreams" : [ ]
      },
      "downstreamUUIDS" : {
        "MalfunctionDetected" : "acc73a25-55f9-45b7-ab27-833f249a0bad",
        "TransformedEvent" : "6c4e9a0b-ecfd-4558-9e47-478fcbb9ab2e"
      },
      "isComponent" : true,
      "pattern" : "DetectMalfunction",
      "rootTask" : "DetectMalfunction_Transformation",
      "uuid" : "d5cc7208-3d25-457f-ba0a-0b885c1f7761"
    },
    "DetectMalfunction_Transformation" : {
      "componentReference" : "DetectMalfunction",
      "configuration" : {
        "childStreams" : [ "OutboundSpeed", "DetectMalfunction_generateAlertMessage" ],
        "enableBadging" : true,
        "parentStreams" : [ "EventStream" ],
        "transformInPlace" : false,
        "transformation" : {
          "speed" : {
            "expression" : "event.speed",
            "type" : "expression"
          },
          "systemId" : {
            "expression" : "event.systemId",
            "type" : "expression"
          },
          "temperature" : {
            "expression" : "event.temperature",
            "type" : "expression"
          }
        },
        "upsert" : false
      },
      "downstreamReference" : "TransformedEvent",
      "isRoot" : true,
      "name" : "DetectMalfunction_Transformation",
      "pattern" : "Transformation",
      "patternVersion" : 1
    },
    "DetectMalfunction_generateAlertMessage" : {
      "componentReference" : "DetectMalfunction",
      "configuration" : {
        "childStreams" : [ "DetectMalfunction_isMalfunctionDetected" ],
        "enableBadging" : true,
        "parameters" : {
          "maxSpeed" : "45",
          "maxTemp" : "210",
          "sensorEvent" : "event"
        },
        "parentStreams" : [ "DetectMalfunction_Transformation" ],
        "procedure" : "com.vantiq.engines.EngineMonitor.generateAlertMessage",
        "returnBehavior" : "Use Return Value as Outbound event"
      },
      "name" : "DetectMalfunction_generateAlertMessage",
      "pattern" : "Procedure",
      "patternVersion" : 1
    },
    "DetectMalfunction_isMalfunctionDetected" : {
      "componentReference" : "DetectMalfunction",
      "configuration" : {
        "childStreams" : [ "EngineMalfunction" ],
        "condition" : "event.alertMsg != null",
        "enableBadging" : true,
        "parentStreams" : [ "DetectMalfunction_generateAlertMessage" ],
        "upsert" : false
      },
      "downstreamReference" : "MalfunctionDetected",
      "name" : "DetectMalfunction_isMalfunctionDetected",
      "pattern" : "Filter",
      "patternVersion" : 1
    },
    "EngineMalfunction" : {
      "pattern": "PublishToService",
        "configuration": {
           "service": "com.vantiq.engines.EngineMonitor",
           "eventTypeName": "EngineMalfunction"
        }
    },
    "EventStream" : {
      "configuration" : {
        "childStreams" : [ "DetectMalfunction" ],
        "inboundResource" : "services",
        "inboundResourceId" : "com.vantiq.engines.EngineMonitor",
        "eventTypeName": "SpeedEvent",
        "parentStreams" : [ ]
      },
      "pattern" : "EventStream",
      "patternVersion" : 1,
      "uuid" : "bf7d9c5e-fcec-4f35-b84d-6111152828e2"
    },
    "OutboundSpeed" : {
      "pattern": "PublishToService",
        "configuration": {
           "service": "com.vantiq.engines.EngineMonitor",
           "eventTypeName": "OutboundSpeed"
        }
    }
  },
  "boundService" : "com.vantiq.engines.EngineMonitor",
  "collaboratorRoles" : [ ],
  "disableBadging" : false,
  "entityRoles" : [ ],
  "isComponent" : false,
  "isEventHandler" : true,
  "keyTypes" : [ "system.collaborations" ],
  "name" : "com.vantiq.engines.EngineMonitor_SpeedEvent_EventHandler"
}