{
  "ars_relationships" : [ ],
  "links" : [ {
    "source" : "app/com.vantiq.engines.IngestExternalSensorEventsService.IngestExternalEvents0",
    "target" : "services/com.vantiq.engines.IngestExternalSensorEventsService"
  }, {
    "source" : "app/com.vantiq.engines.IngestExternalSensorEventsService.IngestExternalEvents1",
    "target" : "services/com.vantiq.engines.IngestExternalSensorEventsService"
  }, {
    "source" : "designmodel/com.vantiq.engines.EngineMonitor",
    "target" : "services/com.vantiq.engines.IngestExternalSensorEventsService"
  }, {
    "source" : "services/com.vantiq.engines.EngineMonitor",
    "target" : "document/com.vantiq.engines.EngineMonitor.js"
  }, {
    "source" : "services/com.vantiq.engines.IngestExternalSensorEventsService",
    "target" : "document/com.vantiq.engines.IngestExternalSensorEventsService.js"
  }, {
    "source" : "services/com.vantiq.engines.EngineMonitor",
    "target" : "procedure/com.vantiq.engines.EngineMonitor.speedReset"
  }, {
    "source" : "services/com.vantiq.engines.EngineMonitor",
    "target" : "procedure/com.vantiq.engines.EngineMonitor.speedGet"
  }, {
    "source" : "services/com.vantiq.engines.EngineMonitor",
    "target" : "procedure/com.vantiq.engines.EngineMonitor.speedUpdate"
  }, {
    "source" : "services/com.vantiq.engines.EngineMonitor",
    "target" : "type/com.vantiq.engines.EngineMonitor.GlobalState"
  }, {
    "source" : "procedure/com.vantiq.engines.EngineMonitor.speedReset",
    "target" : "services/com.vantiq.engines.EngineMonitor"
  }, {
    "source" : "procedure/com.vantiq.engines.EngineMonitor.speedGet",
    "target" : "services/com.vantiq.engines.EngineMonitor"
  }, {
    "source" : "procedure/com.vantiq.engines.EngineMonitor.speedUpdate",
    "target" : "services/com.vantiq.engines.EngineMonitor"
  }, {
    "source" : "source/com.vantiq.engines.SpeedSensor",
    "target" : "app/com.vantiq.engines.IngestExternalSensorEventsService.IngestExternalEvents0"
  }, {
    "source" : "source/com.vantiq.engines.TemperatureSensor",
    "target" : "app/com.vantiq.engines.IngestExternalSensorEventsService.IngestExternalEvents1"
  }, {
    "source" : "services/com.vantiq.engines.EngineMonitor",
    "target" : "type/com.vantiq.engines.SpeedEvent"
  }, {
    "source" : "client/com.vantiq.engines.EngineMonitor",
    "target" : "services/com.vantiq.engines.EngineMonitor"
  }, {
    "source" : "designmodel/com.vantiq.engines.EngineMonitor",
    "target" : "services/com.vantiq.engines.EngineMonitor"
  }, {
    "source" : "app/com.vantiq.engines.IngestExternalSensorEventsService.IngestExternalEvents1",
    "target" : "source/com.vantiq.engines.TemperatureSensor"
  }, {
    "source" : "app/com.vantiq.engines.IngestExternalSensorEventsService.IngestExternalEvents0",
    "target" : "source/com.vantiq.engines.SpeedSensor"
  }, {
    "source" : "services/com.vantiq.engines.EngineMonitor",
    "target" : "app/com.vantiq.engines.EngineMonitor_SensorReading1"
  }, {
    "source" : "app/com.vantiq.engines.EngineMonitor_SensorReading1",
    "target" : "app/FilterAndDiagnose"
  }, {
    "source" : "app/com.vantiq.engines.EngineMonitor_SensorReading0",
    "target" : "services/com.vantiq.engines.EngineMonitor"
  }, {
    "source" : "app/com.vantiq.engines.EngineMonitor_SensorReading1",
    "target" : "services/com.vantiq.engines.EngineMonitor"
  }, {
    "source" : "app/com.vantiq.engines.EngineMonitor_SensorReading0",
    "target" : "procedure/com.vantiq.engines.EngineMonitor.speedUpdate"
  }, {
    "source" : "services/com.vantiq.engines.EngineMonitor",
    "target" : "app/com.vantiq.engines.EngineMonitor_SensorReading0"
  }, {
    "source" : "designmodel/com.vantiq.engines.EngineMonitor",
    "target" : "client/com.vantiq.engines.EngineMonitor"
  } ],
  "name" : "EngineMonitorProject",
  "options" : {
    "description" : "The Engine Monitor tutorial walks through developing and testing a Vantiq Design Model to monitor the speed and temperature of an engine. This Tutorial walks through creating an App Component to commonize the code in one of the event handlers.\n\nBelow is a brief description of the EngineMonitorService: The SpeedEvent and TemperatureEvent Inbound Event Types are implemented with Visual Event Handlers to process the stream of sensor readings and detect malfunction conditions in the engine. A Client is used to visualize the data and display any alerts as they occur.\n\n**Please note**: the engine sensor data is read from two public MQTT Sources that are disabled by default in this Project. Use the Active Resource Control Center (seen below) to activate the *SpeedSensor* and *TemperatureSensor* Sources by clicking their **Active** slider.",
    "dockCollapsed" : {
      "bottom" : true,
      "left" : false,
      "right" : false,
      "top" : false,
      "viewtabs" : false
    },
    "dockDimensions" : {
      "bottom" : 200,
      "debug" : [ 0, 0, 0 ],
      "left" : 220,
      "right" : 220,
      "top" : 0,
      "viewtabs" : 0
    },
    "dockSort" : 1,
    "exclusionList" : [ "type/DeleteMe1", "type/com.vantiq.engines.DeleteMe" ],
    "filterBitArray" : "ffffffffffffffffffffffffffffffff",
    "isModeloProject" : true,
    "layoutStyle" : "tile",
    "openFolders" : [ "com.vantiq.engines/client", "com.vantiq.engines/designmodel", "com.vantiq.engines/services", "com.vantiq.engines/source", "com.vantiq.engines/type" ],
    "rootViewFlavor" : 5,
    "showGrid" : true,
    "tileColumns" : 2,
    "tileRows" : 2,
    "type" : "dev",
    "v" : 5,
    "viewUUID" : "MAINVIEW"
  },
  "resources" : [ {
    "label" : "FilterAndDiagnose",
    "name" : "FilterAndDiagnose",
    "resourceReference" : "/collaborationtypes/FilterAndDiagnose",
    "timestamp" : "2023-01-26T02:10:26.697Z",
    "type" : 12
  }, {
    "label" : "com.vantiq.engines.EngineMonitor",
    "name" : "com.vantiq.engines.EngineMonitor",
    "resourceReference" : "/system.designmodels/com.vantiq.engines.EngineMonitor",
    "timestamp" : "2023-01-26T02:10:18.813Z",
    "type" : 75
  }, {
    "label" : "com.vantiq.engines.EngineMonitor",
    "name" : "com.vantiq.engines.EngineMonitor",
    "resourceReference" : "/system.services/com.vantiq.engines.EngineMonitor",
    "timestamp" : "2023-01-26T02:10:49.710Z",
    "type" : 63
  }, {
    "label" : "com.vantiq.engines.EngineMonitor",
    "name" : "com.vantiq.engines.EngineMonitor",
    "resourceReference" : "/system.clients/com.vantiq.engines.EngineMonitor",
    "timestamp" : "2023-01-26T02:10:18.258Z",
    "type" : 15
  }, {
    "label" : "com.vantiq.engines.EngineMonitor.GlobalState",
    "name" : "com.vantiq.engines.EngineMonitor.GlobalState",
    "resourceReference" : "/types/com.vantiq.engines.EngineMonitor.GlobalState",
    "timestamp" : "2023-01-26T02:10:39.707Z",
    "type" : 1
  }, {
    "label" : "com.vantiq.engines.EngineMonitor.js",
    "name" : "com.vantiq.engines.EngineMonitor.js",
    "resourceReference" : "/documents/com.vantiq.engines.EngineMonitor.js",
    "timestamp" : "2023-01-26T02:10:52.363Z",
    "type" : 19
  }, {
    "label" : "com.vantiq.engines.EngineMonitor.speedGet",
    "name" : "com.vantiq.engines.EngineMonitor.speedGet",
    "packageName" : "com.vantiq.engines",
    "procedureName" : "speedGet",
    "resourceReference" : "/procedures/com.vantiq.engines.EngineMonitor.speedGet",
    "serviceName" : "EngineMonitor",
    "timestamp" : "2023-01-26T02:10:40.013Z",
    "type" : 3
  }, {
    "label" : "com.vantiq.engines.EngineMonitor.speedReset",
    "name" : "com.vantiq.engines.EngineMonitor.speedReset",
    "packageName" : "com.vantiq.engines",
    "procedureName" : "speedReset",
    "resourceReference" : "/procedures/com.vantiq.engines.EngineMonitor.speedReset",
    "serviceName" : "EngineMonitor",
    "timestamp" : "2023-01-26T02:10:49.575Z",
    "type" : 3
  }, {
    "label" : "com.vantiq.engines.EngineMonitor.speedUpdate",
    "name" : "com.vantiq.engines.EngineMonitor.speedUpdate",
    "packageName" : "com.vantiq.engines",
    "procedureName" : "speedUpdate",
    "resourceReference" : "/procedures/com.vantiq.engines.EngineMonitor.speedUpdate",
    "serviceName" : "EngineMonitor",
    "timestamp" : "2023-01-26T02:10:46.312Z",
    "type" : 3
  }, {
    "name" : "com.vantiq.engines.EngineMonitor_SensorReading0",
    "resourceReference" : "/collaborationtypes/com.vantiq.engines.EngineMonitor_SensorReading0",
    "timestamp" : "2023-01-26T02:10:36.307Z",
    "type" : 12
  }, {
    "name" : "com.vantiq.engines.EngineMonitor_SensorReading1",
    "resourceReference" : "/collaborationtypes/com.vantiq.engines.EngineMonitor_SensorReading1",
    "timestamp" : "2023-01-26T02:10:29.828Z",
    "type" : 12
  }, {
    "label" : "com.vantiq.engines.IngestExternalSensorEventsService",
    "name" : "com.vantiq.engines.IngestExternalSensorEventsService",
    "resourceReference" : "/system.services/com.vantiq.engines.IngestExternalSensorEventsService",
    "timestamp" : "2023-01-26T02:10:19.470Z",
    "type" : 63
  }, {
    "label" : "com.vantiq.engines.IngestExternalSensorEventsService.IngestExternalEvents0",
    "name" : "com.vantiq.engines.IngestExternalSensorEventsService.IngestExternalEvents0",
    "resourceReference" : "/collaborationtypes/com.vantiq.engines.IngestExternalSensorEventsService.IngestExternalEvents0",
    "timestamp" : "2023-01-26T02:10:29.311Z",
    "type" : 12
  }, {
    "label" : "com.vantiq.engines.IngestExternalSensorEventsService.IngestExternalEvents1",
    "name" : "com.vantiq.engines.IngestExternalSensorEventsService.IngestExternalEvents1",
    "resourceReference" : "/collaborationtypes/com.vantiq.engines.IngestExternalSensorEventsService.IngestExternalEvents1",
    "timestamp" : "2023-01-26T02:10:29.319Z",
    "type" : 12
  }, {
    "label" : "com.vantiq.engines.IngestExternalSensorEventsService.js",
    "name" : "com.vantiq.engines.IngestExternalSensorEventsService.js",
    "resourceReference" : "/documents/com.vantiq.engines.IngestExternalSensorEventsService.js",
    "timestamp" : "2023-01-26T02:10:19.560Z",
    "type" : 19
  }, {
    "label" : "com.vantiq.engines.SpeedEvent",
    "name" : "com.vantiq.engines.SpeedEvent",
    "resourceReference" : "/types/com.vantiq.engines.SpeedEvent",
    "timestamp" : "2023-01-26T02:10:18.182Z",
    "type" : 1
  }, {
    "label" : "com.vantiq.engines.SpeedSensor",
    "name" : "com.vantiq.engines.SpeedSensor",
    "resourceReference" : "/sources/com.vantiq.engines.SpeedSensor",
    "timestamp" : "2023-01-26T02:10:19.283Z",
    "type" : 4
  }, {
    "label" : "com.vantiq.engines.StatusEvent",
    "name" : "com.vantiq.engines.StatusEvent",
    "resourceReference" : "/types/com.vantiq.engines.StatusEvent",
    "timestamp" : "2023-01-26T02:10:18.182Z",
    "type" : 1
  }, {
    "label" : "com.vantiq.engines.TemperatureSensor",
    "name" : "com.vantiq.engines.TemperatureSensor",
    "resourceReference" : "/sources/com.vantiq.engines.TemperatureSensor",
    "timestamp" : "2023-01-26T02:10:19.283Z",
    "type" : 4
  } ],
  "tools" : [ {
    "isPinned" : false,
    "name" : "Active Resource Control Center",
    "pane" : {
      "c" : 0,
      "r" : 1
    },
    "state" : 2,
    "type" : 122
  }, {
    "isPinned" : false,
    "name" : "Errors",
    "type" : 13
  }, {
    "dockLocation" : "top",
    "isPinned" : false,
    "name" : "Inactive Panes",
    "type" : 99
  }, {
    "isPinned" : false,
    "name" : "Project Contents",
    "type" : 2
  }, {
    "isPinned" : false,
    "name" : "Project Description",
    "pane" : {
      "c" : 0,
      "r" : 0
    },
    "state" : 2,
    "type" : 82
  }, {
    "isPinned" : false,
    "name" : "com.vantiq.engines.EngineMonitor",
    "pane" : {
      "c" : 1,
      "r" : 1
    },
    "resourceKey" : "client/com.vantiq.engines.EngineMonitor",
    "state" : 2,
    "toolOptions" : {
      "isRunning" : true
    },
    "type" : 63
  }, {
    "isPinned" : false,
    "name" : "com.vantiq.engines.EngineMonitor",
    "pane" : {
      "c" : 1,
      "r" : 0
    },
    "resourceKey" : "designmodel/com.vantiq.engines.EngineMonitor",
    "state" : 2,
    "type" : 121
  } ],
  "type" : "dev",
  "views" : [ {
    "name" : "Project Contents",
    "projectToolKeys" : [ "activeResources/Active Resource Control Center", "errorviewer/Errors", "tiledock/Inactive Panes", "list/Project Contents", "projectdescription/Project Description", "client/com.vantiq.engines.EngineMonitor", "designmodel/com.vantiq.engines.EngineMonitor" ]
  } ]
}