{
  "active" : true,
  "appType" : true,
  "assembly" : {
    "PotholeReporter" : {
      "configuration" : {
        "childStreams" : [ "TransformStream" ],
        "condition" : null,
        "inboundResource" : "topics",
        "inboundResourceId" : "/vantiq/appmodel/PotholeReporter/submitTopic",
        "op" : null,
        "outboundResource" : null,
        "outboundResourceConfig" : null,
        "outboundResourceId" : null,
        "schema" : null,
        "upsert" : null
      },
      "description" : null,
      "pattern" : "EventStream"
    },
    "StartNotifyReporter" : {
      "configuration" : {
        "collaboration" : "NotifyReporter",
        "entityConstraint" : "_id==event._id",
        "entityType" : "Pothole"
      },
      "description" : "Used to bridge between this App and the Collaboration Type below. The default Configuration parameters above are usually sufficient but may be modified to limit when the Collaboration Type is triggered.",
      "pattern" : "StartCollaboration"
    },
    "StartNotifyTeam" : {
      "configuration" : {
        "collaboration" : "NotifyTeam",
        "entityConstraint" : "_id==event._id",
        "entityType" : "Pothole"
      },
      "description" : "Used to bridge between this App and the Collaboration Type below. The default Configuration parameters above are usually sufficient but may be modified to limit when the Collaboration Type is triggered.",
      "pattern" : "StartCollaboration"
    },
    "StatusUpdated" : {
      "configuration" : {
        "childStreams" : [ "StartNotifyReporter" ],
        "inboundResource" : "types",
        "inboundResourceId" : "Pothole",
        "op" : "UPDATE",
        "outboundResource" : null,
        "outboundResourceId" : null,
        "schema" : "Pothole",
        "upsert" : false
      },
      "description" : null,
      "pattern" : "EventStream"
    },
    "StoreReport" : {
      "configuration" : {
        "childStreams" : [ "StartNotifyTeam" ],
        "type" : "Pothole",
        "upsert" : false
      },
      "description" : null,
      "pattern" : "SaveToType"
    },
    "TransformStream" : {
      "configuration" : {
        "childStreams" : [ "StoreReport" ],
        "outboundResource" : null,
        "outboundResourceId" : null,
        "schema" : null,
        "transformation" : {
          "description" : {
            "expression" : "event.values.InputString1",
            "type" : "expression"
          },
          "location" : {
            "expression" : "{\"type\":\"Point\", \"coordinates\":[event.arsInfo.responseLocation.longitude,event.arsInfo.responseLocation.latitude]}",
            "type" : "expression"
          },
          "potholeID" : {
            "expression" : "uuid()",
            "type" : "expression"
          },
          "reporter" : {
            "expression" : "event.username",
            "type" : "expression"
          }
        },
        "upsert" : false
      },
      "description" : "Used to transform data from the EventStream into usable properties. Please review the Configuration parameters above and edit the transformations as needed before adding tasks below this task.",
      "pattern" : "Transformation"
    }
  },
  "collaboratorRoles" : [ ],
  "currentState" : {
    "code" : "success"
  },
  "description" : "",
  "entityRoles" : [ ],
  "keyTypes" : [ "system.collaborations" ],
  "name" : "PotholeReporter"
}