{
  "controllers" : {
    "client" : { },
    "dataStream" : { },
    "page" : {
      "Start" : {
        "widgets" : { }
      }
    }
  },
  "isLaunchable" : false,
  "models" : {
    "dataObjects" : {
      "__GLOBAL__" : {
        "properties" : { }
      },
      "__PARAMETERS__" : {
        "properties" : { }
      }
    },
    "dataStreams" : [ ]
  },
  "name" : "FirstResponderResponse",
  "options" : {
    "badgeCount" : 0,
    "description" : "",
    "showGridWhileEditing" : false,
    "theme" : {
      "accentColor1" : "#040fdb",
      "backgroundColor" : "#f0f2f5",
      "borderColor" : "#000000",
      "foregroundColor" : "#000000",
      "label" : "Light",
      "name" : "light",
      "v" : 2
    },
    "v" : 3
  },
  "targetDevice" : "mobile",
  "views" : {
    "Start" : {
      "bodyChildren" : [ {
        "actionMenuLabel" : null,
        "actionMenuTopic" : null,
        "borderColor" : "Default",
        "borderWidth" : 0,
        "buttonBackgroundColor" : "platform",
        "buttonLabel" : "Acknowledged for ${ratepatient.patientId}",
        "buttonLabelColor" : "#10a103",
        "buttonLabelSize" : 22,
        "buttonLabelStyle" : "plain",
        "h" : 56,
        "heightPolicy" : 0,
        "horzGravity" : 4,
        "horzMargin" : 10,
        "innerMargin" : 0,
        "isDraggable" : true,
        "isSelectable" : true,
        "label" : "",
        "labelAlign" : "center",
        "labelColor" : "#000000",
        "labelFontSize" : 14,
        "labelStyle" : "plain",
        "name" : "Button3",
        "type" : "PIInlineButton",
        "v" : 12,
        "value" : 0,
        "vertGravity" : 4,
        "vertMargin" : 10,
        "w" : 370,
        "widthPolicy" : 2,
        "x" : 5,
        "y" : 5
      } ],
      "data" : {
        "properties" : { }
      },
      "fields" : [ ],
      "footerChildren" : [ ],
      "layoutType" : "mobile",
      "responseTopic" : "/my/response/topic"
    }
  }
}