{
  "ars_relationships" : [ ],
  "links" : [ {
    "source" : "services/patient.monitoring.HeartRate",
    "target" : "document/patient.monitoring.HeartRate.js"
  }, {
    "source" : "services/patient.monitoring.HeartRate",
    "target" : "procedure/patient.monitoring.HeartRate.generateHeartRate"
  }, {
    "source" : "procedure/patient.monitoring.HeartRate.generateHeartRate",
    "target" : "services/patient.monitoring.HeartRate"
  }, {
    "source" : "client/PatientResponse",
    "target" : "topic//vantiq/systemmodel/PatientResponse/submitTopic"
  }, {
    "source" : "services/patient.monitoring.HeartRate",
    "target" : "type/patient.monitoring.HeartRate.PartitionedState"
  }, {
    "source" : "client/FirstResponderResponse",
    "target" : "topic//vantiq/systemmodel/FirstResponderResponse/submitTopic"
  }, {
    "source" : "services/patient.monitoring.HeartRate",
    "target" : "type/patient.monitoring.HeartRate.MonitorReading"
  }, {
    "source" : "app/patient.monitoring.HeartRate.MonitorReading",
    "target" : "services/patient.monitoring.HeartRate"
  }, {
    "source" : "services/patient.monitoring.HeartRate",
    "target" : "app/patient.monitoring.HeartRate.MonitorReading"
  }, {
    "source" : "procedure/patient.monitoring.HeartRate.ActiveCollabsGetById",
    "target" : "procedure/patient.monitoring.HeartRate.ActiveCollabsOnLoad"
  }, {
    "source" : "procedure/patient.monitoring.HeartRate.ActiveCollabsGetById",
    "target" : "services/patient.monitoring.HeartRate"
  }, {
    "source" : "services/patient.monitoring.HeartRate",
    "target" : "procedure/patient.monitoring.HeartRate.ActiveCollabsGetById"
  }, {
    "source" : "services/patient.monitoring.HeartRate",
    "target" : "procedure/patient.monitoring.HeartRate.ActiveCollabsCloseAll"
  }, {
    "source" : "services/patient.monitoring.HeartRate",
    "target" : "procedure/patient.monitoring.HeartRate.ActiveCollabsOnClose"
  }, {
    "source" : "services/patient.monitoring.HeartRate",
    "target" : "procedure/patient.monitoring.HeartRate.ActiveCollabsReset"
  }, {
    "source" : "services/patient.monitoring.HeartRate",
    "target" : "procedure/patient.monitoring.HeartRate.ActiveCollabsWriteAll"
  }, {
    "source" : "services/patient.monitoring.HeartRate",
    "target" : "procedure/patient.monitoring.HeartRate.ActiveCollabsGetAll"
  }, {
    "source" : "services/patient.monitoring.HeartRate",
    "target" : "procedure/patient.monitoring.HeartRate.CollabIdsByEntityStoreId"
  }, {
    "source" : "services/patient.monitoring.HeartRate",
    "target" : "procedure/patient.monitoring.HeartRate.ActiveCollabsOnStore"
  }, {
    "source" : "services/patient.monitoring.HeartRate",
    "target" : "procedure/patient.monitoring.HeartRate.ActiveCollabsOnLoad"
  }, {
    "source" : "services/patient.monitoring.HeartRate",
    "target" : "procedure/patient.monitoring.HeartRate.ActiveCollabsUpdateStatus"
  }, {
    "source" : "app/patient.monitoring.HeartRate.MonitorReading",
    "target" : "procedure/patient.monitoring.HeartRate.ActiveCollabsUpdateStatus"
  }, {
    "source" : "app/patient.monitoring.HeartRate.MonitorReading",
    "target" : "procedure/patient.monitoring.HeartRate.ActiveCollabsGetById"
  }, {
    "source" : "procedure/patient.monitoring.HeartRate.ActiveCollabsUpdateStatus",
    "target" : "services/patient.monitoring.HeartRate"
  }, {
    "source" : "procedure/patient.monitoring.HeartRate.ActiveCollabsUpdateStatus",
    "target" : "procedure/patient.monitoring.HeartRate.ActiveCollabsOnClose"
  }, {
    "source" : "procedure/patient.monitoring.HeartRate.ActiveCollabsGetAll",
    "target" : "services/patient.monitoring.HeartRate"
  }, {
    "source" : "procedure/patient.monitoring.HeartRate.ActiveCollabsOnLoad",
    "target" : "services/patient.monitoring.HeartRate"
  }, {
    "source" : "procedure/patient.monitoring.HeartRate.ActiveCollabsCloseAll",
    "target" : "procedure/patient.monitoring.HeartRate.ActiveCollabsOnClose"
  }, {
    "source" : "procedure/patient.monitoring.HeartRate.ActiveCollabsCloseAll",
    "target" : "procedure/patient.monitoring.HeartRate.ActiveCollabsWriteAll"
  }, {
    "source" : "procedure/patient.monitoring.HeartRate.ActiveCollabsCloseAll",
    "target" : "services/patient.monitoring.HeartRate"
  }, {
    "source" : "procedure/patient.monitoring.HeartRate.ActiveCollabsWriteAll",
    "target" : "services/patient.monitoring.HeartRate"
  }, {
    "source" : "procedure/patient.monitoring.HeartRate.ActiveCollabsWriteAll",
    "target" : "procedure/patient.monitoring.HeartRate.ActiveCollabsOnStore"
  }, {
    "source" : "procedure/patient.monitoring.HeartRate.CollabIdsByEntityStoreId",
    "target" : "services/patient.monitoring.HeartRate"
  }, {
    "source" : "procedure/patient.monitoring.HeartRate.ActiveCollabsOnStore",
    "target" : "services/patient.monitoring.HeartRate"
  }, {
    "source" : "procedure/patient.monitoring.HeartRate.ActiveCollabsOnClose",
    "target" : "services/patient.monitoring.HeartRate"
  }, {
    "source" : "procedure/patient.monitoring.HeartRate.ActiveCollabsReset",
    "target" : "services/patient.monitoring.HeartRate"
  }, {
    "source" : "procedure/patient.monitoring.HeartRate.ActiveCollabsUpdateAssignPatient_MonitorReading",
    "target" : "services/patient.monitoring.HeartRate"
  }, {
    "source" : "services/patient.monitoring.HeartRate",
    "target" : "procedure/patient.monitoring.HeartRate.ActiveCollabsUpdateAssignPatient_MonitorReading"
  }, {
    "source" : "procedure/patient.monitoring.HeartRate.ActiveCollabsUpdateAssignPatient_MonitorReading",
    "target" : "procedure/patient.monitoring.HeartRate.ActiveCollabsGetById"
  }, {
    "source" : "services/patient.monitoring.HeartRate",
    "target" : "procedure/patient.monitoring.HeartRate.ActiveCollabsUpdateNotifyPatient_MonitorReading"
  }, {
    "source" : "services/patient.monitoring.HeartRate",
    "target" : "procedure/patient.monitoring.HeartRate.ActiveCollabsUpdateNotifyFirstResponder_MonitorReading"
  }, {
    "source" : "app/patient.monitoring.HeartRate.MonitorReading",
    "target" : "procedure/patient.monitoring.HeartRate.ActiveCollabsUpdateNotifyFirstResponder_MonitorReading"
  }, {
    "source" : "app/patient.monitoring.HeartRate.MonitorReading",
    "target" : "procedure/patient.monitoring.HeartRate.ActiveCollabsUpdateAssignPatient_MonitorReading"
  }, {
    "source" : "app/patient.monitoring.HeartRate.MonitorReading",
    "target" : "procedure/patient.monitoring.HeartRate.ActiveCollabsUpdateNotifyPatient_MonitorReading"
  }, {
    "source" : "procedure/patient.monitoring.HeartRate.ActiveCollabsUpdateNotifyPatient_MonitorReading",
    "target" : "procedure/patient.monitoring.HeartRate.ActiveCollabsGetById"
  }, {
    "source" : "procedure/patient.monitoring.HeartRate.ActiveCollabsUpdateNotifyPatient_MonitorReading",
    "target" : "services/patient.monitoring.HeartRate"
  }, {
    "source" : "procedure/patient.monitoring.HeartRate.ActiveCollabsUpdateNotifyFirstResponder_MonitorReading",
    "target" : "services/patient.monitoring.HeartRate"
  }, {
    "source" : "procedure/patient.monitoring.HeartRate.ActiveCollabsUpdateNotifyFirstResponder_MonitorReading",
    "target" : "procedure/patient.monitoring.HeartRate.ActiveCollabsGetById"
  } ],
  "name" : "PatientMonitor",
  "options" : {
    "description" : "Introduction to Collaborations\n\nThis project contains the patient.monitoringHeartRate Service which defines the MonitorReading Event Handler. This event Handler detects when a patient has an unusual and dangerous heart rate. First, the patient is asked whether they are okay or require assistance. If the patient replies that they require assistance or does not reply within 90 seconds, a first responder is notified and dispatched.\n",
    "dockCollapsed" : {
      "bottom" : true,
      "left" : false,
      "right" : false,
      "top" : false,
      "viewtabs" : false
    },
    "dockDimensions" : {
      "bottom" : 200,
      "debug" : [ 0, 0, 0 ],
      "left" : 210,
      "right" : 220,
      "top" : 0,
      "viewtabs" : 0
    },
    "dockSort" : 1,
    "filterBitArray" : "ffffffffffffffffffffffffffffffff",
    "isModeloProject" : true,
    "layoutStyle" : "tile",
    "openFolders" : [ "client" ],
    "rootViewFlavor" : 5,
    "showGrid" : true,
    "tileColumns" : 2,
    "tileRows" : 1,
    "type" : "dev",
    "v" : 5,
    "viewUUID" : "MAINVIEW"
  },
  "partitions" : [ ],
  "resources" : [ {
    "label" : "/patient.monitoring.HeartRate/MonitorReading/handler/inbound",
    "name" : "/patient.monitoring.HeartRate/MonitorReading/handler/inbound",
    "resourceReference" : "/topics//patient.monitoring.HeartRate/MonitorReading/handler/inbound",
    "type" : 10
  }, {
    "label" : "/vantiq/systemmodel/FirstResponderResponse/submitTopic",
    "name" : "/vantiq/systemmodel/FirstResponderResponse/submitTopic",
    "resourceReference" : "/topics//vantiq/systemmodel/FirstResponderResponse/submitTopic",
    "type" : 10
  }, {
    "label" : "/vantiq/systemmodel/PatientResponse/submitTopic",
    "name" : "/vantiq/systemmodel/PatientResponse/submitTopic",
    "resourceReference" : "/topics//vantiq/systemmodel/PatientResponse/submitTopic",
    "type" : 10
  }, {
    "label" : "FirstResponderResponse",
    "name" : "FirstResponderResponse",
    "resourceReference" : "/system.clients/FirstResponderResponse",
    "timestamp" : "2023-12-06T17:53:55.499Z",
    "type" : 15
  }, {
    "label" : "PatientResponse",
    "name" : "PatientResponse",
    "resourceReference" : "/system.clients/PatientResponse",
    "timestamp" : "2023-12-06T17:53:55.499Z",
    "type" : 15
  }, {
    "label" : "patient.monitoring.HeartRate",
    "name" : "patient.monitoring.HeartRate",
    "resourceReference" : "/system.services/patient.monitoring.HeartRate",
    "timestamp" : "2023-12-06T18:03:00.369Z",
    "type" : 63
  }, {
    "name" : "patient.monitoring.HeartRate.ActiveCollabsCloseAll",
    "packageName" : "patient.monitoring",
    "procedureName" : "ActiveCollabsCloseAll",
    "resourceReference" : "/procedures/patient.monitoring.HeartRate.ActiveCollabsCloseAll",
    "serviceName" : "HeartRate",
    "timestamp" : "2023-12-06T17:54:08.170Z",
    "type" : 3
  }, {
    "name" : "patient.monitoring.HeartRate.ActiveCollabsGetAll",
    "packageName" : "patient.monitoring",
    "procedureName" : "ActiveCollabsGetAll",
    "resourceReference" : "/procedures/patient.monitoring.HeartRate.ActiveCollabsGetAll",
    "serviceName" : "HeartRate",
    "timestamp" : "2023-12-06T17:54:07.020Z",
    "type" : 3
  }, {
    "name" : "patient.monitoring.HeartRate.ActiveCollabsGetById",
    "packageName" : "patient.monitoring",
    "procedureName" : "ActiveCollabsGetById",
    "resourceReference" : "/procedures/patient.monitoring.HeartRate.ActiveCollabsGetById",
    "serviceName" : "HeartRate",
    "timestamp" : "2023-12-06T17:54:07.032Z",
    "type" : 3
  }, {
    "name" : "patient.monitoring.HeartRate.ActiveCollabsOnClose",
    "packageName" : "patient.monitoring",
    "procedureName" : "ActiveCollabsOnClose",
    "resourceReference" : "/procedures/patient.monitoring.HeartRate.ActiveCollabsOnClose",
    "serviceName" : "HeartRate",
    "timestamp" : "2023-12-06T17:54:07.020Z",
    "type" : 3
  }, {
    "name" : "patient.monitoring.HeartRate.ActiveCollabsOnLoad",
    "packageName" : "patient.monitoring",
    "procedureName" : "ActiveCollabsOnLoad",
    "resourceReference" : "/procedures/patient.monitoring.HeartRate.ActiveCollabsOnLoad",
    "serviceName" : "HeartRate",
    "timestamp" : "2023-12-06T17:54:07.037Z",
    "type" : 3
  }, {
    "name" : "patient.monitoring.HeartRate.ActiveCollabsOnStore",
    "packageName" : "patient.monitoring",
    "procedureName" : "ActiveCollabsOnStore",
    "resourceReference" : "/procedures/patient.monitoring.HeartRate.ActiveCollabsOnStore",
    "serviceName" : "HeartRate",
    "timestamp" : "2023-12-06T17:54:07.020Z",
    "type" : 3
  }, {
    "name" : "patient.monitoring.HeartRate.ActiveCollabsReset",
    "packageName" : "patient.monitoring",
    "procedureName" : "ActiveCollabsReset",
    "resourceReference" : "/procedures/patient.monitoring.HeartRate.ActiveCollabsReset",
    "serviceName" : "HeartRate",
    "timestamp" : "2023-12-06T17:54:07.681Z",
    "type" : 3
  }, {
    "name" : "patient.monitoring.HeartRate.ActiveCollabsUpdateAssignPatient_MonitorReading",
    "packageName" : "patient.monitoring",
    "procedureName" : "ActiveCollabsUpdateAssignPatient_MonitorReading",
    "resourceReference" : "/procedures/patient.monitoring.HeartRate.ActiveCollabsUpdateAssignPatient_MonitorReading",
    "serviceName" : "HeartRate",
    "timestamp" : "2023-12-06T18:03:05.087Z",
    "type" : 3
  }, {
    "name" : "patient.monitoring.HeartRate.ActiveCollabsUpdateNotifyFirstResponder_MonitorReading",
    "packageName" : "patient.monitoring",
    "procedureName" : "ActiveCollabsUpdateNotifyFirstResponder_MonitorReading",
    "resourceReference" : "/procedures/patient.monitoring.HeartRate.ActiveCollabsUpdateNotifyFirstResponder_MonitorReading",
    "serviceName" : "HeartRate",
    "timestamp" : "2023-12-06T18:03:04.382Z",
    "type" : 3
  }, {
    "name" : "patient.monitoring.HeartRate.ActiveCollabsUpdateNotifyPatient_MonitorReading",
    "packageName" : "patient.monitoring",
    "procedureName" : "ActiveCollabsUpdateNotifyPatient_MonitorReading",
    "resourceReference" : "/procedures/patient.monitoring.HeartRate.ActiveCollabsUpdateNotifyPatient_MonitorReading",
    "serviceName" : "HeartRate",
    "timestamp" : "2023-12-06T18:03:04.991Z",
    "type" : 3
  }, {
    "name" : "patient.monitoring.HeartRate.ActiveCollabsUpdateStatus",
    "packageName" : "patient.monitoring",
    "procedureName" : "ActiveCollabsUpdateStatus",
    "resourceReference" : "/procedures/patient.monitoring.HeartRate.ActiveCollabsUpdateStatus",
    "serviceName" : "HeartRate",
    "timestamp" : "2023-12-06T17:54:07.953Z",
    "type" : 3
  }, {
    "name" : "patient.monitoring.HeartRate.ActiveCollabsWriteAll",
    "packageName" : "patient.monitoring",
    "procedureName" : "ActiveCollabsWriteAll",
    "resourceReference" : "/procedures/patient.monitoring.HeartRate.ActiveCollabsWriteAll",
    "serviceName" : "HeartRate",
    "timestamp" : "2023-12-06T17:54:08.361Z",
    "type" : 3
  }, {
    "name" : "patient.monitoring.HeartRate.CollabIdsByEntityStoreId",
    "packageName" : "patient.monitoring",
    "procedureName" : "CollabIdsByEntityStoreId",
    "resourceReference" : "/procedures/patient.monitoring.HeartRate.CollabIdsByEntityStoreId",
    "serviceName" : "HeartRate",
    "timestamp" : "2023-12-06T17:54:08.725Z",
    "type" : 3
  }, {
    "label" : "patient.monitoring.HeartRate.MonitorReading",
    "name" : "patient.monitoring.HeartRate.MonitorReading",
    "resourceReference" : "/types/patient.monitoring.HeartRate.MonitorReading",
    "timestamp" : "2023-12-06T17:53:53.416Z",
    "type" : 1
  }, {
    "label" : "patient.monitoring.HeartRate.MonitorReading",
    "name" : "patient.monitoring.HeartRate.MonitorReading",
    "resourceReference" : "/collaborationtypes/patient.monitoring.HeartRate.MonitorReading",
    "timestamp" : "2023-12-06T17:54:02.707Z",
    "type" : 12
  }, {
    "label" : "patient.monitoring.HeartRate.PartitionedState",
    "name" : "patient.monitoring.HeartRate.PartitionedState",
    "resourceReference" : "/types/patient.monitoring.HeartRate.PartitionedState",
    "timestamp" : "2023-12-06T17:54:05.328Z",
    "type" : 1
  }, {
    "label" : "patient.monitoring.HeartRate.generateHeartRate",
    "name" : "patient.monitoring.HeartRate.generateHeartRate",
    "packageName" : "patient.monitoring",
    "procedureName" : "generateHeartRate",
    "resourceReference" : "/procedures/patient.monitoring.HeartRate.generateHeartRate",
    "serviceName" : "HeartRate",
    "timestamp" : "2023-12-06T17:53:59.961Z",
    "type" : 3
  }, {
    "label" : "patient.monitoring.HeartRate.js",
    "name" : "patient.monitoring.HeartRate.js",
    "resourceReference" : "/documents/patient.monitoring.HeartRate.js",
    "timestamp" : "2023-12-06T17:54:26.811Z",
    "type" : 19
  } ],
  "tools" : [ {
    "isPinned" : false,
    "name" : "Errors",
    "type" : 13
  }, {
    "dockLocation" : "top",
    "isPinned" : false,
    "name" : "Inactive Panes",
    "type" : 99
  }, {
    "isPinned" : false,
    "name" : "Project Contents",
    "type" : 2
  }, {
    "isPinned" : false,
    "name" : "Project Description",
    "pane" : {
      "c" : 0,
      "r" : 0
    },
    "state" : 2,
    "type" : 82
  }, {
    "isPinned" : false,
    "name" : "patient.monitoring.HeartRate",
    "pane" : {
      "c" : 1,
      "r" : 0
    },
    "resourceKey" : "services/patient.monitoring.HeartRate",
    "state" : 2,
    "type" : 109
  } ],
  "type" : "dev",
  "views" : [ {
    "name" : "Project Contents",
    "projectToolKeys" : [ "errorviewer/Errors", "tiledock/Inactive Panes", "list/Project Contents", "projectdescription/Project Description", "services/patient.monitoring.HeartRate" ]
  } ]
}