{
  "ars_relationships" : [ ],
  "links" : [ {
    "source" : "services/patient.monitoring.HeartRate",
    "target" : "document/patient.monitoring.HeartRate.js"
  }, {
    "source" : "topic//patient.monitoring.HeartRate/MonitorReading/handler/inbound",
    "target" : "app/patient.monitoring.HeartRate_MonitorReading_EventHandler"
  }, {
    "source" : "app/patient.monitoring.HeartRate_MonitorReading_EventHandler",
    "target" : "services/patient.monitoring.HeartRate"
  }, {
    "source" : "services/patient.monitoring.HeartRate",
    "target" : "type/patient.monitoring.HeartRate_MonitorReading"
  }, {
    "source" : "services/patient.monitoring.HeartRate",
    "target" : "topic//patient.monitoring.HeartRate/MonitorReading/handler/inbound"
  }, {
    "source" : "services/patient.monitoring.HeartRate",
    "target" : "procedure/patient.monitoring.HeartRate.generateHeartRate"
  }, {
    "source" : "procedure/patient.monitoring.HeartRate.generateHeartRate",
    "target" : "services/patient.monitoring.HeartRate"
  }, {
    "source" : "client/PatientResponse",
    "target" : "topic//vantiq/systemmodel/PatientResponse/submitTopic"
  }, {
    "source" : "services/patient.monitoring.HeartRate",
    "target" : "type/patient.monitoring.HeartRate.PartitionedAppState"
  }, {
    "source" : "services/patient.monitoring.HeartRate",
    "target" : "procedure/patient.monitoring.HeartRate.Active_HeartRate_MonitorReading_EventHandlerUpdateNotifyPatient"
  }, {
    "source" : "services/patient.monitoring.HeartRate",
    "target" : "procedure/patient.monitoring.HeartRate.Active_HeartRate_MonitorReading_EventHandlerUpdateAssignPatient"
  }, {
    "source" : "services/patient.monitoring.HeartRate",
    "target" : "procedure/patient.monitoring.HeartRate.Active_HeartRate_MonitorReading_EventHandlerGet"
  }, {
    "source" : "services/patient.monitoring.HeartRate",
    "target" : "procedure/patient.monitoring.HeartRate.Active_HeartRate_MonitorReading_EventHandlerUpdateStatus"
  }, {
    "source" : "services/patient.monitoring.HeartRate",
    "target" : "procedure/patient.monitoring.HeartRate.Active_HeartRate_MonitorReading_EventHandlerWrite"
  }, {
    "source" : "services/patient.monitoring.HeartRate",
    "target" : "procedure/patient.monitoring.HeartRate.Active_HeartRate_MonitorReading_EventHandlerReset"
  }, {
    "source" : "services/patient.monitoring.HeartRate",
    "target" : "procedure/patient.monitoring.HeartRate.Active_HeartRate_MonitorReading_EventHandlerGetAll"
  }, {
    "source" : "procedure/patient.monitoring.HeartRate.Active_HeartRate_MonitorReading_EventHandlerUpdateStatus",
    "target" : "services/patient.monitoring.HeartRate"
  }, {
    "source" : "procedure/patient.monitoring.HeartRate.Active_HeartRate_MonitorReading_EventHandlerUpdateStatus",
    "target" : "procedure/patient.monitoring.HeartRate.Active_HeartRate_MonitorReading_EventHandlerGet"
  }, {
    "source" : "procedure/patient.monitoring.HeartRate.Active_HeartRate_MonitorReading_EventHandlerGet",
    "target" : "services/patient.monitoring.HeartRate"
  }, {
    "source" : "procedure/patient.monitoring.HeartRate.Active_HeartRate_MonitorReading_EventHandlerUpdateAssignPatient",
    "target" : "services/patient.monitoring.HeartRate"
  }, {
    "source" : "procedure/patient.monitoring.HeartRate.Active_HeartRate_MonitorReading_EventHandlerUpdateAssignPatient",
    "target" : "procedure/patient.monitoring.HeartRate.Active_HeartRate_MonitorReading_EventHandlerGet"
  }, {
    "source" : "app/patient.monitoring.HeartRate_MonitorReading_EventHandler",
    "target" : "procedure/patient.monitoring.HeartRate.Active_HeartRate_MonitorReading_EventHandlerGet"
  }, {
    "source" : "app/patient.monitoring.HeartRate_MonitorReading_EventHandler",
    "target" : "procedure/patient.monitoring.HeartRate.Active_HeartRate_MonitorReading_EventHandlerUpdateNotifyPatient"
  }, {
    "source" : "app/patient.monitoring.HeartRate_MonitorReading_EventHandler",
    "target" : "procedure/patient.monitoring.HeartRate.Active_HeartRate_MonitorReading_EventHandlerUpdateAssignPatient"
  }, {
    "source" : "app/patient.monitoring.HeartRate_MonitorReading_EventHandler",
    "target" : "type/patient.monitoring.HeartRate_MonitorReading"
  }, {
    "source" : "procedure/patient.monitoring.HeartRate.Active_HeartRate_MonitorReading_EventHandlerUpdateNotifyPatient",
    "target" : "services/patient.monitoring.HeartRate"
  }, {
    "source" : "procedure/patient.monitoring.HeartRate.Active_HeartRate_MonitorReading_EventHandlerUpdateNotifyPatient",
    "target" : "procedure/patient.monitoring.HeartRate.Active_HeartRate_MonitorReading_EventHandlerGet"
  }, {
    "source" : "procedure/patient.monitoring.HeartRate.Active_HeartRate_MonitorReading_EventHandlerWrite",
    "target" : "services/patient.monitoring.HeartRate"
  }, {
    "source" : "procedure/patient.monitoring.HeartRate.Active_HeartRate_MonitorReading_EventHandlerReset",
    "target" : "services/patient.monitoring.HeartRate"
  }, {
    "source" : "procedure/patient.monitoring.HeartRate.Active_HeartRate_MonitorReading_EventHandlerGetAll",
    "target" : "services/patient.monitoring.HeartRate"
  }, {
    "source" : "client/FirstResponderResponse",
    "target" : "topic//vantiq/systemmodel/FirstResponderResponse/submitTopic"
  }, {
    "source" : "services/patient.monitoring.HeartRate",
    "target" : "procedure/patient.monitoring.HeartRate.Active_HeartRate_MonitorReading_EventHandlerUpdateNotifyFirstResponder"
  }, {
    "source" : "app/patient.monitoring.HeartRate_MonitorReading_EventHandler",
    "target" : "procedure/patient.monitoring.HeartRate.Active_HeartRate_MonitorReading_EventHandlerUpdateStatus"
  }, {
    "source" : "app/patient.monitoring.HeartRate_MonitorReading_EventHandler",
    "target" : "procedure/patient.monitoring.HeartRate.Active_HeartRate_MonitorReading_EventHandlerUpdateNotifyFirstResponder"
  }, {
    "source" : "procedure/patient.monitoring.HeartRate.Active_HeartRate_MonitorReading_EventHandlerUpdateNotifyFirstResponder",
    "target" : "services/patient.monitoring.HeartRate"
  }, {
    "source" : "procedure/patient.monitoring.HeartRate.Active_HeartRate_MonitorReading_EventHandlerUpdateNotifyFirstResponder",
    "target" : "procedure/patient.monitoring.HeartRate.Active_HeartRate_MonitorReading_EventHandlerGet"
  }, {
    "source" : "services/patient.monitoring.HeartRate",
    "target" : "procedure/patient.monitoring.HeartRate.Active_HeartRate_MonitorReading_EventHandlerUpdateTrackResponder"
  }, {
    "source" : "services/patient.monitoring.HeartRate",
    "target" : "procedure/patient.monitoring.HeartRate.Active_HeartRate_MonitorReading_EventHandlerUpdateLoopWhile"
  }, {
    "source" : "services/patient.monitoring.HeartRate",
    "target" : "procedure/patient.monitoring.HeartRate.Active_HeartRate_MonitorReading_EventHandlerUpdateFindResponders"
  }, {
    "source" : "app/patient.monitoring.HeartRate_MonitorReading_EventHandler",
    "target" : "procedure/patient.monitoring.HeartRate.Active_HeartRate_MonitorReading_EventHandlerUpdateTrackResponder"
  }, {
    "source" : "app/patient.monitoring.HeartRate_MonitorReading_EventHandler",
    "target" : "procedure/patient.monitoring.HeartRate.Active_HeartRate_MonitorReading_EventHandlerUpdateFindResponders"
  }, {
    "source" : "procedure/patient.monitoring.HeartRate.Active_HeartRate_MonitorReading_EventHandlerUpdateFindResponders",
    "target" : "services/patient.monitoring.HeartRate"
  }, {
    "source" : "procedure/patient.monitoring.HeartRate.Active_HeartRate_MonitorReading_EventHandlerUpdateFindResponders",
    "target" : "procedure/patient.monitoring.HeartRate.Active_HeartRate_MonitorReading_EventHandlerGet"
  }, {
    "source" : "procedure/patient.monitoring.HeartRate.Active_HeartRate_MonitorReading_EventHandlerUpdateTrackResponder",
    "target" : "services/patient.monitoring.HeartRate"
  }, {
    "source" : "procedure/patient.monitoring.HeartRate.Active_HeartRate_MonitorReading_EventHandlerUpdateTrackResponder",
    "target" : "procedure/patient.monitoring.HeartRate.Active_HeartRate_MonitorReading_EventHandlerGet"
  }, {
    "source" : "procedure/patient.monitoring.HeartRate.Active_HeartRate_MonitorReading_EventHandlerUpdateLoopWhile",
    "target" : "services/patient.monitoring.HeartRate"
  }, {
    "source" : "procedure/patient.monitoring.HeartRate.Active_HeartRate_MonitorReading_EventHandlerUpdateLoopWhile",
    "target" : "procedure/patient.monitoring.HeartRate.Active_HeartRate_MonitorReading_EventHandlerGet"
  }, {
    "source" : "procedure/patient.monitoring.HeartRate.HeartRate_MonitorReading_EventHandler_LoopWhileStateUpdate",
    "target" : "services/patient.monitoring.HeartRate"
  }, {
    "source" : "services/patient.monitoring.HeartRate",
    "target" : "procedure/patient.monitoring.HeartRate.HeartRate_MonitorReading_EventHandler_LoopWhileStateUpdate"
  }, {
    "source" : "services/patient.monitoring.HeartRate",
    "target" : "procedure/patient.monitoring.HeartRate.HeartRate_MonitorReading_EventHandler_LoopWhileStateGet"
  }, {
    "source" : "services/patient.monitoring.HeartRate",
    "target" : "procedure/patient.monitoring.HeartRate.HeartRate_MonitorReading_EventHandler_LoopWhileStateReset"
  }, {
    "source" : "app/patient.monitoring.HeartRate_MonitorReading_EventHandler",
    "target" : "procedure/patient.monitoring.HeartRate.HeartRate_MonitorReading_EventHandler_LoopWhileStateGet"
  }, {
    "source" : "app/patient.monitoring.HeartRate_MonitorReading_EventHandler",
    "target" : "procedure/patient.monitoring.HeartRate.HeartRate_MonitorReading_EventHandler_LoopWhileStateUpdate"
  }, {
    "source" : "procedure/patient.monitoring.HeartRate.HeartRate_MonitorReading_EventHandler_LoopWhileStateReset",
    "target" : "services/patient.monitoring.HeartRate"
  }, {
    "source" : "procedure/patient.monitoring.HeartRate.HeartRate_MonitorReading_EventHandler_LoopWhileStateGet",
    "target" : "services/patient.monitoring.HeartRate"
  }, {
    "source" : "services/patient.monitoring.HeartRate",
    "target" : "procedure/patient.monitoring.HeartRate.Active_HeartRate_MonitorReading_EventHandlerUpdateAssignCollaborator"
  }, {
    "source" : "procedure/patient.monitoring.HeartRate.Active_HeartRate_MonitorReading_EventHandlerUpdateAssignCollaborator",
    "target" : "procedure/patient.monitoring.HeartRate.Active_HeartRate_MonitorReading_EventHandlerGet"
  }, {
    "source" : "procedure/patient.monitoring.HeartRate.Active_HeartRate_MonitorReading_EventHandlerUpdateAssignCollaborator",
    "target" : "services/patient.monitoring.HeartRate"
  }, {
    "source" : "app/patient.monitoring.HeartRate_MonitorReading_EventHandler",
    "target" : "procedure/patient.monitoring.HeartRate.Active_HeartRate_MonitorReading_EventHandlerUpdateAssignCollaborator"
  } ],
  "name" : "PatientMonitor",
  "options" : {
    "description" : "Advanced Collaborations\n\nThis project contains the patient.monitoringHeartRate Service which defines the MonitorReading Event Handler. This Event Handler detects when a patient has an unusual and dangerous heart rate. First, the patient is asked whether they are okay or require assistance. If the patient replies that they require assistance or does not reply within 90 seconds, then an array of nearby first responders is computed. The closest responder is notified. If the responder does not reply within 1 minute, the notification is retracted and the next nearest first responder is notified. When a first responder replies, they are tracked until they reach the patient's location and the collaboration completes. If none of the first responders reply to the notification, the collaboration fails.\n\nTo run this locally, first navigate to Show -> Find Records and search for all instances of the FirstResponder Type. Update each instances username property with your username. You can find your username by clicking the \"user\" icon (next to the Namespace name) in the banner at the top of the browser. \n\nNext, update the patient.monitoring.HeartRate.generateHeartRate Procedure with the coordinates for your current location. You can find your exact latitude and longitude here: https://www.latlong.net/.",
    "dockCollapsed" : {
      "bottom" : true,
      "left" : false,
      "right" : false,
      "top" : false,
      "viewtabs" : false
    },
    "dockDimensions" : {
      "bottom" : 200,
      "debug" : [ 0, 0, 0 ],
      "left" : 210,
      "right" : 220,
      "top" : 0,
      "viewtabs" : 0
    },
    "dockSort" : 1,
    "filterBitArray" : "ffffffffffffffffffffffffffffffff",
    "isModeloProject" : true,
    "layoutStyle" : "tile",
    "openFolders" : [ "VIEWROOT/patient.monitoring", "client", "services/patient.monitoring.HeartRate" ],
    "rootViewFlavor" : 5,
    "showGrid" : true,
    "tileColumns" : 2,
    "tileRows" : 1,
    "type" : "dev",
    "v" : 5,
    "viewUUID" : "MAINVIEW"
  },
  "resources" : [ {
    "label" : "/patient.monitoring.HeartRate/MonitorReading/handler/inbound",
    "name" : "/patient.monitoring.HeartRate/MonitorReading/handler/inbound",
    "resourceReference" : "/topics//patient.monitoring.HeartRate/MonitorReading/handler/inbound",
    "type" : 10
  }, {
    "label" : "/vantiq/systemmodel/FirstResponderResponse/submitTopic",
    "name" : "/vantiq/systemmodel/FirstResponderResponse/submitTopic",
    "resourceReference" : "/topics//vantiq/systemmodel/FirstResponderResponse/submitTopic",
    "type" : 10
  }, {
    "label" : "/vantiq/systemmodel/PatientResponse/submitTopic",
    "name" : "/vantiq/systemmodel/PatientResponse/submitTopic",
    "resourceReference" : "/topics//vantiq/systemmodel/PatientResponse/submitTopic",
    "type" : 10
  }, {
    "name" : "FirstResponder",
    "resourceReference" : "/types/FirstResponder",
    "timestamp" : "2022-06-03T18:33:36.034Z",
    "type" : 1
  }, {
    "label" : "FirstResponderResponse",
    "name" : "FirstResponderResponse",
    "resourceReference" : "/system.clients/FirstResponderResponse",
    "timestamp" : "2022-06-22T01:21:02.948Z",
    "type" : 15
  }, {
    "label" : "PatientResponse",
    "name" : "PatientResponse",
    "resourceReference" : "/system.clients/PatientResponse",
    "timestamp" : "2022-06-02T23:51:25.377Z",
    "type" : 15
  }, {
    "label" : "patient.monitoring.HeartRate",
    "name" : "patient.monitoring.HeartRate",
    "resourceReference" : "/system.services/patient.monitoring.HeartRate",
    "timestamp" : "2022-06-22T01:02:53.052Z",
    "type" : 63
  }, {
    "label" : "patient.monitoring.HeartRate.Active_HeartRate_MonitorReading_EventHandlerGet",
    "name" : "patient.monitoring.HeartRate.Active_HeartRate_MonitorReading_EventHandlerGet",
    "packageName" : "patient.monitoring",
    "procedureName" : "Active_HeartRate_MonitorReading_EventHandlerGet",
    "resourceReference" : "/procedures/patient.monitoring.HeartRate.Active_HeartRate_MonitorReading_EventHandlerGet",
    "serviceName" : "HeartRate",
    "timestamp" : "2022-06-22T01:02:58.937Z",
    "type" : 3
  }, {
    "label" : "patient.monitoring.HeartRate.Active_HeartRate_MonitorReading_EventHandlerGetAll",
    "name" : "patient.monitoring.HeartRate.Active_HeartRate_MonitorReading_EventHandlerGetAll",
    "packageName" : "patient.monitoring",
    "procedureName" : "Active_HeartRate_MonitorReading_EventHandlerGetAll",
    "resourceReference" : "/procedures/patient.monitoring.HeartRate.Active_HeartRate_MonitorReading_EventHandlerGetAll",
    "serviceName" : "HeartRate",
    "timestamp" : "2022-06-22T01:03:02.779Z",
    "type" : 3
  }, {
    "label" : "patient.monitoring.HeartRate.Active_HeartRate_MonitorReading_EventHandlerReset",
    "name" : "patient.monitoring.HeartRate.Active_HeartRate_MonitorReading_EventHandlerReset",
    "packageName" : "patient.monitoring",
    "procedureName" : "Active_HeartRate_MonitorReading_EventHandlerReset",
    "resourceReference" : "/procedures/patient.monitoring.HeartRate.Active_HeartRate_MonitorReading_EventHandlerReset",
    "serviceName" : "HeartRate",
    "timestamp" : "2022-06-22T01:03:00.482Z",
    "type" : 3
  }, {
    "label" : "patient.monitoring.HeartRate.Active_HeartRate_MonitorReading_EventHandlerUpdateAssignCollaborator",
    "name" : "patient.monitoring.HeartRate.Active_HeartRate_MonitorReading_EventHandlerUpdateAssignCollaborator",
    "packageName" : "patient.monitoring",
    "procedureName" : "Active_HeartRate_MonitorReading_EventHandlerUpdateAssignCollaborator",
    "resourceReference" : "/procedures/patient.monitoring.HeartRate.Active_HeartRate_MonitorReading_EventHandlerUpdateAssignCollaborator",
    "serviceName" : "HeartRate",
    "timestamp" : "2022-06-22T01:02:59.646Z",
    "type" : 3
  }, {
    "label" : "patient.monitoring.HeartRate.Active_HeartRate_MonitorReading_EventHandlerUpdateAssignPatient",
    "name" : "patient.monitoring.HeartRate.Active_HeartRate_MonitorReading_EventHandlerUpdateAssignPatient",
    "packageName" : "patient.monitoring",
    "procedureName" : "Active_HeartRate_MonitorReading_EventHandlerUpdateAssignPatient",
    "resourceReference" : "/procedures/patient.monitoring.HeartRate.Active_HeartRate_MonitorReading_EventHandlerUpdateAssignPatient",
    "serviceName" : "HeartRate",
    "timestamp" : "2022-06-22T01:02:55.855Z",
    "type" : 3
  }, {
    "label" : "patient.monitoring.HeartRate.Active_HeartRate_MonitorReading_EventHandlerUpdateFindResponders",
    "name" : "patient.monitoring.HeartRate.Active_HeartRate_MonitorReading_EventHandlerUpdateFindResponders",
    "packageName" : "patient.monitoring",
    "procedureName" : "Active_HeartRate_MonitorReading_EventHandlerUpdateFindResponders",
    "resourceReference" : "/procedures/patient.monitoring.HeartRate.Active_HeartRate_MonitorReading_EventHandlerUpdateFindResponders",
    "serviceName" : "HeartRate",
    "timestamp" : "2022-06-22T01:02:52.709Z",
    "type" : 3
  }, {
    "label" : "patient.monitoring.HeartRate.Active_HeartRate_MonitorReading_EventHandlerUpdateLoopWhile",
    "name" : "patient.monitoring.HeartRate.Active_HeartRate_MonitorReading_EventHandlerUpdateLoopWhile",
    "packageName" : "patient.monitoring",
    "procedureName" : "Active_HeartRate_MonitorReading_EventHandlerUpdateLoopWhile",
    "resourceReference" : "/procedures/patient.monitoring.HeartRate.Active_HeartRate_MonitorReading_EventHandlerUpdateLoopWhile",
    "serviceName" : "HeartRate",
    "timestamp" : "2022-06-03T20:01:33.341Z",
    "type" : 3
  }, {
    "label" : "patient.monitoring.HeartRate.Active_HeartRate_MonitorReading_EventHandlerUpdateNotifyFirstResponder",
    "name" : "patient.monitoring.HeartRate.Active_HeartRate_MonitorReading_EventHandlerUpdateNotifyFirstResponder",
    "packageName" : "patient.monitoring",
    "procedureName" : "Active_HeartRate_MonitorReading_EventHandlerUpdateNotifyFirstResponder",
    "resourceReference" : "/procedures/patient.monitoring.HeartRate.Active_HeartRate_MonitorReading_EventHandlerUpdateNotifyFirstResponder",
    "serviceName" : "HeartRate",
    "timestamp" : "2022-06-22T01:02:58.559Z",
    "type" : 3
  }, {
    "label" : "patient.monitoring.HeartRate.Active_HeartRate_MonitorReading_EventHandlerUpdateNotifyPatient",
    "name" : "patient.monitoring.HeartRate.Active_HeartRate_MonitorReading_EventHandlerUpdateNotifyPatient",
    "packageName" : "patient.monitoring",
    "procedureName" : "Active_HeartRate_MonitorReading_EventHandlerUpdateNotifyPatient",
    "resourceReference" : "/procedures/patient.monitoring.HeartRate.Active_HeartRate_MonitorReading_EventHandlerUpdateNotifyPatient",
    "serviceName" : "HeartRate",
    "timestamp" : "2022-06-22T01:02:59.738Z",
    "type" : 3
  }, {
    "label" : "patient.monitoring.HeartRate.Active_HeartRate_MonitorReading_EventHandlerUpdateStatus",
    "name" : "patient.monitoring.HeartRate.Active_HeartRate_MonitorReading_EventHandlerUpdateStatus",
    "packageName" : "patient.monitoring",
    "procedureName" : "Active_HeartRate_MonitorReading_EventHandlerUpdateStatus",
    "resourceReference" : "/procedures/patient.monitoring.HeartRate.Active_HeartRate_MonitorReading_EventHandlerUpdateStatus",
    "serviceName" : "HeartRate",
    "timestamp" : "2022-06-22T01:03:01.652Z",
    "type" : 3
  }, {
    "label" : "patient.monitoring.HeartRate.Active_HeartRate_MonitorReading_EventHandlerUpdateTrackResponder",
    "name" : "patient.monitoring.HeartRate.Active_HeartRate_MonitorReading_EventHandlerUpdateTrackResponder",
    "packageName" : "patient.monitoring",
    "procedureName" : "Active_HeartRate_MonitorReading_EventHandlerUpdateTrackResponder",
    "resourceReference" : "/procedures/patient.monitoring.HeartRate.Active_HeartRate_MonitorReading_EventHandlerUpdateTrackResponder",
    "serviceName" : "HeartRate",
    "timestamp" : "2022-06-22T01:02:59.147Z",
    "type" : 3
  }, {
    "label" : "patient.monitoring.HeartRate.Active_HeartRate_MonitorReading_EventHandlerWrite",
    "name" : "patient.monitoring.HeartRate.Active_HeartRate_MonitorReading_EventHandlerWrite",
    "packageName" : "patient.monitoring",
    "procedureName" : "Active_HeartRate_MonitorReading_EventHandlerWrite",
    "resourceReference" : "/procedures/patient.monitoring.HeartRate.Active_HeartRate_MonitorReading_EventHandlerWrite",
    "serviceName" : "HeartRate",
    "timestamp" : "2022-06-22T01:03:02.130Z",
    "type" : 3
  }, {
    "label" : "patient.monitoring.HeartRate.HeartRate_MonitorReading_EventHandler_LoopWhileStateGet",
    "name" : "patient.monitoring.HeartRate.HeartRate_MonitorReading_EventHandler_LoopWhileStateGet",
    "packageName" : "patient.monitoring",
    "procedureName" : "HeartRate_MonitorReading_EventHandler_LoopWhileStateGet",
    "resourceReference" : "/procedures/patient.monitoring.HeartRate.HeartRate_MonitorReading_EventHandler_LoopWhileStateGet",
    "serviceName" : "HeartRate",
    "timestamp" : "2022-06-22T01:02:35.642Z",
    "type" : 3
  }, {
    "label" : "patient.monitoring.HeartRate.HeartRate_MonitorReading_EventHandler_LoopWhileStateReset",
    "name" : "patient.monitoring.HeartRate.HeartRate_MonitorReading_EventHandler_LoopWhileStateReset",
    "packageName" : "patient.monitoring",
    "procedureName" : "HeartRate_MonitorReading_EventHandler_LoopWhileStateReset",
    "resourceReference" : "/procedures/patient.monitoring.HeartRate.HeartRate_MonitorReading_EventHandler_LoopWhileStateReset",
    "serviceName" : "HeartRate",
    "timestamp" : "2022-06-22T01:02:49.529Z",
    "type" : 3
  }, {
    "label" : "patient.monitoring.HeartRate.HeartRate_MonitorReading_EventHandler_LoopWhileStateUpdate",
    "name" : "patient.monitoring.HeartRate.HeartRate_MonitorReading_EventHandler_LoopWhileStateUpdate",
    "packageName" : "patient.monitoring",
    "procedureName" : "HeartRate_MonitorReading_EventHandler_LoopWhileStateUpdate",
    "resourceReference" : "/procedures/patient.monitoring.HeartRate.HeartRate_MonitorReading_EventHandler_LoopWhileStateUpdate",
    "serviceName" : "HeartRate",
    "timestamp" : "2022-06-22T01:02:44.715Z",
    "type" : 3
  }, {
    "label" : "patient.monitoring.HeartRate.PartitionedAppState",
    "name" : "patient.monitoring.HeartRate.PartitionedAppState",
    "resourceReference" : "/types/patient.monitoring.HeartRate.PartitionedAppState",
    "timestamp" : "2022-06-06T20:33:15.433Z",
    "type" : 1
  }, {
    "label" : "patient.monitoring.HeartRate.generateHeartRate",
    "name" : "patient.monitoring.HeartRate.generateHeartRate",
    "packageName" : "patient.monitoring",
    "procedureName" : "generateHeartRate",
    "resourceReference" : "/procedures/patient.monitoring.HeartRate.generateHeartRate",
    "serviceName" : "HeartRate",
    "timestamp" : "2022-06-22T01:20:38.207Z",
    "type" : 3
  }, {
    "label" : "patient.monitoring.HeartRate.js",
    "name" : "patient.monitoring.HeartRate.js",
    "resourceReference" : "/documents/patient.monitoring.HeartRate.js",
    "timestamp" : "2022-06-22T01:03:07.161Z",
    "type" : 19
  }, {
    "label" : "patient.monitoring.HeartRate_MonitorReading",
    "name" : "patient.monitoring.HeartRate_MonitorReading",
    "resourceReference" : "/types/patient.monitoring.HeartRate_MonitorReading",
    "timestamp" : "2022-06-02T23:51:25.214Z",
    "type" : 1
  }, {
    "label" : "patient.monitoring.HeartRate_MonitorReading_EventHandler",
    "name" : "patient.monitoring.HeartRate_MonitorReading_EventHandler",
    "resourceReference" : "/collaborationtypes/patient.monitoring.HeartRate_MonitorReading_EventHandler",
    "timestamp" : "2022-06-22T00:57:39.337Z",
    "type" : 12
  } ],
  "tools" : [ {
    "isPinned" : false,
    "name" : "Errors",
    "type" : 13
  }, {
    "dockLocation" : "top",
    "isPinned" : false,
    "name" : "Inactive Panes",
    "type" : 99
  }, {
    "isPinned" : false,
    "name" : "Project Contents",
    "type" : 2
  }, {
    "isPinned" : false,
    "name" : "Project Description",
    "pane" : {
      "c" : 1,
      "r" : 0
    },
    "state" : 2,
    "type" : 82
  }, {
    "isPinned" : false,
    "name" : "patient.monitoring.HeartRate",
    "pane" : {
      "c" : 0,
      "r" : 0
    },
    "resourceKey" : "services/patient.monitoring.HeartRate",
    "state" : 2,
    "type" : 109
  } ],
  "type" : "dev",
  "views" : [ {
    "name" : "Project Contents",
    "projectToolKeys" : [ "errorviewer/Errors", "tiledock/Inactive Panes", "list/Project Contents", "projectdescription/Project Description", "services/patient.monitoring.HeartRate" ]
  } ]
}