{
  "ars_relationships" : [ ],
  "links" : [ {
    "source" : "services/patient.monitoring.HeartRate",
    "target" : "document/patient.monitoring.HeartRate.js"
  }, {
    "source" : "app/patient.monitoring.HeartRate_MonitorReading_EventHandler",
    "target" : "services/patient.monitoring.HeartRate"
  }, {
    "source" : "services/patient.monitoring.HeartRate",
    "target" : "type/patient.monitoring.HeartRate_MonitorReading"
  }, {
    "source" : "services/patient.monitoring.HeartRate",
    "target" : "topic//patient.monitoring.HeartRate/MonitorReading/handler/inbound"
  }, {
    "source" : "services/patient.monitoring.HeartRate",
    "target" : "procedure/patient.monitoring.HeartRate.generateHeartRate"
  }, {
    "source" : "procedure/patient.monitoring.HeartRate.generateHeartRate",
    "target" : "services/patient.monitoring.HeartRate"
  }, {
    "source" : "client/PatientResponse",
    "target" : "topic//vantiq/systemmodel/PatientResponse/submitTopic"
  }, {
    "source" : "services/patient.monitoring.HeartRate",
    "target" : "type/patient.monitoring.HeartRate.PartitionedAppState"
  }, {
    "source" : "app/patient.monitoring.HeartRate_MonitorReading_EventHandler",
    "target" : "type/patient.monitoring.HeartRate_MonitorReading"
  }, {
    "source" : "client/FirstResponderResponse",
    "target" : "topic//vantiq/systemmodel/FirstResponderResponse/submitTopic"
  }, {
    "source" : "services/patient.monitoring.HeartRate",
    "target" : "procedure/patient.monitoring.HeartRate.ActiveCollabsUpdateStatus_MonitorReading"
  }, {
    "source" : "services/patient.monitoring.HeartRate",
    "target" : "procedure/patient.monitoring.HeartRate.ActiveCollabsCloseAll_MonitorReading"
  }, {
    "source" : "services/patient.monitoring.HeartRate",
    "target" : "procedure/patient.monitoring.HeartRate.LoopWhileStateUpdate_MonitorReading"
  }, {
    "source" : "services/patient.monitoring.HeartRate",
    "target" : "procedure/patient.monitoring.HeartRate.ActiveCollabsWriteAll_MonitorReading"
  }, {
    "source" : "services/patient.monitoring.HeartRate",
    "target" : "procedure/patient.monitoring.HeartRate.LoopWhileStateReset_MonitorReading"
  }, {
    "source" : "services/patient.monitoring.HeartRate",
    "target" : "procedure/patient.monitoring.HeartRate.ActiveCollabsUpdateAssignPatient_MonitorReading"
  }, {
    "source" : "services/patient.monitoring.HeartRate",
    "target" : "procedure/patient.monitoring.HeartRate.ActiveCollabsReset_MonitorReading"
  }, {
    "source" : "services/patient.monitoring.HeartRate",
    "target" : "procedure/patient.monitoring.HeartRate.ActiveCollabsUpdateAssignCollaborator_MonitorReading"
  }, {
    "source" : "services/patient.monitoring.HeartRate",
    "target" : "procedure/patient.monitoring.HeartRate.ActiveCollabsUpdateFindResponders_MonitorReading"
  }, {
    "source" : "services/patient.monitoring.HeartRate",
    "target" : "procedure/patient.monitoring.HeartRate.ActiveCollabsUpdateNotifyPatient_MonitorReading"
  }, {
    "source" : "services/patient.monitoring.HeartRate",
    "target" : "procedure/patient.monitoring.HeartRate.ActiveCollabsUpdateTrackResponder_MonitorReading"
  }, {
    "source" : "services/patient.monitoring.HeartRate",
    "target" : "procedure/patient.monitoring.HeartRate.ActiveCollabsGetAll_MonitorReading"
  }, {
    "source" : "services/patient.monitoring.HeartRate",
    "target" : "procedure/patient.monitoring.HeartRate.ActiveCollabsGetById_MonitorReading"
  }, {
    "source" : "services/patient.monitoring.HeartRate",
    "target" : "procedure/patient.monitoring.HeartRate.CollabIdsByEntityStoreId_MonitorReading"
  }, {
    "source" : "services/patient.monitoring.HeartRate",
    "target" : "procedure/patient.monitoring.HeartRate.ActiveCollabsUpdateNotifyFirstResponder_MonitorReading"
  }, {
    "source" : "services/patient.monitoring.HeartRate",
    "target" : "procedure/patient.monitoring.HeartRate.LoopWhileStateGet_MonitorReading"
  }, {
    "source" : "services/patient.monitoring.HeartRate",
    "target" : "app/patient.monitoring.HeartRate_MonitorReading_EventHandler"
  }, {
    "source" : "app/patient.monitoring.HeartRate_MonitorReading_EventHandler",
    "target" : "procedure/patient.monitoring.HeartRate.ActiveCollabsUpdateNotifyFirstResponder_MonitorReading"
  }, {
    "source" : "app/patient.monitoring.HeartRate_MonitorReading_EventHandler",
    "target" : "procedure/patient.monitoring.HeartRate.ActiveCollabsUpdateAssignPatient_MonitorReading"
  }, {
    "source" : "app/patient.monitoring.HeartRate_MonitorReading_EventHandler",
    "target" : "procedure/patient.monitoring.HeartRate.LoopWhileStateUpdate_MonitorReading"
  }, {
    "source" : "app/patient.monitoring.HeartRate_MonitorReading_EventHandler",
    "target" : "procedure/patient.monitoring.HeartRate.ActiveCollabsUpdateStatus_MonitorReading"
  }, {
    "source" : "app/patient.monitoring.HeartRate_MonitorReading_EventHandler",
    "target" : "procedure/patient.monitoring.HeartRate.ActiveCollabsUpdateNotifyPatient_MonitorReading"
  }, {
    "source" : "app/patient.monitoring.HeartRate_MonitorReading_EventHandler",
    "target" : "procedure/patient.monitoring.HeartRate.ActiveCollabsUpdateAssignCollaborator_MonitorReading"
  }, {
    "source" : "app/patient.monitoring.HeartRate_MonitorReading_EventHandler",
    "target" : "procedure/patient.monitoring.HeartRate.LoopWhileStateGet_MonitorReading"
  }, {
    "source" : "app/patient.monitoring.HeartRate_MonitorReading_EventHandler",
    "target" : "procedure/patient.monitoring.HeartRate.ActiveCollabsUpdateTrackResponder_MonitorReading"
  }, {
    "source" : "app/patient.monitoring.HeartRate_MonitorReading_EventHandler",
    "target" : "procedure/patient.monitoring.HeartRate.ActiveCollabsUpdateFindResponders_MonitorReading"
  }, {
    "source" : "app/patient.monitoring.HeartRate_MonitorReading_EventHandler",
    "target" : "procedure/patient.monitoring.HeartRate.ActiveCollabsGetById_MonitorReading"
  }, {
    "source" : "procedure/patient.monitoring.HeartRate.ActiveCollabsGetAll_MonitorReading",
    "target" : "services/patient.monitoring.HeartRate"
  }, {
    "source" : "procedure/patient.monitoring.HeartRate.LoopWhileStateUpdate_MonitorReading",
    "target" : "services/patient.monitoring.HeartRate"
  }, {
    "source" : "procedure/patient.monitoring.HeartRate.ActiveCollabsUpdateStatus_MonitorReading",
    "target" : "services/patient.monitoring.HeartRate"
  }, {
    "source" : "procedure/patient.monitoring.HeartRate.ActiveCollabsCloseAll_MonitorReading",
    "target" : "procedure/patient.monitoring.HeartRate.ActiveCollabsWriteAll_MonitorReading"
  }, {
    "source" : "procedure/patient.monitoring.HeartRate.ActiveCollabsCloseAll_MonitorReading",
    "target" : "services/patient.monitoring.HeartRate"
  }, {
    "source" : "procedure/patient.monitoring.HeartRate.ActiveCollabsUpdateTrackResponder_MonitorReading",
    "target" : "services/patient.monitoring.HeartRate"
  }, {
    "source" : "procedure/patient.monitoring.HeartRate.ActiveCollabsUpdateTrackResponder_MonitorReading",
    "target" : "procedure/patient.monitoring.HeartRate.ActiveCollabsGetById_MonitorReading"
  }, {
    "source" : "procedure/patient.monitoring.HeartRate.ActiveCollabsGetById_MonitorReading",
    "target" : "services/patient.monitoring.HeartRate"
  }, {
    "source" : "procedure/patient.monitoring.HeartRate.LoopWhileStateGet_MonitorReading",
    "target" : "services/patient.monitoring.HeartRate"
  }, {
    "source" : "procedure/patient.monitoring.HeartRate.ActiveCollabsUpdateAssignPatient_MonitorReading",
    "target" : "procedure/patient.monitoring.HeartRate.CollabIdsByEntityStoreId_MonitorReading"
  }, {
    "source" : "procedure/patient.monitoring.HeartRate.ActiveCollabsUpdateAssignPatient_MonitorReading",
    "target" : "procedure/patient.monitoring.HeartRate.ActiveCollabsGetById_MonitorReading"
  }, {
    "source" : "procedure/patient.monitoring.HeartRate.ActiveCollabsUpdateAssignPatient_MonitorReading",
    "target" : "services/patient.monitoring.HeartRate"
  }, {
    "source" : "procedure/patient.monitoring.HeartRate.ActiveCollabsUpdateFindResponders_MonitorReading",
    "target" : "services/patient.monitoring.HeartRate"
  }, {
    "source" : "procedure/patient.monitoring.HeartRate.ActiveCollabsUpdateFindResponders_MonitorReading",
    "target" : "procedure/patient.monitoring.HeartRate.ActiveCollabsGetById_MonitorReading"
  }, {
    "source" : "procedure/patient.monitoring.HeartRate.LoopWhileStateReset_MonitorReading",
    "target" : "services/patient.monitoring.HeartRate"
  }, {
    "source" : "procedure/patient.monitoring.HeartRate.ActiveCollabsUpdateNotifyPatient_MonitorReading",
    "target" : "procedure/patient.monitoring.HeartRate.ActiveCollabsGetById_MonitorReading"
  }, {
    "source" : "procedure/patient.monitoring.HeartRate.ActiveCollabsUpdateNotifyPatient_MonitorReading",
    "target" : "services/patient.monitoring.HeartRate"
  }, {
    "source" : "procedure/patient.monitoring.HeartRate.ActiveCollabsUpdateNotifyFirstResponder_MonitorReading",
    "target" : "procedure/patient.monitoring.HeartRate.ActiveCollabsGetById_MonitorReading"
  }, {
    "source" : "procedure/patient.monitoring.HeartRate.ActiveCollabsUpdateNotifyFirstResponder_MonitorReading",
    "target" : "services/patient.monitoring.HeartRate"
  }, {
    "source" : "procedure/patient.monitoring.HeartRate.ActiveCollabsWriteAll_MonitorReading",
    "target" : "services/patient.monitoring.HeartRate"
  }, {
    "source" : "procedure/patient.monitoring.HeartRate.ActiveCollabsUpdateAssignCollaborator_MonitorReading",
    "target" : "services/patient.monitoring.HeartRate"
  }, {
    "source" : "procedure/patient.monitoring.HeartRate.ActiveCollabsUpdateAssignCollaborator_MonitorReading",
    "target" : "procedure/patient.monitoring.HeartRate.ActiveCollabsGetById_MonitorReading"
  }, {
    "source" : "procedure/patient.monitoring.HeartRate.ActiveCollabsUpdateAssignCollaborator_MonitorReading",
    "target" : "procedure/patient.monitoring.HeartRate.CollabIdsByEntityStoreId_MonitorReading"
  }, {
    "source" : "procedure/patient.monitoring.HeartRate.ActiveCollabsReset_MonitorReading",
    "target" : "services/patient.monitoring.HeartRate"
  }, {
    "source" : "procedure/patient.monitoring.HeartRate.CollabIdsByEntityStoreId_MonitorReading",
    "target" : "services/patient.monitoring.HeartRate"
  } ],
  "name" : "PatientMonitor",
  "options" : {
    "description" : "Advanced Collaborations\n\nThis project contains the patient.monitoringHeartRate Service which defines the MonitorReading Event Handler. This Event Handler detects when a patient has an unusual and dangerous heart rate. First, the patient is asked whether they are okay or require assistance. If the patient replies that they require assistance or does not reply within 90 seconds, then an array of nearby first responders is computed. The closest responder is notified. If the responder does not reply within 1 minute, the notification is retracted and the next nearest first responder is notified. When a first responder replies, they are tracked until they reach the patient's location and the collaboration completes. If none of the first responders reply to the notification, the collaboration fails.\n\nTo run this locally, first navigate to Show -> Find Records and search for all instances of the FirstResponder Type. Update each instances username property with your username. You can find your username by clicking the \"user\" icon (next to the Namespace name) in the banner at the top of the browser. \n\nNext, update the patient.monitoring.HeartRate.generateHeartRate Procedure with the coordinates for your current location. You can find your exact latitude and longitude here: https://www.latlong.net/.",
    "dockCollapsed" : {
      "bottom" : true,
      "left" : false,
      "right" : false,
      "top" : false,
      "viewtabs" : false
    },
    "dockDimensions" : {
      "bottom" : 200,
      "debug" : [ 0, 0, 0 ],
      "left" : 210,
      "right" : 220,
      "top" : 0,
      "viewtabs" : 0
    },
    "dockSort" : 1,
    "filterBitArray" : "ffffffffffffffffffffffffffffffff",
    "isModeloProject" : true,
    "layoutStyle" : "tile",
    "openFolders" : [ "client", "services/patient.monitoring.HeartRate" ],
    "rootViewFlavor" : 5,
    "showGrid" : true,
    "tileColumns" : 2,
    "tileRows" : 1,
    "type" : "dev",
    "v" : 5,
    "viewUUID" : "MAINVIEW"
  },
  "resources" : [ {
    "label" : "/patient.monitoring.HeartRate/MonitorReading/handler/inbound",
    "name" : "/patient.monitoring.HeartRate/MonitorReading/handler/inbound",
    "resourceReference" : "/topics//patient.monitoring.HeartRate/MonitorReading/handler/inbound",
    "type" : 10
  }, {
    "label" : "/vantiq/systemmodel/FirstResponderResponse/submitTopic",
    "name" : "/vantiq/systemmodel/FirstResponderResponse/submitTopic",
    "resourceReference" : "/topics//vantiq/systemmodel/FirstResponderResponse/submitTopic",
    "type" : 10
  }, {
    "label" : "/vantiq/systemmodel/PatientResponse/submitTopic",
    "name" : "/vantiq/systemmodel/PatientResponse/submitTopic",
    "resourceReference" : "/topics//vantiq/systemmodel/PatientResponse/submitTopic",
    "type" : 10
  }, {
    "label" : "FirstResponder",
    "name" : "FirstResponder",
    "resourceReference" : "/types/FirstResponder",
    "timestamp" : "2023-01-24T18:42:10.660Z",
    "type" : 1
  }, {
    "label" : "FirstResponderResponse",
    "name" : "FirstResponderResponse",
    "resourceReference" : "/system.clients/FirstResponderResponse",
    "timestamp" : "2023-01-24T18:42:15.572Z",
    "type" : 15
  }, {
    "label" : "PatientResponse",
    "name" : "PatientResponse",
    "resourceReference" : "/system.clients/PatientResponse",
    "timestamp" : "2023-01-24T18:42:15.572Z",
    "type" : 15
  }, {
    "label" : "patient.monitoring.HeartRate",
    "name" : "patient.monitoring.HeartRate",
    "resourceReference" : "/system.services/patient.monitoring.HeartRate",
    "timestamp" : "2023-01-24T18:43:00.820Z",
    "type" : 63
  }, {
    "name" : "patient.monitoring.HeartRate.ActiveCollabsCloseAll_MonitorReading",
    "packageName" : "patient.monitoring",
    "procedureName" : "ActiveCollabsCloseAll_MonitorReading",
    "resourceReference" : "/procedures/patient.monitoring.HeartRate.ActiveCollabsCloseAll_MonitorReading",
    "serviceName" : "HeartRate",
    "timestamp" : "2023-01-24T18:42:56.985Z",
    "type" : 3
  }, {
    "name" : "patient.monitoring.HeartRate.ActiveCollabsGetAll_MonitorReading",
    "packageName" : "patient.monitoring",
    "procedureName" : "ActiveCollabsGetAll_MonitorReading",
    "resourceReference" : "/procedures/patient.monitoring.HeartRate.ActiveCollabsGetAll_MonitorReading",
    "serviceName" : "HeartRate",
    "timestamp" : "2023-01-24T18:42:53.315Z",
    "type" : 3
  }, {
    "name" : "patient.monitoring.HeartRate.ActiveCollabsGetById_MonitorReading",
    "packageName" : "patient.monitoring",
    "procedureName" : "ActiveCollabsGetById_MonitorReading",
    "resourceReference" : "/procedures/patient.monitoring.HeartRate.ActiveCollabsGetById_MonitorReading",
    "serviceName" : "HeartRate",
    "timestamp" : "2023-01-24T18:42:51.944Z",
    "type" : 3
  }, {
    "name" : "patient.monitoring.HeartRate.ActiveCollabsReset_MonitorReading",
    "packageName" : "patient.monitoring",
    "procedureName" : "ActiveCollabsReset_MonitorReading",
    "resourceReference" : "/procedures/patient.monitoring.HeartRate.ActiveCollabsReset_MonitorReading",
    "serviceName" : "HeartRate",
    "timestamp" : "2023-01-24T18:42:53.703Z",
    "type" : 3
  }, {
    "name" : "patient.monitoring.HeartRate.ActiveCollabsUpdateAssignCollaborator_MonitorReading",
    "packageName" : "patient.monitoring",
    "procedureName" : "ActiveCollabsUpdateAssignCollaborator_MonitorReading",
    "resourceReference" : "/procedures/patient.monitoring.HeartRate.ActiveCollabsUpdateAssignCollaborator_MonitorReading",
    "serviceName" : "HeartRate",
    "timestamp" : "2023-01-24T18:42:54.622Z",
    "type" : 3
  }, {
    "name" : "patient.monitoring.HeartRate.ActiveCollabsUpdateAssignPatient_MonitorReading",
    "packageName" : "patient.monitoring",
    "procedureName" : "ActiveCollabsUpdateAssignPatient_MonitorReading",
    "resourceReference" : "/procedures/patient.monitoring.HeartRate.ActiveCollabsUpdateAssignPatient_MonitorReading",
    "serviceName" : "HeartRate",
    "timestamp" : "2023-01-24T18:42:52.919Z",
    "type" : 3
  }, {
    "name" : "patient.monitoring.HeartRate.ActiveCollabsUpdateFindResponders_MonitorReading",
    "packageName" : "patient.monitoring",
    "procedureName" : "ActiveCollabsUpdateFindResponders_MonitorReading",
    "resourceReference" : "/procedures/patient.monitoring.HeartRate.ActiveCollabsUpdateFindResponders_MonitorReading",
    "serviceName" : "HeartRate",
    "timestamp" : "2023-01-24T18:42:56.828Z",
    "type" : 3
  }, {
    "name" : "patient.monitoring.HeartRate.ActiveCollabsUpdateNotifyFirstResponder_MonitorReading",
    "packageName" : "patient.monitoring",
    "procedureName" : "ActiveCollabsUpdateNotifyFirstResponder_MonitorReading",
    "resourceReference" : "/procedures/patient.monitoring.HeartRate.ActiveCollabsUpdateNotifyFirstResponder_MonitorReading",
    "serviceName" : "HeartRate",
    "timestamp" : "2023-01-24T18:42:53.365Z",
    "type" : 3
  }, {
    "name" : "patient.monitoring.HeartRate.ActiveCollabsUpdateNotifyPatient_MonitorReading",
    "packageName" : "patient.monitoring",
    "procedureName" : "ActiveCollabsUpdateNotifyPatient_MonitorReading",
    "resourceReference" : "/procedures/patient.monitoring.HeartRate.ActiveCollabsUpdateNotifyPatient_MonitorReading",
    "serviceName" : "HeartRate",
    "timestamp" : "2023-01-24T18:42:54.317Z",
    "type" : 3
  }, {
    "name" : "patient.monitoring.HeartRate.ActiveCollabsUpdateStatus_MonitorReading",
    "packageName" : "patient.monitoring",
    "procedureName" : "ActiveCollabsUpdateStatus_MonitorReading",
    "resourceReference" : "/procedures/patient.monitoring.HeartRate.ActiveCollabsUpdateStatus_MonitorReading",
    "serviceName" : "HeartRate",
    "timestamp" : "2023-01-24T18:42:54.617Z",
    "type" : 3
  }, {
    "name" : "patient.monitoring.HeartRate.ActiveCollabsUpdateTrackResponder_MonitorReading",
    "packageName" : "patient.monitoring",
    "procedureName" : "ActiveCollabsUpdateTrackResponder_MonitorReading",
    "resourceReference" : "/procedures/patient.monitoring.HeartRate.ActiveCollabsUpdateTrackResponder_MonitorReading",
    "serviceName" : "HeartRate",
    "timestamp" : "2023-01-24T18:42:59.492Z",
    "type" : 3
  }, {
    "name" : "patient.monitoring.HeartRate.ActiveCollabsWriteAll_MonitorReading",
    "packageName" : "patient.monitoring",
    "procedureName" : "ActiveCollabsWriteAll_MonitorReading",
    "resourceReference" : "/procedures/patient.monitoring.HeartRate.ActiveCollabsWriteAll_MonitorReading",
    "serviceName" : "HeartRate",
    "timestamp" : "2023-01-24T18:42:57.753Z",
    "type" : 3
  }, {
    "name" : "patient.monitoring.HeartRate.CollabIdsByEntityStoreId_MonitorReading",
    "packageName" : "patient.monitoring",
    "procedureName" : "CollabIdsByEntityStoreId_MonitorReading",
    "resourceReference" : "/procedures/patient.monitoring.HeartRate.CollabIdsByEntityStoreId_MonitorReading",
    "serviceName" : "HeartRate",
    "timestamp" : "2023-01-24T18:42:57.072Z",
    "type" : 3
  }, {
    "name" : "patient.monitoring.HeartRate.LoopWhileStateGet_MonitorReading",
    "packageName" : "patient.monitoring",
    "procedureName" : "LoopWhileStateGet_MonitorReading",
    "resourceReference" : "/procedures/patient.monitoring.HeartRate.LoopWhileStateGet_MonitorReading",
    "serviceName" : "HeartRate",
    "timestamp" : "2023-01-24T18:42:40.767Z",
    "type" : 3
  }, {
    "name" : "patient.monitoring.HeartRate.LoopWhileStateReset_MonitorReading",
    "packageName" : "patient.monitoring",
    "procedureName" : "LoopWhileStateReset_MonitorReading",
    "resourceReference" : "/procedures/patient.monitoring.HeartRate.LoopWhileStateReset_MonitorReading",
    "serviceName" : "HeartRate",
    "timestamp" : "2023-01-24T18:42:46.311Z",
    "type" : 3
  }, {
    "name" : "patient.monitoring.HeartRate.LoopWhileStateUpdate_MonitorReading",
    "packageName" : "patient.monitoring",
    "procedureName" : "LoopWhileStateUpdate_MonitorReading",
    "resourceReference" : "/procedures/patient.monitoring.HeartRate.LoopWhileStateUpdate_MonitorReading",
    "serviceName" : "HeartRate",
    "timestamp" : "2023-01-24T18:42:44.909Z",
    "type" : 3
  }, {
    "label" : "patient.monitoring.HeartRate.PartitionedAppState",
    "name" : "patient.monitoring.HeartRate.PartitionedAppState",
    "resourceReference" : "/types/patient.monitoring.HeartRate.PartitionedAppState",
    "timestamp" : "2023-01-24T18:42:39.881Z",
    "type" : 1
  }, {
    "label" : "patient.monitoring.HeartRate.generateHeartRate",
    "name" : "patient.monitoring.HeartRate.generateHeartRate",
    "packageName" : "patient.monitoring",
    "procedureName" : "generateHeartRate",
    "resourceReference" : "/procedures/patient.monitoring.HeartRate.generateHeartRate",
    "serviceName" : "HeartRate",
    "timestamp" : "2023-01-24T18:42:20.737Z",
    "type" : 3
  }, {
    "label" : "patient.monitoring.HeartRate.js",
    "name" : "patient.monitoring.HeartRate.js",
    "resourceReference" : "/documents/patient.monitoring.HeartRate.js",
    "timestamp" : "2023-01-24T18:43:02.880Z",
    "type" : 19
  }, {
    "label" : "patient.monitoring.HeartRate_MonitorReading",
    "name" : "patient.monitoring.HeartRate_MonitorReading",
    "resourceReference" : "/types/patient.monitoring.HeartRate_MonitorReading",
    "timestamp" : "2023-01-24T18:42:10.588Z",
    "type" : 1
  }, {
    "label" : "patient.monitoring.HeartRate_MonitorReading_EventHandler",
    "name" : "patient.monitoring.HeartRate_MonitorReading_EventHandler",
    "resourceReference" : "/collaborationtypes/patient.monitoring.HeartRate_MonitorReading_EventHandler",
    "timestamp" : "2023-01-24T18:42:23.747Z",
    "type" : 12
  } ],
  "tools" : [ {
    "isPinned" : false,
    "name" : "Errors",
    "type" : 13
  }, {
    "dockLocation" : "top",
    "isPinned" : false,
    "name" : "Inactive Panes",
    "type" : 99
  }, {
    "isPinned" : false,
    "name" : "Project Contents",
    "type" : 2
  }, {
    "isPinned" : false,
    "name" : "Project Description",
    "pane" : {
      "c" : 1,
      "r" : 0
    },
    "state" : 2,
    "type" : 82
  }, {
    "isPinned" : false,
    "name" : "patient.monitoring.HeartRate",
    "pane" : {
      "c" : 0,
      "r" : 0
    },
    "resourceKey" : "services/patient.monitoring.HeartRate",
    "state" : 2,
    "type" : 109
  } ],
  "type" : "dev",
  "views" : [ {
    "name" : "Project Contents",
    "projectToolKeys" : [ "errorviewer/Errors", "tiledock/Inactive Panes", "list/Project Contents", "projectdescription/Project Description", "services/patient.monitoring.HeartRate" ]
  } ]
}