{
  "activationConstraint" : "",
  "active" : false,
  "ars_properties" : null,
  "ars_relationships" : [ ],
  "autoUnwind" : false,
  "config" : {
    "cleanSession" : true,
    "connectionTimeout" : 15,
    "contentType" : "application/json",
    "keepAliveInterval" : 15,
    "maxInflight" : 10,
    "passwordType" : "string",
    "qos" : "AT_LEAST_ONCE",
    "serverURIs" : [ "tcp://public.vantiq.com:1883" ],
    "topics" : [ "com.vantiq.mqtt.enginetemp" ]
  },
  "messageType" : null,
  "mockProcedures" : { },
  "name" : "com.vantiq.engines.TemperatureSensor",
  "type" : "MQTT"
}
