{
  "bodyChildren" : {
    "rootArray" : [ "6e501508-5e1b-42ae-8c63-c05f1d8047be", "558d9b5f-af80-467f-ad8b-b6e371895d13", "9754c0c8-0293-4bb9-a134-a67ae44f5683", "e251f803-c35c-4d5a-882f-2912db15c8e3", "fc29bd37-cb2c-4653-b97a-e1f4e7020b50" ],
    "widgets" : [ {
      "binding" : "client.data.productCount",
      "borderColor" : "Default",
      "borderRadius" : 4,
      "borderThickness" : 0,
      "defaultValue" : "",
      "heightPolicy" : "naturalSize",
      "horzGravity" : "center",
      "isReadOnly" : true,
      "label" : "Products Count",
      "labelAlign" : "center",
      "labelColor" : "#000000",
      "labelSize" : 14,
      "labelStyle" : "plain",
      "name" : "InputString13",
      "optional" : true,
      "placeholder" : "",
      "type" : "InputString",
      "uuid" : "3046ba84-de1e-431e-8f00-f56c83682e82",
      "v" : 17,
      "vertGravity" : "center",
      "widthPolicy" : "sizeToCell"
    }, {
      "borderColor" : "Default",
      "borderRadius" : 4,
      "borderThickness" : 0,
      "fontFamily" : "inherit",
      "fontSize" : 20,
      "fontStyle" : "normal",
      "fontWeight" : "normal",
      "heightPolicy" : "naturalSize",
      "horzGravity" : "center",
      "name" : "StaticText205",
      "text" : "Store Order Terminal",
      "type" : "StaticText",
      "uuid" : "558d9b5f-af80-467f-ad8b-b6e371895d13",
      "v" : 17,
      "vertGravity" : "center",
      "widthPolicy" : "naturalSize"
    }, {
      "borderColor" : "Default",
      "borderRadius" : 4,
      "borderThickness" : 0,
      "heightPolicy" : "naturalSize",
      "horzGravity" : "center",
      "name" : "StaticImage2",
      "preserveAspectRatio" : true,
      "type" : "StaticImage",
      "url" : "../cmn/assets/branding/defaultImage.png",
      "uuid" : "6e501508-5e1b-42ae-8c63-c05f1d8047be",
      "v" : 17,
      "vertGravity" : "center",
      "widthPolicy" : "naturalSize"
    }, {
      "borderColor" : "Default",
      "borderRadius" : 4,
      "borderThickness" : 2,
      "children" : [ "b8c07de7-9be4-47c6-89e1-ca7be369de0e", "3046ba84-de1e-431e-8f00-f56c83682e82" ],
      "heightPolicy" : "naturalSize",
      "horzGravity" : "center",
      "innerMargin" : 20,
      "name" : "HorizontalLayout31",
      "type" : "HorizontalLayout",
      "uuid" : "9754c0c8-0293-4bb9-a134-a67ae44f5683",
      "v" : 17,
      "vertGravity" : "center",
      "widthPolicy" : "sizeToCell"
    }, {
      "binding" : "client.data.storeId",
      "borderColor" : "Default",
      "borderRadius" : 4,
      "borderThickness" : 0,
      "defaultValue" : "",
      "heightPolicy" : "naturalSize",
      "horzGravity" : "center",
      "isReadOnly" : true,
      "label" : "Store Id",
      "labelAlign" : "center",
      "labelColor" : "#000000",
      "labelSize" : 14,
      "labelStyle" : "plain",
      "name" : "InputString1",
      "optional" : true,
      "placeholder" : "",
      "type" : "InputString",
      "uuid" : "b8c07de7-9be4-47c6-89e1-ca7be369de0e",
      "v" : 17,
      "vertGravity" : "center",
      "widthPolicy" : "sizeToCell"
    }, {
      "borderColor" : "Default",
      "borderRadius" : 4,
      "borderThickness" : 0,
      "buttonBackgroundColor" : "platform",
      "buttonLabel" : "Order 1",
      "buttonLabelColor" : "platform",
      "buttonLabelSize" : 18,
      "buttonLabelStyle" : "plain",
      "heightPolicy" : "naturalSize",
      "horzGravity" : "center",
      "labelAlign" : "center",
      "labelColor" : "#000000",
      "labelSize" : 14,
      "labelStyle" : "plain",
      "name" : "Button34",
      "submitValue" : 100,
      "type" : "Button",
      "uuid" : "e251f803-c35c-4d5a-882f-2912db15c8e3",
      "v" : 17,
      "vertGravity" : "center",
      "widthPolicy" : "sizeToCell"
    }, {
      "borderColor" : "Default",
      "borderRadius" : 4,
      "borderThickness" : 0,
      "buttonBackgroundColor" : "platform",
      "buttonLabel" : "Order 10",
      "buttonLabelColor" : "platform",
      "buttonLabelSize" : 18,
      "buttonLabelStyle" : "plain",
      "heightPolicy" : "naturalSize",
      "horzGravity" : "center",
      "labelAlign" : "center",
      "labelColor" : "#000000",
      "labelSize" : 14,
      "labelStyle" : "plain",
      "name" : "Button69",
      "submitValue" : 100,
      "type" : "Button",
      "uuid" : "fc29bd37-cb2c-4653-b97a-e1f4e7020b50",
      "v" : 17,
      "vertGravity" : "center",
      "widthPolicy" : "sizeToCell"
    } ]
  },
  "data" : {
    "properties" : { }
  },
  "footerChildren" : [ ],
  "hasFooter" : false,
  "layoutType" : "mobile",
  "responseResource" : "topics",
  "responseResourceId" : "/my/response/topic",
  "responseTopic" : "/my/response/topic"
}