{
  "frequency" : 1000,
  "name" : "Resident",
  "numOfInserts" : 20,
  "properties" : [ {
    "multi" : false,
    "name" : "floor",
    "required" : false,
    "type" : "String",
    "value" : "%Eone:two%",
    "variation" : "Random"
  }, {
    "multi" : false,
    "name" : "location",
    "required" : false,
    "type" : "GeoJSON",
    "value" : "{\"type\":\"Point\",\"coordinates\":[10,10]}",
    "variation" : "None"
  }, {
    "multi" : false,
    "name" : "name",
    "required" : false,
    "type" : "String",
    "value" : "%Ealice:bob:carol%",
    "variation" : "Step"
  } ],
  "script" : [ {
    "object" : {
      "floor" : "two",
      "location" : {
        "coordinates" : [ 10, 10 ],
        "type" : "Point"
      },
      "name" : "alice"
    },
    "resourceName" : "Resident",
    "sendOffset" : 0
  }, {
    "object" : {
      "floor" : "one",
      "location" : {
        "coordinates" : [ 10, 10 ],
        "type" : "Point"
      },
      "name" : "bob"
    },
    "resourceName" : "Resident",
    "sendOffset" : 1000
  }, {
    "object" : {
      "floor" : "two",
      "location" : {
        "coordinates" : [ 10, 10 ],
        "type" : "Point"
      },
      "name" : "carol"
    },
    "resourceName" : "Resident",
    "sendOffset" : 2000
  }, {
    "object" : {
      "floor" : "two",
      "location" : {
        "coordinates" : [ 10, 10 ],
        "type" : "Point"
      },
      "name" : "alice"
    },
    "resourceName" : "Resident",
    "sendOffset" : 3000
  }, {
    "object" : {
      "floor" : "one",
      "location" : {
        "coordinates" : [ 10, 10 ],
        "type" : "Point"
      },
      "name" : "bob"
    },
    "resourceName" : "Resident",
    "sendOffset" : 4000
  }, {
    "object" : {
      "floor" : "two",
      "location" : {
        "coordinates" : [ 10, 10 ],
        "type" : "Point"
      },
      "name" : "carol"
    },
    "resourceName" : "Resident",
    "sendOffset" : 5000
  }, {
    "object" : {
      "floor" : "two",
      "location" : {
        "coordinates" : [ 10, 10 ],
        "type" : "Point"
      },
      "name" : "alice"
    },
    "resourceName" : "Resident",
    "sendOffset" : 6000
  }, {
    "object" : {
      "floor" : "two",
      "location" : {
        "coordinates" : [ 10, 10 ],
        "type" : "Point"
      },
      "name" : "bob"
    },
    "resourceName" : "Resident",
    "sendOffset" : 7000
  }, {
    "object" : {
      "floor" : "one",
      "location" : {
        "coordinates" : [ 10, 10 ],
        "type" : "Point"
      },
      "name" : "carol"
    },
    "resourceName" : "Resident",
    "sendOffset" : 8000
  }, {
    "object" : {
      "floor" : "two",
      "location" : {
        "coordinates" : [ 10, 10 ],
        "type" : "Point"
      },
      "name" : "alice"
    },
    "resourceName" : "Resident",
    "sendOffset" : 9000
  }, {
    "object" : {
      "floor" : "one",
      "location" : {
        "coordinates" : [ 10, 10 ],
        "type" : "Point"
      },
      "name" : "bob"
    },
    "resourceName" : "Resident",
    "sendOffset" : 10000
  }, {
    "object" : {
      "floor" : "one",
      "location" : {
        "coordinates" : [ 10, 10 ],
        "type" : "Point"
      },
      "name" : "carol"
    },
    "resourceName" : "Resident",
    "sendOffset" : 11000
  }, {
    "object" : {
      "floor" : "one",
      "location" : {
        "coordinates" : [ 10, 10 ],
        "type" : "Point"
      },
      "name" : "alice"
    },
    "resourceName" : "Resident",
    "sendOffset" : 12000
  }, {
    "object" : {
      "floor" : "two",
      "location" : {
        "coordinates" : [ 10, 10 ],
        "type" : "Point"
      },
      "name" : "bob"
    },
    "resourceName" : "Resident",
    "sendOffset" : 13000
  }, {
    "object" : {
      "floor" : "two",
      "location" : {
        "coordinates" : [ 10, 10 ],
        "type" : "Point"
      },
      "name" : "carol"
    },
    "resourceName" : "Resident",
    "sendOffset" : 14000
  }, {
    "object" : {
      "floor" : "one",
      "location" : {
        "coordinates" : [ 10, 10 ],
        "type" : "Point"
      },
      "name" : "alice"
    },
    "resourceName" : "Resident",
    "sendOffset" : 15000
  }, {
    "object" : {
      "floor" : "two",
      "location" : {
        "coordinates" : [ 10, 10 ],
        "type" : "Point"
      },
      "name" : "bob"
    },
    "resourceName" : "Resident",
    "sendOffset" : 16000
  }, {
    "object" : {
      "floor" : "two",
      "location" : {
        "coordinates" : [ 10, 10 ],
        "type" : "Point"
      },
      "name" : "carol"
    },
    "resourceName" : "Resident",
    "sendOffset" : 17000
  }, {
    "object" : {
      "floor" : "one",
      "location" : {
        "coordinates" : [ 10, 10 ],
        "type" : "Point"
      },
      "name" : "alice"
    },
    "resourceName" : "Resident",
    "sendOffset" : 18000
  }, {
    "object" : {
      "floor" : "two",
      "location" : {
        "coordinates" : [ 10, 10 ],
        "type" : "Point"
      },
      "name" : "bob"
    },
    "resourceName" : "Resident",
    "sendOffset" : 19000
  } ],
  "type" : "Resident"
}