{
  "links" : [ {
    "source" : "type/com.vantiq.engines.EngineSpeed",
    "target" : "app/EngineMonitor"
  }, {
    "source" : "app/EngineMonitor",
    "target" : "type/com.vantiq.engines.SystemHUD"
  }, {
    "source" : "type/com.vantiq.engines.EngineTemp",
    "target" : "app/EngineMonitor"
  }, {
    "source" : "type/com.vantiq.engines.SystemHUD",
    "target" : "subscription/SystemHUD"
  }, {
    "source" : "type/com.vantiq.engines.SystemStatus",
    "target" : "client/EngineSimulation"
  }, {
    "source" : "type/com.vantiq.engines.SystemHUD",
    "target" : "client/EngineSimulation"
  }, {
    "source" : "client/EngineSimulation",
    "target" : "topic//my/response/topic"
  }, {
    "source" : "app/AggregateUpdates",
    "target" : "procedure/AggregateUpdates.generate"
  }, {
    "source" : "type/com.vantiq.engines.SystemStatus",
    "target" : "app/EngineMonitor"
  }, {
    "source" : "app/EngineMonitor",
    "target" : "app/AggregateUpdates"
  } ],
  "name" : "AppComponentTutorial",
  "options" : {
    "description" : "The Component Tutorial demonstrates how to create a Component from scratch. The AggregateUpdates Component is a general rate limiter. For a given Type, inbound events are split using the Type's natural key. The most recent value for each key is cached and then written to the database at a maximum frequency provided by the user.\n\nThe AggregateUpdates Component is used to replace the UpdateSystemStatus task in the EngineMonitor App created in the Introductory Tutorial.\n",
    "dockCollapsed" : {
      "bottom" : true,
      "left" : false,
      "right" : false,
      "top" : false,
      "viewtabs" : false
    },
    "dockDimensions" : {
      "bottom" : 200,
      "debug" : [ 521.3416565503054, 980.6583434496947 ],
      "left" : 210,
      "right" : 220,
      "top" : 0,
      "viewtabs" : 0
    },
    "dockSort" : 1,
    "exclusionList" : [ "eventstream/apps.EngineMonitor.TempReading", "procedure/AppGeneration.generateComponent", "procedure/AppGeneration.generateHeartbeat", "rule/apps.EngineMonitor.LogTemp", "services/AppGeneration", "test/EngineMonitorTest", "topic//apps.EngineMonitor/debug" ],
    "filterBitArray" : "ffffffffffffffffffffffffffffffff",
    "isModeloProject" : true,
    "layoutStyle" : "tile",
    "openFolders" : [ "type/com.vantiq.engines", "eventstream", "eventstream/apps.EngineMonitor", "rule", "rule/apps.EngineMonitor", "topic", "topic/apps.EngineMonitor", "subscription", "type", "client", "test", "app", "eventgenerator", "services" ],
    "rootViewFlavor" : 1,
    "showGrid" : true,
    "tileColumns" : 2,
    "tileRows" : 2,
    "type" : "dev",
    "v" : 4,
    "viewUUID" : "MAINVIEW"
  },
  "resources" : [ {
    "label" : "/my/response/topic",
    "name" : "/my/response/topic",
    "node" : {
      "x" : 393.9,
      "y" : 637.8
    },
    "resourceReference" : "/topics//my/response/topic",
    "type" : 10
  }, {
    "inventory" : {
      "clientHash" : [ ],
      "clients" : [ ],
      "collaborationHash" : [ ],
      "collaborations" : [ ],
      "eventstreamHash" : [ ],
      "eventstreams" : [ ],
      "procedureHash" : [ "out" ],
      "procedures" : [ "AggregateUpdates.generate" ],
      "sourceHash" : [ ],
      "sources" : [ ],
      "systemmodelHash" : [ ],
      "systemmodels" : [ ],
      "topicHash" : [ ],
      "topics" : [ ],
      "typeHash" : [ ],
      "types" : [ ]
    },
    "name" : "AggregateUpdates",
    "resourceReference" : "/collaborationtypes/AggregateUpdates",
    "timestamp" : "2021-04-01T21:39:32.626Z",
    "type" : 12
  }, {
    "name" : "AggregateUpdates",
    "resourceReference" : "/system.services/AggregateUpdates",
    "timestamp" : "2021-04-01T21:39:32.492Z",
    "type" : 63
  }, {
    "inventory" : {
      "clientHash" : [ ],
      "clients" : [ ],
      "collaborationHash" : [ ],
      "collaborations" : [ ],
      "eventstreamHash" : [ ],
      "eventstreams" : [ ],
      "procedureHash" : [ "out", "out", "out", "out", "out", "out" ],
      "procedures" : [ "AppGeneration.getComponent", "AppGeneration.toggleBadging", "Utils.getType", "exception", "AppGeneration.validateComponentConfiguration", "generateResource" ],
      "sourceHash" : [ ],
      "sources" : [ ],
      "systemmodelHash" : [ ],
      "systemmodels" : [ ],
      "topicHash" : [ ],
      "topics" : [ ],
      "typeHash" : [ "in" ],
      "types" : [ "collaborationtypes" ]
    },
    "name" : "AggregateUpdates.generate",
    "procedureName" : "generate",
    "resourceReference" : "/procedures/AggregateUpdates.generate",
    "serviceName" : "AggregateUpdates",
    "timestamp" : "2021-04-01T21:39:32.533Z",
    "type" : 3
  }, {
    "inventory" : {
      "clientHash" : [ ],
      "clients" : [ ],
      "collaborationHash" : [ ],
      "collaborations" : [ ],
      "eventstreamHash" : [ ],
      "eventstreams" : [ ],
      "procedureHash" : [ ],
      "procedures" : [ ],
      "sourceHash" : [ ],
      "sources" : [ ],
      "systemmodelHash" : [ ],
      "systemmodels" : [ ],
      "topicHash" : [ ],
      "topics" : [ ],
      "typeHash" : [ "in", "in", "out", "in" ],
      "types" : [ "com.vantiq.engines.EngineSpeed", "com.vantiq.engines.EngineTemp", "com.vantiq.engines.SystemHUD", "com.vantiq.engines.SystemStatus" ]
    },
    "label" : "EngineMonitor",
    "name" : "EngineMonitor",
    "node" : {
      "x" : 302,
      "y" : 321.3
    },
    "resourceReference" : "/collaborationtypes/EngineMonitor",
    "timestamp" : "2021-04-01T21:43:40.189Z",
    "type" : 12
  }, {
    "label" : "EngineSimulation",
    "name" : "EngineSimulation",
    "resourceReference" : "/system.eventgenerators/EngineSimulation",
    "timestamp" : "2021-04-01T21:40:54.417Z",
    "type" : 65
  }, {
    "inventory" : {
      "clientHash" : [ ],
      "clients" : [ ],
      "collaborationHash" : [ ],
      "collaborations" : [ ],
      "eventstreamHash" : [ ],
      "eventstreams" : [ ],
      "procedureHash" : [ ],
      "procedures" : [ ],
      "sourceHash" : [ ],
      "sources" : [ ],
      "systemmodelHash" : [ ],
      "systemmodels" : [ ],
      "topicHash" : [ "out" ],
      "topics" : [ "/my/response/topic" ],
      "typeHash" : [ "in", "in" ],
      "types" : [ "com.vantiq.engines.SystemStatus", "com.vantiq.engines.SystemHUD" ]
    },
    "label" : "EngineSimulation",
    "name" : "EngineSimulation",
    "node" : {
      "x" : 239.9,
      "y" : 587.9
    },
    "resourceReference" : "/system.clients/EngineSimulation",
    "timestamp" : "2021-04-01T21:40:52.060Z",
    "type" : 15
  }, {
    "inventory" : {
      "clientHash" : [ ],
      "clients" : [ ],
      "collaborationHash" : [ ],
      "collaborations" : [ ],
      "eventstreamHash" : [ ],
      "eventstreams" : [ ],
      "procedureHash" : [ ],
      "procedures" : [ ],
      "sourceHash" : [ ],
      "sources" : [ ],
      "systemmodelHash" : [ ],
      "systemmodels" : [ ],
      "topicHash" : [ ],
      "topics" : [ ],
      "typeHash" : [ "in" ],
      "types" : [ "com.vantiq.engines.SystemHUD" ]
    },
    "label" : "SystemHUD",
    "name" : "SystemHUD",
    "node" : {
      "x" : 468,
      "y" : 368.8
    },
    "resourceReference" : "/ArsSubscribe/SystemHUD",
    "timestamp" : "2021-04-01T21:40:53.067Z",
    "type" : 9
  }, {
    "label" : "com.vantiq.engines.EngineSpeed",
    "name" : "com.vantiq.engines.EngineSpeed",
    "node" : {
      "x" : 409.4,
      "y" : 159.1
    },
    "resourceReference" : "/types/com.vantiq.engines.EngineSpeed",
    "timestamp" : "2021-04-01T21:40:51.707Z",
    "type" : 1
  }, {
    "label" : "com.vantiq.engines.EngineTemp",
    "name" : "com.vantiq.engines.EngineTemp",
    "node" : {
      "x" : 207.9,
      "y" : 208.1
    },
    "resourceReference" : "/types/com.vantiq.engines.EngineTemp",
    "timestamp" : "2021-04-01T21:40:51.707Z",
    "type" : 1
  }, {
    "label" : "com.vantiq.engines.SystemHUD",
    "name" : "com.vantiq.engines.SystemHUD",
    "node" : {
      "x" : 421.5,
      "y" : 490
    },
    "resourceReference" : "/types/com.vantiq.engines.SystemHUD",
    "timestamp" : "2021-04-01T21:40:52.005Z",
    "type" : 1
  }, {
    "label" : "com.vantiq.engines.SystemStatus",
    "name" : "com.vantiq.engines.SystemStatus",
    "node" : {
      "x" : 218.3,
      "y" : 437.6
    },
    "resourceReference" : "/types/com.vantiq.engines.SystemStatus",
    "timestamp" : "2021-04-01T21:40:52.007Z",
    "type" : 1
  }],
  "tools" : [ {
    "isPinned" : false,
    "name" : "AggregateUpdates",
    "pane" : {
      "c" : 0,
      "r" : 1
    },
    "resourceKey" : "app/AggregateUpdates",
    "state" : 2,
    "toolOptions" : { },
    "type" : 15
  }, {
    "isPinned" : false,
    "name" : "EngineMonitor",
    "pane" : {
      "c" : 1,
      "r" : 0
    },
    "resourceKey" : "app/EngineMonitor",
    "state" : 2,
    "toolOptions" : { },
    "type" : 15
  }, {
    "isPinned" : false,
    "name" : "EngineSimulation",
    "pane" : {
      "c" : 1,
      "r" : 1
    },
    "resourceKey" : "eventgenerator/EngineSimulation",
    "state" : 2,
    "type" : 111
  }, {
    "isPinned" : false,
    "name" : "Errors",
    "type" : 13
  }, {
    "dockLocation" : "top",
    "isPinned" : false,
    "name" : "Inactive Panes",
    "type" : 99
  }, {
    "isPinned" : false,
    "name" : "Log Messages",
    "type" : 12
  }, {
    "isPinned" : false,
    "name" : "Project Contents",
    "type" : 2
  }, {
    "isPinned" : false,
    "name" : "Project Description",
    "pane" : {
      "c" : 0,
      "r" : 0
    },
    "state" : 2,
    "type" : 82
  } ],
  "type" : "dev",
  "views" : [ {
    "name" : "Project Contents",
    "projectToolKeys" : [ "app/AggregateUpdates", "app/EngineMonitor", "eventgenerator/EngineSimulation", "errorviewer/Errors", "tiledock/Inactive Panes", "logviewer/Log Messages", "list/Project Contents", "projectdescription/Project Description" ]
  } ]
}