{
  "name": "contextualCompression",
  "disableTracing": false,
  "ars_properties": {
    "groups": {
      "aicomponents.resources": true,
      "aicomponents.primitives": true
    },
    "v": 1,
    "graph": {
      "scale": 3.2016540663436825,
      "translate": [
        381,
        103.86767774584064
      ],
      "lastZoomRequest": 0,
      "positions": {
        "Input": {
          "x": 0,
          "y": 0
        },
        "pretty_print_docs": {
          "x": 0,
          "y": 160
        },
        "compression_retriever": {
          "x": 0,
          "y": 80
        }
      }
    }
  },
  "isPrivate": false,
  "isComponent": false,
  "returnType": null,
  "serviceName": "com.vantiq.genai.TutorialService",
  "assembly": {
    "Input": {
      "component": "io.vantiq.ai.components.InitialInput",
      "configuration": {},
      "enableAuditing": false,
      "children": [
        "compression_retriever"
      ]
    },
    "pretty_print_docs": {
      "component": "io.vantiq.ai.components.CodeBlock",
      "configuration": {
        "codeBlock": {
          "code": "return f\"\\n{'-' * 100}\\n\".join(\n\t[f\"Document {i+1}:\\n\\n\" + d.page_content for i, d in enumerate(input)])",
          "language": "python"
        }
      },
      "enableAuditing": false,
      "children": []
    },
    "compression_retriever": {
      "component": "io.vantiq.ai.components.NativeLCEL",
      "configuration": {
        "lcelConfig": {},
        "codeBlock": {
          "code": "from langchain.retrievers import ContextualCompressionRetriever\nfrom langchain.retrievers.document_compressors import LLMChainExtractor\nfrom vantiq.resources import SemanticIndex, LLM\n\nretriever = SemanticIndex(\"com.vantiq.genai.StateOfUnion\", client_context)\nllm = LLM(\"GPT_LLM\", client_context)\ncompressor = LLMChainExtractor.from_llm(llm)\ncompression_retriever = ContextualCompressionRetriever(\n    base_compressor=compressor, base_retriever=retriever\n)\nreturn compression_retriever",
          "language": "python"
        }
      },
      "enableAuditing": false,
      "children": [
        "pretty_print_docs"
      ]
    }
  }
}