{
  "ars_properties": {
    "graph": {
      "scale": 3.111587982832618,
      "translate": [
        396.5579399141631,
        126.01931330472104
      ],
      "lastZoomRequest": 3,
      "positions": {
        "Input": {
          "x": 0,
          "y": 0
        },
        "LLM": {
          "x": 0.34622203719208533,
          "y": 160
        },
        "jokePrompt": {
          "x": 0,
          "y": 80
        }
      }
    },
    "groups": {
      "aicomponents.resources": true
    },
    "v": 1
  },
  "assembly": {
    "Input": {
      "component": "io.vantiq.ai.components.InitialInput",
      "configuration": {},
      "enableAuditing": false,
      "children": [
        "jokePrompt"
      ]
    },
    "LLM": {
      "component": "io.vantiq.ai.components.LLM",
      "configuration": {
        "llm": "GPT_LLM",
        "outputType": "String"
      },
      "enableAuditing": false,
      "children": []
    },
    "jokePrompt": {
      "component": "io.vantiq.ai.components.PromptFromTemplate",
      "configuration": {
        "defaultValues": null,
        "promptTemplate": {
          "type": "String",
          "value": "Tell a short joke about ${topic}."
        }
      },
      "enableAuditing": false,
      "children": [
        "LLM"
      ]
    }
  },
  "isComponent": false,
  "isPrivate": false,
  "name": "tellAJoke",
  "returnType": null,
  "serviceName": "com.vantiq.genai.TutorialService",
  "disableTracing": false
}