{
  "activationConstraint" : "",
  "active" : true,
  "ars_properties" : null,
  "ars_relationships" : [ ],
  "autoUnwind" : false,
  "config" : {
    "oauthContentType" : "application/x-www-form-urlencoded",
    "oauthGrantType" : "client_credentials",
    "oauthUseBasicAuth" : false,
    "passwordType" : "string",
    "pollingInterval" : 0,
    "query" : { },
    "requestDefaults" : {
      "openInference" : true
    },
    "uri" : "http://host_IP:18000"
  },
  "isUnavailable" : false,
  "messageType" : null,
  "mockProcedures" : { },
  "name" : "example.oip.TritonServer",
  "type" : "REMOTE"
}