{
  "active" : true,
  "appType" : true,
  "assembly" : {
    "MergeStreams" : {
      "configuration" : {
        "childStreams" : [ "UpdateSystemStatus" ],
        "outboundResource" : null,
        "outboundResourceConfig" : null,
        "outboundResourceId" : null,
        "upsert" : null
      },
      "description" : null,
      "pattern" : "Merge"
    },
    "SpeedReading" : {
      "configuration" : {
        "childStreams" : [ "MergeStreams" ],
        "inboundResource" : "types",
        "inboundResourceId" : "EngineSpeed",
        "op" : "INSERT",
        "outboundResource" : null,
        "outboundResourceId" : null,
        "schema" : "EngineSpeed",
        "upsert" : false
      },
      "description" : null,
      "pattern" : "EventStream"
    },
    "TempReading" : {
      "configuration" : {
        "childStreams" : [ "MergeStreams" ],
        "inboundResource" : "types",
        "inboundResourceId" : "EngineTemp",
        "op" : "INSERT",
        "outboundResource" : null,
        "outboundResourceId" : null,
        "schema" : "EngineTemp",
        "upsert" : false
      },
      "description" : null,
      "pattern" : "EventStream"
    },
    "TransformHUD" : {
      "configuration" : {
        "childStreams" : [ "UpdateHUD" ],
        "outboundResource" : null,
        "outboundResourceId" : null,
        "schema" : null,
        "transformation" : {
          "alertMsg" : {
            "expression" : "((event.temperature >= 210) && (event.speed >= 45)) ? \t\"Your engine is overheating, please reduce your speed.\" : \t(((event.temperature >= 210) && (event.speed < 45)) ? \t\"Your engine is overheating: check for a malfunctioning fan or a coolant leak.\" : \"\")",
            "type" : "expression"
          },
          "systemId" : {
            "expression" : "event.systemId",
            "type" : "expression"
          }
        },
        "upsert" : false
      },
      "description" : null,
      "pattern" : "Transformation"
    },
    "UpdateHUD" : {
      "configuration" : {
        "childStreams" : null,
        "type" : "SystemHUD",
        "upsert" : true
      },
      "description" : null,
      "pattern" : "SaveToType"
    },
    "UpdateSystemStatus" : {
      "configuration" : {
        "childStreams" : [ "TransformHUD" ],
        "type" : "SystemStatus",
        "upsert" : true
      },
      "description" : null,
      "pattern" : "SaveToType"
    }
  },
  "collaboratorRoles" : [ ],
  "currentState" : {
    "code" : "success"
  },
  "description" : "",
  "entityRoles" : [ ],
  "keyTypes" : [ "system.collaborations" ],
  "name" : "EngineMonitor"
}