{
  "active" : true,
  "ars_relationships" : [ ],
  "description" : null,
  "eventTypes" : {
    "EngineSpeed" : {
      "direction" : "OUTBOUND",
      "eventSchema" : "com.vantiq.engines.SpeedEvent",
      "isReliable" : false
    },
    "EngineStatus" : {
      "direction" : "OUTBOUND",
      "isReliable" : false
    },
    "SpeedEvent" : {
      "direction" : "INBOUND",
      "implementingResource" : "/collaborationtypes/com.vantiq.engines.EngineMonitor_SensorReading0_EventHandler/SensorReading"
    },
    "TemperatureEvent" : {
      "direction" : "INBOUND",
      "implementingResource" : "/collaborationtypes/com.vantiq.engines.EngineMonitor_SensorReading1_EventHandler/SensorReading"
    }
  },
  "globalType" : null,
  "interface" : [ {
    "name" : "writeLastAlert",
    "parameters" : [ ]
  } ],
  "internalEventHandlers" : [ ],
  "name" : "com.vantiq.engines.EngineMonitor",
  "partitionedType" : "com.vantiq.engines.EngineMonitor.PartitionedAppState",
  "replicationFactor" : 1,
  "scheduledProcedures" : {
    "writeLastAlert" : {
      "interval" : 60000
    }
  }
}