{
  "links" : [ {
    "source" : "type/Resident",
    "target" : "client/Resident"
  }, {
    "source" : "client/Resident",
    "target" : "topic//my/response/topic"
  } ],
  "name" : "FloorPlan",
  "options" : {
    "description" : "The FloorPlan tutorial demonstrates how to drop pins in coordinates on a 2D map or image. \n\nTo generated test data to power the client, click the play button next to the Resident Data Generator below and to the right.\n\nWith the client and data generator both running, you should see pins show up on both the first and second floor.\n\nTo see how the client was implemented, pause the client using the rounded square button on the Invoice Client title bar and click around on the vairous widgets. Also take a look at the Resident Data Stream to see how data makes it's way into the Client.",
    "dockCollapsed" : {
      "bottom" : false,
      "left" : false,
      "right" : false,
      "top" : false
    },
    "dockDimensions" : {
      "bottom" : 200,
      "debug" : [ 0, 0, 0 ],
      "left" : 210,
      "right" : 220,
      "top" : 0
    },
    "filterBitArray" : "ffffffffffffffffffffffffffffffff",
    "isModeloProject" : true,
    "layoutStyle" : "custom",
    "listFlavor" : "tree",
    "openResourceFolders" : { },
    "showGrid" : true,
    "type" : "dev",
    "v" : 3
  },
  "resources" : [ {
    "label" : "/my/response/topic",
    "name" : "/my/response/topic",
    "node" : {
      "x" : -38.6,
      "y" : 97
    },
    "resourceReference" : "/topics//my/response/topic",
    "type" : 10
  }, {
    "label" : "Resident",
    "name" : "Resident",
    "node" : {
      "x" : 156.6,
      "y" : 20.8
    },
    "resourceReference" : "/types/Resident",
    "timestamp" : "2020-04-14T05:10:27.567Z",
    "type" : 1
  }, {
    "inventory" : {
      "clientHash" : [ ],
      "clients" : [ ],
      "collaborationHash" : [ ],
      "collaborations" : [ ],
      "eventstreamHash" : [ ],
      "eventstreams" : [ ],
      "procedureHash" : [ ],
      "procedures" : [ ],
      "sourceHash" : [ ],
      "sources" : [ ],
      "systemmodelHash" : [ ],
      "systemmodels" : [ ],
      "topicHash" : [ "out" ],
      "topics" : [ "/my/response/topic" ],
      "typeHash" : [ "in" ],
      "types" : [ "Resident" ]
    },
    "label" : "Resident",
    "name" : "Resident",
    "node" : {
      "x" : 145.6,
      "y" : 168.2
    },
    "resourceReference" : "/system.clients/Resident",
    "timestamp" : "2020-04-14T05:10:28.049Z",
    "type" : 15
  } ],
  "tools" : [ {
    "isPinned" : false,
    "name" : "Project Resource Graph",
    "pane" : {
      "h" : 220,
      "w" : 520,
      "x" : 690,
      "y" : 20
    },
    "toolOptions" : {
      "scaleAndTranslationState" : {
        "lastZoomRequest" : 3,
        "scale" : 0.8497449432117286,
        "translate" : [ 163.58185629253268, 16.17951362477318 ]
      }
    },
    "type" : 1
  }, {
    "isPinned" : false,
    "name" : "Data Generators",
    "pane" : {
      "h" : 250,
      "w" : 520,
      "x" : 690,
      "y" : 240
    },
    "type" : 47
  }, {
    "isPinned" : false,
    "name" : "Resident",
    "pane" : {
      "h" : 700,
      "w" : 1190,
      "x" : 20,
      "y" : 500
    },
    "resourceKey" : "client/Resident",
    "toolOptions" : {
      "isRunning" : true
    },
    "type" : 63
  }, {
    "isPinned" : false,
    "name" : "Project Description",
    "pane" : {
      "h" : 460,
      "w" : 650,
      "x" : 20,
      "y" : 20
    },
    "type" : 82
  }, {
    "dockLocation" : "top",
    "isPinned" : false,
    "name" : "Inactive Panes",
    "pane" : {
      "h" : 10,
      "w" : 10,
      "x" : -6000,
      "y" : -6000
    },
    "type" : 99
  }, {
    "isPinned" : false,
    "name" : "Project Contents",
    "pane" : {
      "h" : 604,
      "w" : 210,
      "x" : 0,
      "y" : 0
    },
    "type" : 2
  }, {
    "isPinned" : false,
    "name" : "Errors",
    "pane" : {
      "h" : 200,
      "w" : 1920,
      "x" : 0,
      "y" : 0
    },
    "type" : 13
  } ],
  "type" : "dev",
  "views" : [ {
    "name" : "Main",
    "projectToolKeys" : [ "graph/Project Resource Graph", "datagenerators/Data Generators", "client/Resident", "projectdescription/Project Description", "tiledock/Inactive Panes", "list/Project Contents", "errorviewer/Errors" ]
  } ]
}