{
  "links" : [ {
    "source" : "rule/weatherReading",
    "target" : "type/weatherReading"
  }, {
    "source" : "source/weather",
    "target" : "rule/weatherReading"
  } ],
  "name" : "WeatherSource",
  "options" : {
    "description" : "To enable the weather source, you will need to register for an API key from http://api.openweathermap.org\n\nOnce you have registered for the API key, copy the value and replace \"CHANGEMETOYOURAPPID\" at the end of Server URI field in the source definition below.\n\nCheck the active checkbox in the titlebar (empty square with rounded corners) and save the source. The Current State should flip from a red down arrow to a green up arrow. \n\nOnce the source is active, click the play button on the source title bar to view the raw weather readings received from the source, or go to show -> find records -> select the weatherReading type, and query for all of the recorded values.\n",
    "filterBitArray" : "000000ffffffffffffffffff00ffffff",
    "isModeloProject" : true,
    "showGrid" : true,
    "v" : 2
  },
  "resources" : [ {
    "label" : "weather",
    "name" : "weather",
    "node" : {
      "x" : 187.13102582137026,
      "y" : 185.47916326596444
    },
    "timestamp" : "2018-07-17T21:58:13.585Z",
    "type" : 4
  }, {
    "inventory" : {
      "appmodelHash" : [ ],
      "appmodels" : [ ],
      "clientHash" : [ ],
      "clients" : [ ],
      "collaborationHash" : [ ],
      "collaborations" : [ ],
      "pagesetHash" : [ ],
      "pagesets" : [ ],
      "procedureHash" : [ ],
      "procedures" : [ ],
      "sourceHash" : [ "in" ],
      "sources" : [ "weather" ],
      "systemmodelHash" : [ ],
      "systemmodels" : [ ],
      "topicHash" : [ ],
      "topics" : [ ],
      "typeHash" : [ "out" ],
      "types" : [ "weatherReading" ]
    },
    "label" : "weatherReading",
    "name" : "weatherReading",
    "node" : {
      "x" : 280.76247665003746,
      "y" : 309.79696215135294
    },
    "timestamp" : "2018-07-17T21:58:12.714Z",
    "type" : 2
  }, {
    "label" : "weatherReading",
    "name" : "weatherReading",
    "node" : {
      "x" : 404.3452163672068,
      "y" : 189.64570083954237
    },
    "timestamp" : "2018-07-17T21:58:12.739Z",
    "type" : 1
  } ],
  "tools" : [ {
    "name" : "Project Resource Graph",
    "pane" : {
      "h" : 400,
      "w" : 600,
      "x" : 20,
      "y" : 20
    },
    "toolOptions" : {
      "scaleAndTranslationState" : {
        "lastZoomRequest" : 0,
        "scale" : 1.0817445582694492,
        "translate" : [ -36.74068332839454, -107.19522011496353 ]
      }
    },
    "type" : 1
  }, {
    "name" : "weather",
    "pane" : {
      "h" : 400,
      "w" : 600,
      "x" : 640,
      "y" : 440
    },
    "resourceKey" : "source/weather",
    "type" : 5
  }, {
    "name" : "Project Description",
    "pane" : {
      "h" : 400,
      "w" : 600,
      "x" : 640,
      "y" : 20
    },
    "type" : 82
  }, {
    "name" : "weatherReading",
    "pane" : {
      "h" : 400,
      "w" : 600,
      "x" : 20,
      "y" : 440
    },
    "resourceKey" : "rule/weatherReading",
    "type" : 3
  } ],
  "type" : "dev",
  "views" : [ {
    "name" : "Main",
    "projectToolKeys" : [ "graph/Project Resource Graph", "subsourceeditor/weather", "projectdescription/Project Description", "cmeditorrule/weatherReading" ]
  } ]
}