{
  "ars_relationships" : [ ],
  "links" : [ {
    "source" : "rule/weatherReading",
    "target" : "type/weatherReading"
  }, {
    "source" : "source/weather",
    "target" : "rule/weatherReading"
  } ],
  "name" : "WeatherSource",
  "options" : {
    "description" : "To enable the weather source, you will need to register for an API key from http://api.openweathermap.org\n\nOnce you have registered for the API key, copy the value and replace \"CHANGEMETOYOURAPPID\" at the end of Server URI field in the source definition below.\n\nCheck the active checkbox in the titlebar (empty square with rounded corners) and save the source. The Current State should flip from a gray circled-check to a green circled-check. \n\nOnce the source is active, click the play button on the source title bar to view the raw weather readings received from the source, or go to Show -> Find Records -> select the weatherReading type, and query for all of the recorded values.\n",
    "dockCollapsed" : {
      "bottom" : false,
      "left" : false,
      "right" : false,
      "top" : false,
      "viewtabs" : false
    },
    "dockDimensions" : {
      "bottom" : 200,
      "debug" : [ 0, 0, 0 ],
      "left" : 210,
      "right" : 220,
      "top" : 0,
      "viewtabs" : 0
    },
    "dockSort" : 1,
    "filterBitArray" : "000000ffffffffffffffffff00ffffff",
    "isModeloProject" : true,
    "layoutStyle" : "tile",
    "openFolders" : [ "rule", "source", "type" ],
    "rootViewFlavor" : 5,
    "showGrid" : true,
    "tileColumns" : 2,
    "tileRows" : 2,
    "type" : "dev",
    "v" : 5,
    "viewUUID" : "MAINVIEW"
  },
  "partitions" : [ ],
  "resources" : [ {
    "label" : "weather",
    "name" : "weather",
    "node" : {
      "x" : 187.1,
      "y" : 185.5
    },
    "resourceReference" : "/sources/weather",
    "timestamp" : "2023-05-02T23:21:48.943Z",
    "type" : 4
  }, {
    "inventory" : { },
    "label" : "weatherReading",
    "name" : "weatherReading",
    "node" : {
      "x" : 280.8,
      "y" : 309.8
    },
    "resourceReference" : "/rules/weatherReading",
    "timestamp" : "2023-05-02T23:17:41.002Z",
    "type" : 2
  }, {
    "label" : "weatherReading",
    "name" : "weatherReading",
    "node" : {
      "x" : 404.3,
      "y" : 189.6
    },
    "resourceReference" : "/types/weatherReading",
    "timestamp" : "2023-05-02T22:21:06.790Z",
    "type" : 1
  } ],
  "tools" : [ {
    "isPinned" : false,
    "name" : "Errors",
    "type" : 13
  }, {
    "dockLocation" : "top",
    "isPinned" : false,
    "name" : "Inactive Panes",
    "type" : 99
  }, {
    "isPinned" : false,
    "name" : "Project Contents",
    "type" : 2
  }, {
    "isPinned" : false,
    "name" : "Project Description",
    "pane" : {
      "c" : 0,
      "r" : 0
    },
    "state" : 2,
    "type" : 82
  }, {
    "isPinned" : false,
    "name" : "Project Resource Graph",
    "pane" : {
      "c" : -1,
      "r" : -1
    },
    "state" : 4,
    "toolOptions" : {
      "scaleAndTranslationState" : {
        "lastZoomRequest" : 0,
        "scale" : 1.0817445582694492,
        "translate" : [ -36.74068332839454, -107.19522011496353 ]
      }
    },
    "type" : 1
  }, {
    "isPinned" : false,
    "name" : "weather",
    "pane" : {
      "c" : 0,
      "r" : 1
    },
    "resourceKey" : "source/weather",
    "state" : 2,
    "type" : 5
  }, {
    "isPinned" : false,
    "name" : "weatherReading",
    "pane" : {
      "c" : 1,
      "r" : 1
    },
    "resourceKey" : "rule/weatherReading",
    "state" : 2,
    "type" : 3
  }, {
    "isPinned" : false,
    "name" : "weatherReading",
    "pane" : {
      "c" : 1,
      "r" : 0
    },
    "resourceKey" : "type/weatherReading",
    "state" : 2,
    "type" : 6
  } ],
  "type" : "dev",
  "views" : [ {
    "name" : "Project Contents",
    "projectToolKeys" : [ "errorviewer/Errors", "tiledock/Inactive Panes", "list/Project Contents", "projectdescription/Project Description", "graph/Project Resource Graph", "subsourceeditor/weather", "cmeditorrule/weatherReading", "subtypeeditor/weatherReading" ]
  } ]
}
