{
  "frequency" : 1000,
  "name" : "streamEngineSpeed",
  "numOfInserts" : 100,
  "properties" : [ {
    "multi" : false,
    "name" : "speed",
    "required" : true,
    "type" : "Integer",
    "value" : "%R35:55:5%",
    "variation" : "Step"
  }, {
    "multi" : false,
    "name" : "systemId",
    "required" : true,
    "type" : "String",
    "value" : "Auto0123456789",
    "variation" : "None"
  } ],
  "script" : [ {
    "object" : {
      "speed" : 35,
      "systemId" : "Auto0123456789"
    },
    "resourceName" : "EngineSpeed",
    "sendOffset" : 0
  }, {
    "object" : {
      "speed" : 40,
      "systemId" : "Auto0123456789"
    },
    "resourceName" : "EngineSpeed",
    "sendOffset" : 1000
  }, {
    "object" : {
      "speed" : 45,
      "systemId" : "Auto0123456789"
    },
    "resourceName" : "EngineSpeed",
    "sendOffset" : 2000
  }, {
    "object" : {
      "speed" : 50,
      "systemId" : "Auto0123456789"
    },
    "resourceName" : "EngineSpeed",
    "sendOffset" : 3000
  }, {
    "object" : {
      "speed" : 55,
      "systemId" : "Auto0123456789"
    },
    "resourceName" : "EngineSpeed",
    "sendOffset" : 4000
  }, {
    "object" : {
      "speed" : 35,
      "systemId" : "Auto0123456789"
    },
    "resourceName" : "EngineSpeed",
    "sendOffset" : 5000
  }, {
    "object" : {
      "speed" : 40,
      "systemId" : "Auto0123456789"
    },
    "resourceName" : "EngineSpeed",
    "sendOffset" : 6000
  }, {
    "object" : {
      "speed" : 45,
      "systemId" : "Auto0123456789"
    },
    "resourceName" : "EngineSpeed",
    "sendOffset" : 7000
  }, {
    "object" : {
      "speed" : 50,
      "systemId" : "Auto0123456789"
    },
    "resourceName" : "EngineSpeed",
    "sendOffset" : 8000
  }, {
    "object" : {
      "speed" : 55,
      "systemId" : "Auto0123456789"
    },
    "resourceName" : "EngineSpeed",
    "sendOffset" : 9000
  }, {
    "object" : {
      "speed" : 35,
      "systemId" : "Auto0123456789"
    },
    "resourceName" : "EngineSpeed",
    "sendOffset" : 10000
  }, {
    "object" : {
      "speed" : 40,
      "systemId" : "Auto0123456789"
    },
    "resourceName" : "EngineSpeed",
    "sendOffset" : 11000
  }, {
    "object" : {
      "speed" : 45,
      "systemId" : "Auto0123456789"
    },
    "resourceName" : "EngineSpeed",
    "sendOffset" : 12000
  }, {
    "object" : {
      "speed" : 50,
      "systemId" : "Auto0123456789"
    },
    "resourceName" : "EngineSpeed",
    "sendOffset" : 13000
  }, {
    "object" : {
      "speed" : 55,
      "systemId" : "Auto0123456789"
    },
    "resourceName" : "EngineSpeed",
    "sendOffset" : 14000
  }, {
    "object" : {
      "speed" : 35,
      "systemId" : "Auto0123456789"
    },
    "resourceName" : "EngineSpeed",
    "sendOffset" : 15000
  }, {
    "object" : {
      "speed" : 40,
      "systemId" : "Auto0123456789"
    },
    "resourceName" : "EngineSpeed",
    "sendOffset" : 16000
  }, {
    "object" : {
      "speed" : 45,
      "systemId" : "Auto0123456789"
    },
    "resourceName" : "EngineSpeed",
    "sendOffset" : 17000
  }, {
    "object" : {
      "speed" : 50,
      "systemId" : "Auto0123456789"
    },
    "resourceName" : "EngineSpeed",
    "sendOffset" : 18000
  }, {
    "object" : {
      "speed" : 55,
      "systemId" : "Auto0123456789"
    },
    "resourceName" : "EngineSpeed",
    "sendOffset" : 19000
  }, {
    "object" : {
      "speed" : 35,
      "systemId" : "Auto0123456789"
    },
    "resourceName" : "EngineSpeed",
    "sendOffset" : 20000
  }, {
    "object" : {
      "speed" : 40,
      "systemId" : "Auto0123456789"
    },
    "resourceName" : "EngineSpeed",
    "sendOffset" : 21000
  }, {
    "object" : {
      "speed" : 45,
      "systemId" : "Auto0123456789"
    },
    "resourceName" : "EngineSpeed",
    "sendOffset" : 22000
  }, {
    "object" : {
      "speed" : 50,
      "systemId" : "Auto0123456789"
    },
    "resourceName" : "EngineSpeed",
    "sendOffset" : 23000
  }, {
    "object" : {
      "speed" : 55,
      "systemId" : "Auto0123456789"
    },
    "resourceName" : "EngineSpeed",
    "sendOffset" : 24000
  }, {
    "object" : {
      "speed" : 35,
      "systemId" : "Auto0123456789"
    },
    "resourceName" : "EngineSpeed",
    "sendOffset" : 25000
  }, {
    "object" : {
      "speed" : 40,
      "systemId" : "Auto0123456789"
    },
    "resourceName" : "EngineSpeed",
    "sendOffset" : 26000
  }, {
    "object" : {
      "speed" : 45,
      "systemId" : "Auto0123456789"
    },
    "resourceName" : "EngineSpeed",
    "sendOffset" : 27000
  }, {
    "object" : {
      "speed" : 50,
      "systemId" : "Auto0123456789"
    },
    "resourceName" : "EngineSpeed",
    "sendOffset" : 28000
  }, {
    "object" : {
      "speed" : 55,
      "systemId" : "Auto0123456789"
    },
    "resourceName" : "EngineSpeed",
    "sendOffset" : 29000
  }, {
    "object" : {
      "speed" : 35,
      "systemId" : "Auto0123456789"
    },
    "resourceName" : "EngineSpeed",
    "sendOffset" : 30000
  }, {
    "object" : {
      "speed" : 40,
      "systemId" : "Auto0123456789"
    },
    "resourceName" : "EngineSpeed",
    "sendOffset" : 31000
  }, {
    "object" : {
      "speed" : 45,
      "systemId" : "Auto0123456789"
    },
    "resourceName" : "EngineSpeed",
    "sendOffset" : 32000
  }, {
    "object" : {
      "speed" : 50,
      "systemId" : "Auto0123456789"
    },
    "resourceName" : "EngineSpeed",
    "sendOffset" : 33000
  }, {
    "object" : {
      "speed" : 55,
      "systemId" : "Auto0123456789"
    },
    "resourceName" : "EngineSpeed",
    "sendOffset" : 34000
  }, {
    "object" : {
      "speed" : 35,
      "systemId" : "Auto0123456789"
    },
    "resourceName" : "EngineSpeed",
    "sendOffset" : 35000
  }, {
    "object" : {
      "speed" : 40,
      "systemId" : "Auto0123456789"
    },
    "resourceName" : "EngineSpeed",
    "sendOffset" : 36000
  }, {
    "object" : {
      "speed" : 45,
      "systemId" : "Auto0123456789"
    },
    "resourceName" : "EngineSpeed",
    "sendOffset" : 37000
  }, {
    "object" : {
      "speed" : 50,
      "systemId" : "Auto0123456789"
    },
    "resourceName" : "EngineSpeed",
    "sendOffset" : 38000
  }, {
    "object" : {
      "speed" : 55,
      "systemId" : "Auto0123456789"
    },
    "resourceName" : "EngineSpeed",
    "sendOffset" : 39000
  }, {
    "object" : {
      "speed" : 35,
      "systemId" : "Auto0123456789"
    },
    "resourceName" : "EngineSpeed",
    "sendOffset" : 40000
  }, {
    "object" : {
      "speed" : 40,
      "systemId" : "Auto0123456789"
    },
    "resourceName" : "EngineSpeed",
    "sendOffset" : 41000
  }, {
    "object" : {
      "speed" : 45,
      "systemId" : "Auto0123456789"
    },
    "resourceName" : "EngineSpeed",
    "sendOffset" : 42000
  }, {
    "object" : {
      "speed" : 50,
      "systemId" : "Auto0123456789"
    },
    "resourceName" : "EngineSpeed",
    "sendOffset" : 43000
  }, {
    "object" : {
      "speed" : 55,
      "systemId" : "Auto0123456789"
    },
    "resourceName" : "EngineSpeed",
    "sendOffset" : 44000
  }, {
    "object" : {
      "speed" : 35,
      "systemId" : "Auto0123456789"
    },
    "resourceName" : "EngineSpeed",
    "sendOffset" : 45000
  }, {
    "object" : {
      "speed" : 40,
      "systemId" : "Auto0123456789"
    },
    "resourceName" : "EngineSpeed",
    "sendOffset" : 46000
  }, {
    "object" : {
      "speed" : 45,
      "systemId" : "Auto0123456789"
    },
    "resourceName" : "EngineSpeed",
    "sendOffset" : 47000
  }, {
    "object" : {
      "speed" : 50,
      "systemId" : "Auto0123456789"
    },
    "resourceName" : "EngineSpeed",
    "sendOffset" : 48000
  }, {
    "object" : {
      "speed" : 55,
      "systemId" : "Auto0123456789"
    },
    "resourceName" : "EngineSpeed",
    "sendOffset" : 49000
  }, {
    "object" : {
      "speed" : 35,
      "systemId" : "Auto0123456789"
    },
    "resourceName" : "EngineSpeed",
    "sendOffset" : 50000
  }, {
    "object" : {
      "speed" : 40,
      "systemId" : "Auto0123456789"
    },
    "resourceName" : "EngineSpeed",
    "sendOffset" : 51000
  }, {
    "object" : {
      "speed" : 45,
      "systemId" : "Auto0123456789"
    },
    "resourceName" : "EngineSpeed",
    "sendOffset" : 52000
  }, {
    "object" : {
      "speed" : 50,
      "systemId" : "Auto0123456789"
    },
    "resourceName" : "EngineSpeed",
    "sendOffset" : 53000
  }, {
    "object" : {
      "speed" : 55,
      "systemId" : "Auto0123456789"
    },
    "resourceName" : "EngineSpeed",
    "sendOffset" : 54000
  }, {
    "object" : {
      "speed" : 35,
      "systemId" : "Auto0123456789"
    },
    "resourceName" : "EngineSpeed",
    "sendOffset" : 55000
  }, {
    "object" : {
      "speed" : 40,
      "systemId" : "Auto0123456789"
    },
    "resourceName" : "EngineSpeed",
    "sendOffset" : 56000
  }, {
    "object" : {
      "speed" : 45,
      "systemId" : "Auto0123456789"
    },
    "resourceName" : "EngineSpeed",
    "sendOffset" : 57000
  }, {
    "object" : {
      "speed" : 50,
      "systemId" : "Auto0123456789"
    },
    "resourceName" : "EngineSpeed",
    "sendOffset" : 58000
  }, {
    "object" : {
      "speed" : 55,
      "systemId" : "Auto0123456789"
    },
    "resourceName" : "EngineSpeed",
    "sendOffset" : 59000
  }, {
    "object" : {
      "speed" : 35,
      "systemId" : "Auto0123456789"
    },
    "resourceName" : "EngineSpeed",
    "sendOffset" : 60000
  }, {
    "object" : {
      "speed" : 40,
      "systemId" : "Auto0123456789"
    },
    "resourceName" : "EngineSpeed",
    "sendOffset" : 61000
  }, {
    "object" : {
      "speed" : 45,
      "systemId" : "Auto0123456789"
    },
    "resourceName" : "EngineSpeed",
    "sendOffset" : 62000
  }, {
    "object" : {
      "speed" : 50,
      "systemId" : "Auto0123456789"
    },
    "resourceName" : "EngineSpeed",
    "sendOffset" : 63000
  }, {
    "object" : {
      "speed" : 55,
      "systemId" : "Auto0123456789"
    },
    "resourceName" : "EngineSpeed",
    "sendOffset" : 64000
  }, {
    "object" : {
      "speed" : 35,
      "systemId" : "Auto0123456789"
    },
    "resourceName" : "EngineSpeed",
    "sendOffset" : 65000
  }, {
    "object" : {
      "speed" : 40,
      "systemId" : "Auto0123456789"
    },
    "resourceName" : "EngineSpeed",
    "sendOffset" : 66000
  }, {
    "object" : {
      "speed" : 45,
      "systemId" : "Auto0123456789"
    },
    "resourceName" : "EngineSpeed",
    "sendOffset" : 67000
  }, {
    "object" : {
      "speed" : 50,
      "systemId" : "Auto0123456789"
    },
    "resourceName" : "EngineSpeed",
    "sendOffset" : 68000
  }, {
    "object" : {
      "speed" : 55,
      "systemId" : "Auto0123456789"
    },
    "resourceName" : "EngineSpeed",
    "sendOffset" : 69000
  }, {
    "object" : {
      "speed" : 35,
      "systemId" : "Auto0123456789"
    },
    "resourceName" : "EngineSpeed",
    "sendOffset" : 70000
  }, {
    "object" : {
      "speed" : 40,
      "systemId" : "Auto0123456789"
    },
    "resourceName" : "EngineSpeed",
    "sendOffset" : 71000
  }, {
    "object" : {
      "speed" : 45,
      "systemId" : "Auto0123456789"
    },
    "resourceName" : "EngineSpeed",
    "sendOffset" : 72000
  }, {
    "object" : {
      "speed" : 50,
      "systemId" : "Auto0123456789"
    },
    "resourceName" : "EngineSpeed",
    "sendOffset" : 73000
  }, {
    "object" : {
      "speed" : 55,
      "systemId" : "Auto0123456789"
    },
    "resourceName" : "EngineSpeed",
    "sendOffset" : 74000
  }, {
    "object" : {
      "speed" : 35,
      "systemId" : "Auto0123456789"
    },
    "resourceName" : "EngineSpeed",
    "sendOffset" : 75000
  }, {
    "object" : {
      "speed" : 40,
      "systemId" : "Auto0123456789"
    },
    "resourceName" : "EngineSpeed",
    "sendOffset" : 76000
  }, {
    "object" : {
      "speed" : 45,
      "systemId" : "Auto0123456789"
    },
    "resourceName" : "EngineSpeed",
    "sendOffset" : 77000
  }, {
    "object" : {
      "speed" : 50,
      "systemId" : "Auto0123456789"
    },
    "resourceName" : "EngineSpeed",
    "sendOffset" : 78000
  }, {
    "object" : {
      "speed" : 55,
      "systemId" : "Auto0123456789"
    },
    "resourceName" : "EngineSpeed",
    "sendOffset" : 79000
  }, {
    "object" : {
      "speed" : 35,
      "systemId" : "Auto0123456789"
    },
    "resourceName" : "EngineSpeed",
    "sendOffset" : 80000
  }, {
    "object" : {
      "speed" : 40,
      "systemId" : "Auto0123456789"
    },
    "resourceName" : "EngineSpeed",
    "sendOffset" : 81000
  }, {
    "object" : {
      "speed" : 45,
      "systemId" : "Auto0123456789"
    },
    "resourceName" : "EngineSpeed",
    "sendOffset" : 82000
  }, {
    "object" : {
      "speed" : 50,
      "systemId" : "Auto0123456789"
    },
    "resourceName" : "EngineSpeed",
    "sendOffset" : 83000
  }, {
    "object" : {
      "speed" : 55,
      "systemId" : "Auto0123456789"
    },
    "resourceName" : "EngineSpeed",
    "sendOffset" : 84000
  }, {
    "object" : {
      "speed" : 35,
      "systemId" : "Auto0123456789"
    },
    "resourceName" : "EngineSpeed",
    "sendOffset" : 85000
  }, {
    "object" : {
      "speed" : 40,
      "systemId" : "Auto0123456789"
    },
    "resourceName" : "EngineSpeed",
    "sendOffset" : 86000
  }, {
    "object" : {
      "speed" : 45,
      "systemId" : "Auto0123456789"
    },
    "resourceName" : "EngineSpeed",
    "sendOffset" : 87000
  }, {
    "object" : {
      "speed" : 50,
      "systemId" : "Auto0123456789"
    },
    "resourceName" : "EngineSpeed",
    "sendOffset" : 88000
  }, {
    "object" : {
      "speed" : 55,
      "systemId" : "Auto0123456789"
    },
    "resourceName" : "EngineSpeed",
    "sendOffset" : 89000
  }, {
    "object" : {
      "speed" : 35,
      "systemId" : "Auto0123456789"
    },
    "resourceName" : "EngineSpeed",
    "sendOffset" : 90000
  }, {
    "object" : {
      "speed" : 40,
      "systemId" : "Auto0123456789"
    },
    "resourceName" : "EngineSpeed",
    "sendOffset" : 91000
  }, {
    "object" : {
      "speed" : 45,
      "systemId" : "Auto0123456789"
    },
    "resourceName" : "EngineSpeed",
    "sendOffset" : 92000
  }, {
    "object" : {
      "speed" : 50,
      "systemId" : "Auto0123456789"
    },
    "resourceName" : "EngineSpeed",
    "sendOffset" : 93000
  }, {
    "object" : {
      "speed" : 55,
      "systemId" : "Auto0123456789"
    },
    "resourceName" : "EngineSpeed",
    "sendOffset" : 94000
  }, {
    "object" : {
      "speed" : 35,
      "systemId" : "Auto0123456789"
    },
    "resourceName" : "EngineSpeed",
    "sendOffset" : 95000
  }, {
    "object" : {
      "speed" : 40,
      "systemId" : "Auto0123456789"
    },
    "resourceName" : "EngineSpeed",
    "sendOffset" : 96000
  }, {
    "object" : {
      "speed" : 45,
      "systemId" : "Auto0123456789"
    },
    "resourceName" : "EngineSpeed",
    "sendOffset" : 97000
  }, {
    "object" : {
      "speed" : 50,
      "systemId" : "Auto0123456789"
    },
    "resourceName" : "EngineSpeed",
    "sendOffset" : 98000
  }, {
    "object" : {
      "speed" : 55,
      "systemId" : "Auto0123456789"
    },
    "resourceName" : "EngineSpeed",
    "sendOffset" : 99000
  } ],
  "type" : "EngineSpeed"
}