{
  "active" : true,
  "ars_relationships" : [ ],
  "description" : null,
  "eventTypes" : {
    "SendToControlSystem0" : {
      "direction" : "OUTBOUND"
    },
    "UpdateState0" : {
      "direction" : "INBOUND",
      "implementingResource" : "/collaborationtypes/com.vantiq.pothole.Pothole.UpdateState0/Update"
    }
  },
  "globalType" : "com.vantiq.pothole.Pothole.GlobalState",
  "interface" : [ {
    "name" : "computeRequiredChange",
    "parameters" : [ {
      "description" : null,
      "multi" : false,
      "name" : "event",
      "required" : false,
      "type" : "Object"
    } ]
  }, {
    "name" : "getTargetValue",
    "parameters" : [ ]
  }, {
    "name" : "setTargetValue",
    "parameters" : [ {
      "description" : null,
      "multi" : false,
      "name" : "target",
      "required" : false,
      "type" : null
    } ]
  } ],
  "internalEventHandlers" : [ ],
  "name" : "com.vantiq.pothole.Pothole",
  "partitionedType" : null,
  "replicationFactor" : 1,
  "scheduledProcedures" : { }
}