{
  "ars_relationships" : [ ],
  "links" : [ {
    "source" : "services/com.vantiq.genai.TutorialService",
    "target" : "document/com.vantiq.genai.TutorialService.js"
  }, {
    "source" : "services/com.vantiq.genai.TutorialService",
    "target" : "procedure/com.vantiq.genai.TutorialService.tellAJoke"
  }, {
    "source" : "procedure/com.vantiq.genai.TutorialService.tellAJoke",
    "target" : "services/com.vantiq.genai.TutorialService"
  }, {
    "source" : "semanticindex/com.vantiq.genai.TutorialIndex",
    "target" : "llm/SentenceTransformer"
  }, {
    "source" : "services/com.vantiq.genai.TutorialService",
    "target" : "procedure/com.vantiq.genai.TutorialService.simpleRag"
  }, {
    "source" : "procedure/com.vantiq.genai.TutorialService.simpleRag",
    "target" : "services/com.vantiq.genai.TutorialService"
  }, {
    "source" : "services/com.vantiq.genai.TutorialService",
    "target" : "procedure/com.vantiq.genai.TutorialService.workedAtForte"
  }, {
    "source" : "procedure/com.vantiq.genai.TutorialService.workedAtForte",
    "target" : "services/com.vantiq.genai.TutorialService"
  }, {
    "source" : "services/com.vantiq.genai.TutorialService",
    "target" : "procedure/com.vantiq.genai.TutorialService.runtimeConfig"
  }, {
    "source" : "procedure/com.vantiq.genai.TutorialService.runtimeConfig",
    "target" : "services/com.vantiq.genai.TutorialService"
  }, {
    "source" : "services/com.vantiq.genai.TutorialService",
    "target" : "procedure/com.vantiq.genai.TutorialService.startConversation"
  }, {
    "source" : "procedure/com.vantiq.genai.TutorialService.startConversation",
    "target" : "services/com.vantiq.genai.TutorialService"
  }, {
    "source" : "services/com.vantiq.genai.TutorialService",
    "target" : "procedure/com.vantiq.genai.TutorialService.getConversation"
  }, {
    "source" : "procedure/com.vantiq.genai.TutorialService.getConversation",
    "target" : "services/com.vantiq.genai.TutorialService"
  }, {
    "source" : "services/com.vantiq.genai.TutorialService",
    "target" : "procedure/com.vantiq.genai.TutorialService.resetConversation"
  }, {
    "source" : "procedure/com.vantiq.genai.TutorialService.resetConversation",
    "target" : "services/com.vantiq.genai.TutorialService"
  }, {
    "source" : "procedure/com.vantiq.genai.TutorialService.endConversation",
    "target" : "services/com.vantiq.genai.TutorialService"
  }, {
    "source" : "services/com.vantiq.genai.TutorialService",
    "target" : "procedure/com.vantiq.genai.TutorialService.endConversation"
  }, {
    "source" : "services/com.vantiq.genai.TutorialService",
    "target" : "procedure/com.vantiq.genai.TutorialService.simpleConversation"
  }, {
    "source" : "procedure/com.vantiq.genai.TutorialService.simpleConversation",
    "target" : "services/com.vantiq.genai.TutorialService"
  }, {
    "source" : "services/com.vantiq.genai.TutorialService",
    "target" : "procedure/com.vantiq.genai.TutorialService.configuredConversation"
  }, {
    "source" : "procedure/com.vantiq.genai.TutorialService.configuredConversation",
    "target" : "services/com.vantiq.genai.TutorialService"
  }, {
    "source" : "services/com.vantiq.genai.TutorialService",
    "target" : "procedure/com.vantiq.genai.TutorialService.choosePrompt"
  }, {
    "source" : "procedure/com.vantiq.genai.TutorialService.choosePrompt",
    "target" : "services/com.vantiq.genai.TutorialService"
  }, {
    "source" : "services/com.vantiq.genai.TutorialService",
    "target" : "procedure/com.vantiq.genai.TutorialService.loadFromUrl"
  }, {
    "source" : "procedure/com.vantiq.genai.TutorialService.loadFromUrl",
    "target" : "services/com.vantiq.genai.TutorialService"
  }, {
    "source" : "semanticindex/com.vantiq.genai.TestLoadingIndex",
    "target" : "llm/SentenceTransformer"
  }, {
    "source" : "genaiflow/com.vantiq.genai.TutorialService:loadFromUrl",
    "target" : "semanticindex/com.vantiq.genai.TestLoadingIndex"
  }, {
    "source" : "genaiflow/com.vantiq.genai.TutorialService:storeTutorialEntry",
    "target" : "semanticindex/com.vantiq.genai.TutorialIndex"
  }, {
    "source" : "services/com.vantiq.genai.TutorialService",
    "target" : "procedure/com.vantiq.genai.TutorialService.storeTutorialEntry"
  }, {
    "source" : "procedure/com.vantiq.genai.TutorialService.storeTutorialEntry",
    "target" : "services/com.vantiq.genai.TutorialService"
  }, {
    "source" : "services/com.vantiq.genai.TutorialService",
    "target" : "procedure/com.vantiq.genai.TutorialService.loadIndexContent"
  }, {
    "source" : "procedure/com.vantiq.genai.TutorialService.loadIndexContent",
    "target" : "services/com.vantiq.genai.TutorialService"
  }, {
    "source" : "procedure/com.vantiq.genai.TutorialService.loadIndexContent",
    "target" : "procedure/com.vantiq.genai.TutorialService.storeTutorialEntry"
  } ],
  "name" : "genAITutorial",
  "options" : {
    "description" : "This project contains the service and supporting resources created during the [GenAI Builder Tutorial](/docs/system/tutorials/genaibuilder/index.html).  It demonstrates how to use the [Gen AI Builder](/docs/system/genaibuilder/index.html) to construct custom GenAI functionality for your applications.  \n\nTo use the examples provided by the service you will need to:\n\n1. Create the secret `OPENAI_KEY` containing a valid OpenAI API key.\n1. Load the semantic index with the content as described in the tutorial.",
    "dockCollapsed" : {
      "bottom" : false,
      "left" : true,
      "right" : false,
      "top" : false,
      "viewtabs" : false
    },
    "dockDimensions" : {
      "bottom" : 200,
      "debug" : [ 0, 0, 0 ],
      "left" : 210,
      "right" : 220,
      "top" : 0,
      "viewtabs" : 0
    },
    "filterBitArray" : "ffffffffffffffffffffffffffffffff",
    "isModeloProject" : true,
    "layoutStyle" : "flex",
    "openFolders" : [ "com.vantiq.genai", "com.vantiq.genai/semanticindex", "document", "llm" ],
    "partitionsSettings" : { },
    "rootViewFlavor" : 5,
    "showGrid" : true,
    "structure" : {
      "fraction" : 1,
      "groups" : [ {
        "fraction" : 0.75,
        "type" : "L[6]"
      }, {
        "fraction" : 0.25,
        "type" : "L[1]"
      } ],
      "type" : "RH"
    },
    "type" : "dev",
    "v" : 6,
    "viewUUID" : "MAINVIEW"
  },
  "partitions" : [ ],
  "resources" : [ {
    "label" : "GPT3",
    "name" : "GPT3",
    "resourceReference" : "/system.llms/GPT3",
    "timestamp" : "2024-08-19T21:55:07.759Z",
    "type" : 80
  }, {
    "label" : "SentenceTransformer",
    "name" : "SentenceTransformer",
    "resourceReference" : "/system.llms/SentenceTransformer",
    "timestamp" : "2024-08-19T21:55:07.759Z",
    "type" : 80
  }, {
    "name" : "com.vantiq.genai.TestLoadingIndex",
    "resourceReference" : "/system.semanticindexes/com.vantiq.genai.TestLoadingIndex",
    "timestamp" : "2024-08-19T22:08:24.426Z",
    "type" : 79
  }, {
    "label" : "com.vantiq.genai.TutorialIndex",
    "name" : "com.vantiq.genai.TutorialIndex",
    "resourceReference" : "/system.semanticindexes/com.vantiq.genai.TutorialIndex",
    "timestamp" : "2024-08-19T21:55:07.799Z",
    "type" : 79
  }, {
    "label" : "com.vantiq.genai.TutorialService",
    "name" : "com.vantiq.genai.TutorialService",
    "resourceReference" : "/services/com.vantiq.genai.TutorialService",
    "timestamp" : "2024-08-19T22:19:47.664Z",
    "type" : 63
  }, {
    "label" : "com.vantiq.genai.TutorialService.choosePrompt",
    "name" : "com.vantiq.genai.TutorialService.choosePrompt",
    "packageName" : "com.vantiq.genai",
    "procedureName" : "choosePrompt",
    "resourceReference" : "/procedures/com.vantiq.genai.TutorialService.choosePrompt",
    "serviceName" : "TutorialService",
    "timestamp" : "2024-08-19T21:55:10.341Z",
    "type" : 3
  }, {
    "label" : "com.vantiq.genai.TutorialService.configuredConversation",
    "name" : "com.vantiq.genai.TutorialService.configuredConversation",
    "packageName" : "com.vantiq.genai",
    "procedureName" : "configuredConversation",
    "resourceReference" : "/procedures/com.vantiq.genai.TutorialService.configuredConversation",
    "serviceName" : "TutorialService",
    "timestamp" : "2024-08-19T21:55:10.277Z",
    "type" : 3
  }, {
    "label" : "com.vantiq.genai.TutorialService.endConversation",
    "name" : "com.vantiq.genai.TutorialService.endConversation",
    "packageName" : "com.vantiq.genai",
    "procedureName" : "endConversation",
    "resourceReference" : "/procedures/com.vantiq.genai.TutorialService.endConversation",
    "serviceName" : "TutorialService",
    "timestamp" : "2024-08-19T21:55:10.019Z",
    "type" : 3
  }, {
    "label" : "com.vantiq.genai.TutorialService.getConversation",
    "name" : "com.vantiq.genai.TutorialService.getConversation",
    "packageName" : "com.vantiq.genai",
    "procedureName" : "getConversation",
    "resourceReference" : "/procedures/com.vantiq.genai.TutorialService.getConversation",
    "serviceName" : "TutorialService",
    "timestamp" : "2024-08-19T21:55:09.875Z",
    "type" : 3
  }, {
    "label" : "com.vantiq.genai.TutorialService.js",
    "name" : "com.vantiq.genai.TutorialService.js",
    "resourceReference" : "/documents/com.vantiq.genai.TutorialService.js",
    "timestamp" : "2024-08-19T21:55:11.595Z",
    "type" : 19
  }, {
    "name" : "com.vantiq.genai.TutorialService.loadFromUrl",
    "packageName" : "com.vantiq.genai",
    "procedureName" : "loadFromUrl",
    "resourceReference" : "/procedures/com.vantiq.genai.TutorialService.loadFromUrl",
    "serviceName" : "TutorialService",
    "timestamp" : "2024-08-19T21:57:13.132Z",
    "type" : 3
  }, {
    "name" : "com.vantiq.genai.TutorialService.loadIndexContent",
    "packageName" : "com.vantiq.genai",
    "procedureName" : "loadIndexContent",
    "resourceReference" : "/procedures/com.vantiq.genai.TutorialService.loadIndexContent",
    "serviceName" : "TutorialService",
    "timestamp" : "2024-08-19T22:19:47.425Z",
    "type" : 3
  }, {
    "label" : "com.vantiq.genai.TutorialService.resetConversation",
    "name" : "com.vantiq.genai.TutorialService.resetConversation",
    "packageName" : "com.vantiq.genai",
    "procedureName" : "resetConversation",
    "resourceReference" : "/procedures/com.vantiq.genai.TutorialService.resetConversation",
    "serviceName" : "TutorialService",
    "timestamp" : "2024-08-19T21:55:10.130Z",
    "type" : 3
  }, {
    "label" : "com.vantiq.genai.TutorialService.runtimeConfig",
    "name" : "com.vantiq.genai.TutorialService.runtimeConfig",
    "packageName" : "com.vantiq.genai",
    "procedureName" : "runtimeConfig",
    "resourceReference" : "/procedures/com.vantiq.genai.TutorialService.runtimeConfig",
    "serviceName" : "TutorialService",
    "timestamp" : "2024-08-19T21:55:10.346Z",
    "type" : 3
  }, {
    "label" : "com.vantiq.genai.TutorialService.simpleConversation",
    "name" : "com.vantiq.genai.TutorialService.simpleConversation",
    "packageName" : "com.vantiq.genai",
    "procedureName" : "simpleConversation",
    "resourceReference" : "/procedures/com.vantiq.genai.TutorialService.simpleConversation",
    "serviceName" : "TutorialService",
    "timestamp" : "2024-08-19T21:55:10.331Z",
    "type" : 3
  }, {
    "label" : "com.vantiq.genai.TutorialService.simpleRag",
    "name" : "com.vantiq.genai.TutorialService.simpleRag",
    "packageName" : "com.vantiq.genai",
    "procedureName" : "simpleRag",
    "resourceReference" : "/procedures/com.vantiq.genai.TutorialService.simpleRag",
    "serviceName" : "TutorialService",
    "timestamp" : "2024-08-19T21:55:10.296Z",
    "type" : 3
  }, {
    "label" : "com.vantiq.genai.TutorialService.startConversation",
    "name" : "com.vantiq.genai.TutorialService.startConversation",
    "packageName" : "com.vantiq.genai",
    "procedureName" : "startConversation",
    "resourceReference" : "/procedures/com.vantiq.genai.TutorialService.startConversation",
    "serviceName" : "TutorialService",
    "timestamp" : "2024-08-19T21:55:10.127Z",
    "type" : 3
  }, {
    "name" : "com.vantiq.genai.TutorialService.storeTutorialEntry",
    "packageName" : "com.vantiq.genai",
    "procedureName" : "storeTutorialEntry",
    "resourceReference" : "/procedures/com.vantiq.genai.TutorialService.storeTutorialEntry",
    "serviceName" : "TutorialService",
    "timestamp" : "2024-08-19T22:17:20.130Z",
    "type" : 3
  }, {
    "label" : "com.vantiq.genai.TutorialService.tellAJoke",
    "name" : "com.vantiq.genai.TutorialService.tellAJoke",
    "packageName" : "com.vantiq.genai",
    "procedureName" : "tellAJoke",
    "resourceReference" : "/procedures/com.vantiq.genai.TutorialService.tellAJoke",
    "serviceName" : "TutorialService",
    "timestamp" : "2024-08-19T21:55:10.371Z",
    "type" : 3
  }, {
    "label" : "com.vantiq.genai.TutorialService.workedAtForte",
    "name" : "com.vantiq.genai.TutorialService.workedAtForte",
    "packageName" : "com.vantiq.genai",
    "procedureName" : "workedAtForte",
    "resourceReference" : "/procedures/com.vantiq.genai.TutorialService.workedAtForte",
    "serviceName" : "TutorialService",
    "timestamp" : "2024-08-19T21:55:10.227Z",
    "type" : 3
  }, {
    "label" : "com.vantiq.genai.TutorialService:choosePrompt",
    "name" : "com.vantiq.genai.TutorialService:choosePrompt",
    "resourceReference" : "/system.genaiflows/com.vantiq.genai.TutorialService:choosePrompt",
    "timestamp" : "2024-08-19T21:55:10.784Z",
    "type" : 81
  }, {
    "label" : "com.vantiq.genai.TutorialService:configuredConversation",
    "name" : "com.vantiq.genai.TutorialService:configuredConversation",
    "resourceReference" : "/system.genaiflows/com.vantiq.genai.TutorialService:configuredConversation",
    "timestamp" : "2024-08-19T21:55:10.765Z",
    "type" : 81
  }, {
    "name" : "com.vantiq.genai.TutorialService:loadFromUrl",
    "resourceReference" : "/system.genaiflows/com.vantiq.genai.TutorialService:loadFromUrl",
    "timestamp" : "2024-08-19T22:18:20.769Z",
    "type" : 81
  }, {
    "label" : "com.vantiq.genai.TutorialService:runtimeConfig",
    "name" : "com.vantiq.genai.TutorialService:runtimeConfig",
    "resourceReference" : "/system.genaiflows/com.vantiq.genai.TutorialService:runtimeConfig",
    "timestamp" : "2024-08-19T21:55:10.783Z",
    "type" : 81
  }, {
    "label" : "com.vantiq.genai.TutorialService:simpleConversation",
    "name" : "com.vantiq.genai.TutorialService:simpleConversation",
    "resourceReference" : "/system.genaiflows/com.vantiq.genai.TutorialService:simpleConversation",
    "timestamp" : "2024-08-19T21:55:10.856Z",
    "type" : 81
  }, {
    "label" : "com.vantiq.genai.TutorialService:simpleRag",
    "name" : "com.vantiq.genai.TutorialService:simpleRag",
    "resourceReference" : "/system.genaiflows/com.vantiq.genai.TutorialService:simpleRag",
    "timestamp" : "2024-08-19T21:55:10.852Z",
    "type" : 81
  }, {
    "name" : "com.vantiq.genai.TutorialService:storeTutorialEntry",
    "resourceReference" : "/system.genaiflows/com.vantiq.genai.TutorialService:storeTutorialEntry",
    "timestamp" : "2024-08-19T22:18:20.604Z",
    "type" : 81
  }, {
    "label" : "com.vantiq.genai.TutorialService:tellAJoke",
    "name" : "com.vantiq.genai.TutorialService:tellAJoke",
    "resourceReference" : "/system.genaiflows/com.vantiq.genai.TutorialService:tellAJoke",
    "timestamp" : "2024-08-19T21:55:10.807Z",
    "type" : 81
  }, {
    "label" : "com.vantiq.genai.TutorialService:workedAtForte",
    "name" : "com.vantiq.genai.TutorialService:workedAtForte",
    "resourceReference" : "/system.genaiflows/com.vantiq.genai.TutorialService:workedAtForte",
    "timestamp" : "2024-08-19T21:55:11.703Z",
    "type" : 81
  }, {
    "label" : "com.vantiq.genai.TutorialService:workedAtForte",
    "name" : "com.vantiq.genai.TutorialService:workedAtForte",
    "resourceReference" : "/system.genaiflows/com.vantiq.genai.TutorialService:workedAtForte",
    "timestamp" : "2024-08-19T21:55:11.703Z",
    "type" : 81
  }, {
    "label" : "promptWithHistory.txt",
    "name" : "promptWithHistory.txt",
    "resourceReference" : "/documents/promptWithHistory.txt",
    "timestamp" : "2024-08-19T21:55:09.276Z",
    "type" : 19
  }, {
    "label" : "ragPrompt.txt",
    "name" : "ragPrompt.txt",
    "resourceReference" : "/documents/ragPrompt.txt",
    "timestamp" : "2024-08-19T21:55:09.276Z",
    "type" : 19
  }, {
    "label" : "ragPromptBoolean.txt",
    "name" : "ragPromptBoolean.txt",
    "resourceReference" : "/documents/ragPromptBoolean.txt",
    "timestamp" : "2024-08-19T21:55:09.276Z",
    "type" : 19
  }, {
    "label" : "ragPromptJson.txt",
    "name" : "ragPromptJson.txt",
    "resourceReference" : "/documents/ragPromptJson.txt",
    "timestamp" : "2024-08-19T21:55:09.276Z",
    "type" : 19
  } ],
  "tools" : [ {
    "isPinned" : false,
    "name" : "Documents",
    "pane" : {
      "address" : "RH[0]/L[4]"
    },
    "state" : 8,
    "type" : 26
  }, {
    "isPinned" : false,
    "name" : "Errors",
    "type" : 13
  }, {
    "isPinned" : false,
    "name" : "GPT3",
    "pane" : {
      "address" : "RH[0]/L[5]"
    },
    "resourceKey" : "llm/GPT3",
    "state" : 8,
    "type" : 9
  }, {
    "dockLocation" : "top",
    "isPinned" : false,
    "name" : "Inactive Panes",
    "type" : 99
  }, {
    "isPinned" : false,
    "name" : "Project Contents",
    "type" : 2
  }, {
    "isPinned" : false,
    "name" : "Project Description",
    "pane" : {
      "address" : "RH[1]/L[0]",
      "isActive" : true
    },
    "state" : 8,
    "type" : 82
  }, {
    "isPinned" : false,
    "name" : "Secrets",
    "pane" : {
      "address" : "RH[0]/L[3]"
    },
    "state" : 8,
    "type" : 83
  }, {
    "isPinned" : false,
    "name" : "SentenceTransformer",
    "pane" : {
      "address" : "RH[0]/L[2]"
    },
    "resourceKey" : "llm/SentenceTransformer",
    "state" : 8,
    "type" : 9
  }, {
    "isPinned" : false,
    "name" : "com.vantiq.genai.TutorialIndex",
    "pane" : {
      "address" : "RH[0]/L[1]"
    },
    "resourceKey" : "semanticindex/com.vantiq.genai.TutorialIndex",
    "state" : 8,
    "type" : 10
  }, {
    "isPinned" : false,
    "name" : "com.vantiq.genai.TutorialService",
    "pane" : {
      "address" : "RH[0]/L[0]",
      "isActive" : true,
      "isActiveTool" : true
    },
    "resourceKey" : "services/com.vantiq.genai.TutorialService",
    "state" : 8,
    "type" : 109
  } ],
  "type" : "dev",
  "views" : [ {
    "name" : "Project Contents",
    "projectToolKeys" : [ "documents/Documents", "errorviewer/Errors", "llmeeditor/GPT3", "tiledock/Inactive Panes", "list/Project Contents", "projectdescription/Project Description", "secretlist/Secrets", "llmeeditor/SentenceTransformer", "semanticindexeditor/com.vantiq.genai.TutorialIndex", "services/com.vantiq.genai.TutorialService" ]
  } ]
}
