{
  "links" : [ {
    "source" : "type/Store",
    "target" : "rule/checkInventory"
  }, {
    "source" : "type/Store",
    "target" : "client/DeploymentClient"
  }, {
    "source" : "client/DeploymentClient",
    "target" : "topic//my/response/topic"
  }, {
    "source" : "app/distributeProductApp",
    "target" : "procedure/shipToStore"
  }, {
    "source" : "procedure/pickupProducts",
    "target" : "type/Store"
  }, {
    "source" : "procedure/shipToStore",
    "target" : "procedure/pickupProducts"
  }, {
    "source" : "rule/checkInventory",
    "target" : "topic//NewOrder"
  }, {
    "source" : "topic//NewOrder",
    "target" : "app/distributeProductApp"
  } ],
  "name" : "DeploymentTutorial",
  "options" : {
    "description" : "This project is used by the Deployment Tutorial to demo the capability of Deployment Tool.\n\nThis sample application simulates inventory checking on a store and asks the factory for more products when inventory is low. The factory will also notify the store when more products are shipped.",
    "dockCollapsed" : false,
    "dockSort" : 1,
    "filterBitArray" : "ffffffffffffffffffffffffffffffff",
    "isModeloProject" : true,
    "layoutStyle" : "tile",
    "showGrid" : true,
    "tileColumns" : 2,
    "tileRows" : 2,
    "v" : 2
  },
  "resources" : [ {
    "name" : "/NewOrder",
    "node" : {
      "x" : 487.72927121291696,
      "y" : 80.2486184358219
    },
    "type" : 10
  }, {
    "label" : "/my/response/topic",
    "name" : "/my/response/topic",
    "node" : {
      "x" : 114.36833098354597,
      "y" : 356.4558786668963
    },
    "type" : 10
  }, {
    "inventory" : {
      "appmodelHash" : [ ],
      "appmodels" : [ ],
      "clientHash" : [ ],
      "clients" : [ ],
      "collaborationHash" : [ ],
      "collaborations" : [ ],
      "pagesetHash" : [ ],
      "pagesets" : [ ],
      "procedureHash" : [ ],
      "procedures" : [ ],
      "sourceHash" : [ ],
      "sources" : [ ],
      "systemmodelHash" : [ ],
      "systemmodels" : [ ],
      "topicHash" : [ "out" ],
      "topics" : [ "/my/response/topic" ],
      "typeHash" : [ "in" ],
      "types" : [ "Store" ]
    },
    "label" : "DeploymentClient",
    "name" : "DeploymentClient",
    "node" : {
      "x" : 109.01150773670173,
      "y" : 296.63602927328157
    },
    "timestamp" : "2018-10-17T19:47:09.468Z",
    "type" : 15
  }, {
    "label" : "Store",
    "name" : "Store",
    "node" : {
      "x" : 96.4348637253596,
      "y" : 223.88527533827852
    },
    "timestamp" : "2018-10-01T22:11:02.449Z",
    "type" : 1
  }, {
    "inventory" : {
      "appmodelHash" : [ ],
      "appmodels" : [ ],
      "clientHash" : [ ],
      "clients" : [ ],
      "collaborationHash" : [ ],
      "collaborations" : [ ],
      "pagesetHash" : [ ],
      "pagesets" : [ ],
      "procedureHash" : [ ],
      "procedures" : [ ],
      "sourceHash" : [ ],
      "sources" : [ ],
      "systemmodelHash" : [ ],
      "systemmodels" : [ ],
      "topicHash" : [ "out" ],
      "topics" : [ "/NewOrder" ],
      "typeHash" : [ "in" ],
      "types" : [ "Store" ]
    },
    "label" : "checkInventory",
    "name" : "checkInventory",
    "node" : {
      "x" : 93.74286788381573,
      "y" : 144.2319110058105
    },
    "timestamp" : "2018-10-24T18:59:09.523Z",
    "type" : 2
  }, {
    "inventory" : {
      "appmodelHash" : [ ],
      "appmodels" : [ ],
      "clientHash" : [ ],
      "clients" : [ ],
      "collaborationHash" : [ ],
      "collaborations" : [ ],
      "pagesetHash" : [ ],
      "pagesets" : [ ],
      "procedureHash" : [ "out" ],
      "procedures" : [ "shipToStore" ],
      "sourceHash" : [ ],
      "sources" : [ ],
      "systemmodelHash" : [ ],
      "systemmodels" : [ ],
      "topicHash" : [ "in" ],
      "topics" : [ "/NewOrder" ],
      "typeHash" : [ ],
      "types" : [ ]
    },
    "label" : "distributeProductApp",
    "name" : "distributeProductApp",
    "node" : {
      "x" : 506.1974170181859,
      "y" : 132.5092707002417
    },
    "timestamp" : "2018-10-11T22:26:27.805Z",
    "type" : 12
  }, {
    "inventory" : {
      "appmodelHash" : [ ],
      "appmodels" : [ ],
      "clientHash" : [ ],
      "clients" : [ ],
      "collaborationHash" : [ ],
      "collaborations" : [ ],
      "pagesetHash" : [ ],
      "pagesets" : [ ],
      "procedureHash" : [ ],
      "procedures" : [ ],
      "sourceHash" : [ ],
      "sources" : [ ],
      "systemmodelHash" : [ ],
      "systemmodels" : [ ],
      "topicHash" : [ ],
      "topics" : [ ],
      "typeHash" : [ "both" ],
      "types" : [ "Store" ]
    },
    "label" : "pickupProducts",
    "name" : "pickupProducts",
    "node" : {
      "x" : 294.9193769547947,
      "y" : 259.09332613797864
    },
    "timestamp" : "2018-10-11T22:18:03.688Z",
    "type" : 3
  }, {
    "inventory" : {
      "appmodelHash" : [ ],
      "appmodels" : [ ],
      "clientHash" : [ ],
      "clients" : [ ],
      "collaborationHash" : [ ],
      "collaborations" : [ ],
      "pagesetHash" : [ ],
      "pagesets" : [ ],
      "procedureHash" : [ "out" ],
      "procedures" : [ "pickupProducts" ],
      "sourceHash" : [ ],
      "sources" : [ ],
      "systemmodelHash" : [ ],
      "systemmodels" : [ ],
      "topicHash" : [ ],
      "topics" : [ ],
      "typeHash" : [ ],
      "types" : [ ]
    },
    "label" : "shipToStore",
    "name" : "shipToStore",
    "node" : {
      "x" : 508.5719611565553,
      "y" : 183.30647904254204
    },
    "timestamp" : "2018-10-24T18:56:55.901Z",
    "type" : 3
  } ],
  "tools" : [ {
    "isPinned" : false,
    "name" : "Project Resource Graph",
    "pane" : {
      "c" : 0,
      "lastUsed" : 1540407604361,
      "r" : 0
    },
    "toolOptions" : {
      "scaleAndTranslationState" : {
        "lastZoomRequest" : 3,
        "scale" : 0.8470638231549134,
        "translate" : [ 60.81272273574251, -2.4582844930839087 ]
      }
    },
    "type" : 1
  }, {
    "isPinned" : false,
    "name" : "testDeploy",
    "pane" : {
      "h" : 600,
      "w" : 950,
      "x" : 20,
      "y" : 440
    },
    "type" : 86
  }, {
    "isPinned" : false,
    "name" : "Project Description",
    "pane" : {
      "c" : 1,
      "lastUsed" : 1540407606530,
      "r" : 0
    },
    "type" : 82
  } ],
  "type" : "dev",
  "views" : [ {
    "name" : "Main",
    "projectToolKeys" : [ "graph/Project Resource Graph", "projectdescription/Project Description" ]
  } ]
}